video_id	side	t_sec	game_idx	frame_idx	chain_count_off	chain_count_on	total_erased_off	total_erased_on	total_ojama_off	total_ojama_on
29	1P	320.30	2	9609	1	0	4	0	0	0
29	1P	320.77	2	9623	1	0	4	0	0	0
29	1P	323.53	2	9706	1	0	4	0	1	0
30	1P	1417.17	21	85030	1	0	4	0	3	0
30	2P	2282.00	39	136920	1	0	4	0	3	0
30	2P	2282.63	39	136958	1	0	4	0	3	0
31	2P	930.83	14	55850	1	1	5	4	0	0
31	2P	2959.97	48	177598	1	1	5	4	5	5
32	1P	867.30	6	52038	1	0	4	0	0	0
32	1P	872.07	6	52324	1	1	6	5	0	0
32	1P	872.10	6	52326	1	1	7	6	2	2
32	1P	1465.27	18	87916	1	0	4	0	0	0
32	1P	1467.13	18	88028	1	0	4	0	0	0
33	2P	525.53	6	31532	1	0	4	0	0	0
33	1P	2833.03	47	169982	1	1	5	4	0	0
34	1P	1205.57	18	72334	1	1	5	4	3	3
34	1P	1206.07	18	72364	1	1	5	4	5	5
34	2P	2360.27	37	141616	1	1	5	4	0	0
35	1P	693.83	11	41630	1	1	6	5	0	0
36	1P	709.90	9	21297	1	0	4	0	0	0
36	1P	2284.67	32	68540	1	0	4	0	1	0
36	2P	2426.07	35	72782	1	0	4	0	0	0
38	2P	1306.43	19	78386	1	1	5	4	0	0
38	2P	1478.73	22	88724	2	0	8	0	0	0
38	2P	1479.33	22	88760	1	12	8	61	0	0
39	2P	248.57	0	7457	1	1	5	4	0	0
39	1P	704.70	8	21141	1	0	4	0	1	0
39	2P	909.30	12	27279	1	0	4	0	0	0
40	1P	536.20	6	32172	1	0	4	0	1	0
40	1P	537.57	6	32254	1	0	4	0	1	0
40	1P	657.50	8	39450	1	0	4	0	0	0
40	1P	666.77	8	40006	1	1	8	7	1	1
40	2P	1891.23	29	113474	1	0	4	0	1	0
51	2P	785.33	14	47120	1	1	5	4	0	0
52	2P	948.87	12	56932	1	0	4	0	0	0
52	2P	949.50	12	56970	1	0	4	0	0	0
52	2P	949.87	12	56992	1	1	6	5	0	0
52	1P	956.20	12	57372	1	0	4	0	1	0
52	1P	1354.00	20	81240	1	0	4	0	0	0
52	1P	1355.33	20	81320	1	0	4	0	0	0
52	1P	1358.03	20	81482	1	0	4	0	0	0
52	1P	1358.37	20	81502	1	0	4	0	0	0
52	1P	1359.53	20	81572	2	7	18	39	2	2
c10	1P	1531.70	22	91902	1	0	4	0	0	0
c10	2P	1623.10	23	97386	1	0	4	0	0	0
c10	2P	1759.53	25	105572	1	0	4	0	0	0
c10	2P	1863.93	27	111836	1	0	4	0	0	0
c10	2P	1864.83	27	111890	1	0	4	0	0	0
c10	1P	2173.80	32	130428	1	0	4	0	0	0
c10	1P	2174.37	32	130462	1	0	4	0	0	0
c10	1P	2506.00	37	150360	1	0	4	0	0	0
c100	2P	314.37	0	18862	1	0	4	0	1	0
c100	1P	627.00	5	37620	1	0	4	0	0	0
c100	1P	627.27	5	37636	1	0	4	0	0	0
c100	1P	1486.93	19	89216	1	1	5	4	2	2
c100	2P	2570.90	36	154254	1	0	4	0	0	0
c100	2P	2571.47	36	154288	1	0	4	0	0	0
c100	2P	2572.00	36	154320	1	0	4	0	0	0
c100	2P	2572.43	36	154346	1	0	4	0	0	0
c100	2P	2573.10	36	154386	1	0	4	0	0	0
c100	2P	2573.73	36	154424	1	0	4	0	0	0
c100	2P	2574.37	36	154462	1	0	4	0	0	0
c100	2P	2575.60	36	154536	1	0	4	0	0	0
c100	2P	2576.47	36	154588	1	0	4	0	1	0
c101	2P	1164.87	17	69892	1	1	5	4	0	0
c101	2P	2451.37	39	147082	1	1	5	4	1	1
c101	1P	2671.13	43	160268	1	0	4	0	0	0
c101	1P	2672.63	43	160358	1	0	4	0	0	0
c102	1P	1815.57	21	108934	1	1	5	4	0	0
c103	1P	1478.40	22	88704	1	1	5	4	0	0
c103	1P	2627.50	39	157650	1	0	4	0	0	0
c104	2P	285.73	0	17144	1	1	5	4	0	0
c104	2P	286.33	0	17180	1	1	5	4	0	0
c104	2P	286.50	0	17190	1	1	5	4	1	1
c104	2P	286.80	0	17208	1	1	9	8	1	1
c104	1P	611.33	5	36680	1	0	4	0	0	0
c104	1P	613.87	5	36832	1	0	4	0	0	0
c104	1P	614.53	5	36872	1	1	5	4	0	0
c104	1P	1585.07	20	95104	1	0	4	0	0	0
c104	1P	1585.63	20	95138	1	0	4	0	0	0
c104	1P	1586.70	20	95202	1	0	4	0	0	0
c104	1P	2235.63	30	134138	1	0	4	0	1	0
c104	1P	2236.30	30	134178	1	0	4	0	1	0
c104	1P	2237.07	30	134224	2	2	12	8	2	1
c105	1P	253.60	2	15216	1	0	4	0	0	0
c105	1P	1881.87	28	112912	2	2	28	27	0	0
c105	1P	3173.63	49	190418	1	1	6	5	2	2
c106	2P	968.90	15	58134	1	1	6	5	1	1
c106	2P	1872.00	33	112320	1	0	4	0	0	0
c107	2P	957.37	13	57442	1	1	5	4	1	1
c107	1P	1119.67	15	67180	1	0	4	0	0	0
c107	1P	1120.07	15	67204	1	0	4	0	0	0
c107	1P	1121.33	15	67280	1	0	4	0	0	0
c107	2P	2899.10	43	173946	1	1	5	4	0	0
c108	2P	1091.60	14	65496	1	0	4	0	0	0
c108	2P	3586.60	52	215196	1	1	5	4	1	1
c109	1P	1389.87	7	83392	1	1	6	5	0	0
c109	2P	1580.50	10	94830	1	0	4	0	0	0
c109	2P	1580.97	10	94858	1	0	4	0	0	0
c109	1P	1759.40	13	105564	1	0	4	0	0	0
c109	2P	3299.93	37	197996	1	0	4	0	0	0
c109	1P	3401.93	39	204116	1	0	4	0	1	0
c109	1P	3402.80	39	204168	2	0	8	0	1	0
c109	1P	3404.60	39	204276	6	6	35	31	1	1
c109	2P	8151.60	68	489096	1	0	4	0	0	0
c109	2P	8152.03	68	489122	1	0	4	0	0	0
c109	1P	8170.70	68	490242	1	0	4	0	0	0
c109	1P	8172.97	68	490378	1	0	4	0	0	0
c109	1P	8174.57	68	490474	1	0	4	0	0	0
c109	1P	8176.13	68	490568	1	1	5	4	0	0
c109	1P	8784.00	78	527040	2	2	13	12	2	2
c11	1P	595.57	8	35734	1	1	5	4	0	0
c11	1P	597.17	8	35830	1	1	6	5	0	0
c11	2P	1138.50	17	68310	1	0	4	0	0	0
c11	2P	1476.17	22	88570	1	0	4	0	0	0
c11	1P	1676.53	25	100592	1	0	4	0	1	0
c11	1P	1677.37	25	100642	1	0	4	0	1	0
c11	1P	1678.23	25	100694	1	0	4	0	2	0
c11	1P	1678.50	25	100710	1	0	4	0	2	0
c11	1P	1678.83	25	100730	1	0	4	0	2	0
c11	1P	2103.00	31	126180	1	0	4	0	0	0
c11	1P	2103.90	31	126234	1	0	4	0	0	0
c11	1P	2105.30	31	126318	1	0	4	0	1	0
c110	2P	453.27	9	27196	1	1	6	5	0	0
c110	1P	594.90	11	35694	1	1	5	4	6	6
c110	2P	1003.80	17	60228	2	2	10	9	2	2
c110	2P	3237.43	51	194246	1	0	4	0	2	0
c110	2P	3237.70	51	194262	1	0	4	0	2	0
c110	2P	3238.03	51	194282	1	0	4	0	2	0
c110	2P	3238.27	51	194296	1	0	4	0	2	0
c110	2P	3239.17	51	194350	1	0	4	0	2	0
c110	2P	3239.70	51	194382	1	0	4	0	2	0
c110	2P	3240.33	51	194420	1	0	4	0	2	0
c110	2P	3240.47	51	194428	1	0	4	0	2	0
c110	2P	3240.70	51	194442	1	0	4	0	2	0
c110	2P	3241.33	51	194480	1	0	4	0	5	0
c110	2P	3241.60	51	194496	1	0	4	0	2	0
c111	2P	1014.43	12	60866	1	0	4	0	0	0
c111	1P	1113.70	13	66822	6	6	36	35	0	0
c111	2P	1244.37	15	74662	1	1	5	4	0	0
c111	2P	1244.67	15	74680	1	1	5	4	0	0
c111	2P	1245.10	15	74706	1	1	5	4	0	0
c111	2P	2247.03	28	134822	1	1	5	4	0	0
c111	2P	2249.93	28	134996	1	0	4	0	0	0
c112	2P	1145.47	15	68728	2	2	10	9	2	2
c113	2P	1388.23	17	83294	1	1	5	4	0	0
c113	1P	2428.10	34	145686	1	1	5	4	0	0
c113	2P	2901.00	40	174060	1	0	4	0	0	0
c114	1P	1155.63	14	69338	1	0	4	0	0	0
c114	2P	1157.50	14	69450	1	0	4	0	0	0
c114	1P	2651.23	37	159074	1	0	4	0	0	0
c115	1P	1360.13	19	81608	1	0	4	0	1	0
c115	1P	1825.77	28	109546	1	0	4	0	0	0
c115	1P	1827.23	28	109634	1	0	4	0	0	0
c115	1P	1827.73	28	109664	1	0	4	0	0	0
c115	1P	1829.33	28	109760	1	0	4	0	0	0
c115	1P	1829.83	28	109790	1	0	4	0	0	0
c115	1P	1830.10	28	109806	2	6	13	30	0	0
c116	1P	165.77	0	4973	1	0	4	0	0	0
c116	1P	1720.37	30	51611	1	1	5	4	2	2
c116	2P	2800.03	47	84001	1	0	4	0	5	0
c117	1P	2483.93	43	149036	1	1	5	4	0	0
c118	1P	1411.03	19	84662	1	0	4	0	0	0
c118	1P	1603.37	22	96202	1	0	4	0	0	0
c12	2P	935.80	10	56148	1	0	4	0	0	0
c12	2P	936.27	10	56176	1	0	4	0	0	0
c12	2P	1154.10	13	69246	1	0	4	0	0	0
c12	2P	1155.30	13	69318	2	2	15	16	0	0
c12	2P	1155.57	13	69334	2	2	15	16	0	0
c12	1P	1579.30	20	94758	1	1	5	4	2	2
c120	1P	483.97	7	29038	3	5	14	23	0	0
c120	1P	2143.10	35	128586	3	3	15	14	3	3
c120	2P	2667.63	44	160058	1	0	4	0	0	0
c120	2P	2668.53	44	160112	1	0	4	0	0	0
c120	2P	2669.23	44	160154	1	0	4	0	0	0
c121	2P	2886.40	49	173184	1	0	4	0	0	0
c122	1P	243.90	1	7317	1	0	4	0	0	0
c122	1P	506.90	5	15207	1	1	5	4	1	1
c122	1P	1929.87	32	57896	1	1	5	4	0	0
c122	1P	3292.27	55	98768	1	1	5	4	0	0
c125	1P	1672.40	23	100344	1	1	5	4	2	2
c125	1P	1695.20	23	101712	1	0	4	0	0	0
c125	1P	1696.33	23	101780	1	0	4	0	0	0
c125	1P	1697.03	23	101822	1	0	4	0	0	0
c125	1P	1697.70	23	101862	1	0	4	0	0	0
c125	1P	1698.63	23	101918	1	0	4	0	0	0
c126	2P	1120.07	17	67204	14	14	66	65	0	0
c126	2P	1319.87	21	79192	1	0	4	0	0	0
c126	1P	1510.03	24	90602	1	0	4	0	0	0
c126	1P	2680.67	46	160840	1	0	4	0	0	0
c126	1P	2681.50	46	160890	1	0	4	0	0	0
c126	1P	2682.03	46	160922	1	0	4	0	0	0
c126	1P	2682.87	46	160972	1	0	4	0	0	0
c126	1P	2684.00	46	161040	1	0	4	0	0	0
c126	1P	2684.47	46	161068	1	0	4	0	0	0
c126	1P	2684.60	46	161076	1	0	4	0	0	0
c126	2P	2838.80	48	170328	1	0	4	0	0	0
c127	2P	692.53	9	41552	1	1	5	4	1	1
c127	2P	692.57	9	41554	1	1	5	4	1	1
c127	2P	692.83	9	41570	1	1	5	4	1	1
c127	1P	1105.80	16	66348	1	0	4	0	0	0
c127	1P	1107.03	16	66422	1	0	4	0	0	0
c127	1P	1107.50	16	66450	1	0	4	0	0	0
c127	1P	1107.77	16	66466	1	0	4	0	0	0
c127	1P	1108.23	16	66494	1	0	4	0	0	0
c127	1P	1662.10	24	99726	3	3	17	16	3	3
c127	2P	2170.13	32	130208	1	1	5	4	0	0
c128	1P	188.07	1	11284	1	0	4	0	0	0
c128	1P	188.70	1	11322	1	0	4	0	0	0
c128	1P	188.83	1	11330	1	0	4	0	0	0
c128	1P	189.70	1	11382	1	0	4	0	0	0
c128	1P	190.40	1	11424	1	0	4	0	0	0
c129	1P	203.20	1	6096	1	0	4	0	0	0
c129	1P	204.23	1	6127	1	1	6	5	0	0
c129	1P	204.50	1	6135	1	1	6	5	0	0
c129	1P	298.10	2	8943	1	1	5	4	1	1
c129	1P	1409.30	21	42279	1	0	4	0	0	0
c129	1P	2704.03	44	81121	1	1	5	4	0	0
c13	1P	2096.47	32	125788	1	1	10	9	0	0
c130	2P	1048.90	16	62934	1	1	5	4	1	1
c130	2P	1050.40	16	63024	1	1	5	4	1	1
c130	2P	1050.73	16	63044	1	1	5	4	1	1
c130	2P	1050.77	16	63046	1	1	6	5	1	1
c130	2P	1051.73	16	63104	1	1	6	5	1	1
c130	1P	3094.57	52	185674	1	1	5	4	0	0
c130	1P	3094.60	52	185676	1	1	5	4	0	0
c131	2P	2340.93	39	70228	1	0	4	0	0	0
c131	2P	2342.63	39	70279	1	0	4	0	0	0
c131	1P	2813.50	49	84405	1	0	4	0	4	0
c131	1P	2867.47	50	86024	1	1	9	5	2	2
c132	1P	1481.60	23	44448	1	0	4	0	0	0
c132	1P	1482.30	23	44469	1	0	4	0	0	0
c132	1P	1483.10	23	44493	1	0	4	0	0	0
c132	1P	1483.73	23	44512	1	0	4	0	0	0
c132	1P	1484.47	23	44534	1	0	4	0	0	0
c132	1P	1485.17	23	44555	1	0	4	0	0	0
c132	1P	1485.80	23	44574	1	0	4	0	0	0
c132	1P	1486.80	23	44604	1	0	4	0	0	0
c132	1P	1488.13	23	44644	1	0	4	0	0	0
c132	1P	1488.40	23	44652	1	0	4	0	0	0
c132	2P	2396.20	39	71886	1	0	4	0	0	0
c132	2P	2398.60	39	71958	1	0	4	0	0	0
c132	2P	2401.33	39	72040	1	0	4	0	0	0
c133	1P	803.47	14	48208	1	1	6	5	0	0
c133	1P	2489.27	44	149356	1	0	4	0	1	0
c134	2P	990.23	14	59414	1	2	5	8	1	1
c134	2P	990.43	14	59426	1	2	5	8	1	1
c134	1P	1214.40	18	72864	1	0	4	0	0	0
c134	1P	1214.97	18	72898	1	0	4	0	0	0
c134	1P	1215.70	18	72942	1	0	4	0	0	0
c134	1P	1728.13	26	103688	1	0	4	0	0	0
c134	1P	2204.53	34	132272	1	0	4	0	1	0
c134	1P	2206.20	34	132372	1	0	4	0	1	0
c134	1P	2206.43	34	132386	1	0	4	0	1	0
c134	1P	2484.37	38	149062	1	0	4	0	0	0
c134	1P	2486.37	38	149182	1	0	4	0	0	0
c134	1P	2487.20	38	149232	1	0	4	0	0	0
c134	1P	2487.30	38	149238	1	0	4	0	0	0
c134	1P	2489.20	38	149352	2	2	13	9	1	1
c135	2P	242.23	0	7267	1	1	17	16	24	24
c135	2P	242.33	0	7270	1	1	18	17	24	24
c136	1P	120.60	0	7236	1	0	4	0	0	0
c136	1P	120.70	0	7242	1	0	4	0	0	0
c136	1P	121.83	0	7310	1	0	4	0	0	0
c136	1P	122.23	0	7334	1	0	4	0	0	0
c136	1P	122.27	0	7336	1	0	4	0	0	0
c136	1P	122.30	0	7338	1	0	4	0	0	0
c136	1P	122.33	0	7340	1	0	4	0	0	0
c136	1P	122.43	0	7346	5	5	29	32	5	7
c136	1P	122.50	0	7350	5	5	29	32	5	7
c136	1P	1073.77	15	64426	1	0	4	0	0	0
c136	1P	1075.03	15	64502	1	0	4	0	0	0
c136	1P	1076.80	15	64608	1	5	8	32	0	6
c136	1P	1805.47	26	108328	1	1	5	4	0	0
c136	2P	2916.20	43	174972	1	0	4	0	0	0
c136	2P	2917.90	43	175074	1	0	4	0	3	0
c136	2P	2918.27	43	175096	1	0	4	0	3	0
c136	2P	2918.30	43	175098	1	0	4	0	3	0
c136	2P	2918.33	43	175100	1	0	4	0	3	0
c137	1P	747.27	9	44836	1	0	4	0	1	0
c137	1P	747.87	9	44872	1	0	4	0	1	0
c137	1P	748.07	9	44884	1	0	4	0	1	0
c137	1P	748.67	9	44920	1	0	4	0	1	0
c137	1P	749.17	9	44950	1	0	4	0	1	0
c138	1P	923.57	8	27707	1	0	4	0	0	0
c138	1P	1170.17	12	35105	1	0	4	0	1	0
c138	1P	1171.20	12	35136	1	1	5	4	1	1
c138	2P	1522.63	18	45679	1	1	9	5	1	0
c138	2P	1524.00	18	45720	1	1	9	5	2	1
c139	1P	1573.20	25	94392	1	0	4	0	0	0
c139	1P	1576.27	25	94576	1	0	4	0	1	0
c139	1P	1576.50	25	94590	1	0	4	0	1	0
c139	1P	1576.53	25	94592	1	2	8	8	1	1
c139	2P	1748.53	27	104912	1	0	4	0	3	0
c139	2P	1749.30	27	104958	1	0	4	0	3	0
c139	2P	1750.87	27	105052	1	0	4	0	3	0
c139	2P	1750.90	27	105054	1	0	4	0	3	0
c139	1P	2335.67	37	140140	1	0	4	0	0	0
c139	1P	2644.33	43	158660	1	0	4	0	0	0
c14	1P	1154.83	13	69290	1	0	4	0	1	0
c14	1P	3057.27	47	183436	1	0	4	0	4	0
c14	1P	3057.53	47	183452	1	1	5	4	4	4
c140	1P	456.23	5	27374	1	0	4	0	0	0
c140	2P	1391.43	21	83486	9	9	47	46	5	5
c140	1P	3301.27	55	198076	1	0	4	0	0	0
c140	1P	3301.57	55	198094	1	0	4	0	0	0
c140	1P	3301.70	55	198102	1	0	4	0	0	0
c140	1P	3301.73	55	198104	1	0	4	0	0	0
c140	1P	3301.77	55	198106	1	0	4	0	0	0
c141	1P	2577.90	46	154674	1	1	5	4	1	1
c141	1P	2579.20	46	154752	1	1	5	4	1	1
c142	1P	665.70	10	19971	1	0	4	0	0	0
c142	1P	666.57	10	19997	1	0	4	0	0	0
c142	1P	668.03	10	20041	1	0	4	0	0	0
c142	1P	668.30	10	20049	1	0	4	0	0	0
c142	1P	668.33	10	20050	1	0	4	0	0	0
c144	2P	255.77	1	15346	1	1	5	4	0	0
c144	1P	1455.33	23	87320	1	1	5	4	0	0
c144	2P	1714.27	28	102856	1	1	5	4	1	1
c15	2P	160.33	0	9620	1	0	4	0	0	0
c15	2P	161.10	0	9666	1	0	4	0	0	0
c15	2P	162.47	0	9748	1	0	4	0	3	0
c15	2P	245.93	2	14756	1	0	4	0	0	0
c15	2P	246.67	2	14800	1	1	5	4	1	1
c15	1P	546.97	6	32818	1	0	4	0	1	0
c15	1P	547.20	6	32832	1	0	4	0	1	0
c15	1P	548.20	6	32892	1	0	4	0	0	0
c15	1P	548.67	6	32920	1	0	4	0	0	0
c15	1P	548.70	6	32922	1	0	4	0	0	0
c15	1P	548.73	6	32924	1	0	4	0	0	0
c15	1P	548.90	6	32934	1	0	4	0	0	0
c15	1P	550.27	6	33016	1	0	4	0	1	0
c15	2P	2007.63	31	120458	1	1	5	4	0	0
c15	1P	2861.40	45	171684	1	0	4	0	0	0
c15	1P	3027.27	48	181636	2	4	10	18	0	0
c17	1P	171.83	0	10310	1	0	4	0	0	0
c17	1P	172.17	0	10330	1	1	5	4	0	0
c17	1P	533.10	6	31986	1	0	4	0	0	0
c18	1P	645.87	6	38752	1	1	8	4	0	0
c18	1P	646.20	6	38772	1	1	8	4	0	0
c18	1P	647.20	6	38832	1	1	13	9	0	0
c18	1P	2064.00	28	123840	1	0	4	0	0	0
c18	1P	2065.80	28	123948	1	0	4	0	0	0
c18	1P	2067.20	28	124032	1	0	4	0	0	0
c18	1P	2067.70	28	124062	1	0	4	0	1	0
c18	1P	2067.97	28	124078	1	0	4	0	1	0
c18	1P	2068.00	28	124080	1	0	4	0	1	0
c18	2P	2111.47	29	126688	1	0	4	0	0	0
c18	1P	2326.17	31	139570	1	0	4	0	0	0
c18	1P	2327.40	31	139644	1	0	4	0	0	0
c18	1P	2327.67	31	139660	1	1	9	8	0	0
c18	1P	3063.00	43	183780	1	0	4	0	0	0
c18	1P	3063.53	43	183812	1	0	4	0	0	0
c18	1P	3064.33	43	183860	1	0	4	0	0	0
c18	1P	3065.03	43	183902	1	0	4	0	0	0
c18	1P	3065.67	43	183940	2	3	18	19	0	0
c19	1P	463.53	4	27812	1	0	4	0	0	0
c19	1P	470.20	4	28212	1	0	4	0	0	0
c19	2P	1554.80	23	93288	1	1	5	4	1	1
c19	1P	2017.57	31	121054	1	0	4	0	0	0
c2	1P	1364.40	21	81864	1	0	4	0	0	0
c2	1P	2325.13	37	139508	1	0	4	0	0	0
c2	1P	2325.47	37	139528	1	0	4	0	0	0
c2	1P	2790.30	44	167418	1	1	5	4	1	1
c2	1P	3335.17	52	200110	5	5	25	24	4	4
c2	2P	3355.47	52	201328	1	0	4	0	0	0
c2	2P	3356.60	52	201396	1	0	4	0	1	0
c2	2P	3356.93	52	201416	1	0	4	0	0	0
c20	1P	476.33	5	14290	1	1	8	7	2	2
c20	2P	978.97	13	29369	1	1	5	4	3	3
c20	1P	1068.03	15	32041	1	0	4	0	0	0
c20	2P	1300.70	19	39021	13	13	62	61	0	0
c21	2P	525.37	5	15761	1	0	4	0	2	0
c21	1P	1630.57	21	48917	1	0	4	0	0	0
c21	1P	1755.47	23	52664	12	12	64	63	1	1
c21	2P	2412.90	34	72387	1	0	4	0	0	0
c21	1P	2610.50	38	78315	1	1	6	5	0	0
c21	2P	3403.97	50	102119	1	0	4	0	1	0
c22	1P	882.23	11	52934	1	0	4	0	0	0
c22	1P	883.70	11	53022	1	0	4	0	0	0
c22	1P	2897.10	40	173826	1	1	5	4	2	2
c22	2P	3091.20	42	185472	5	5	22	21	17	17
c22	1P	3336.63	46	200198	1	0	4	0	0	0
c22	1P	3406.37	47	204382	1	0	4	0	3	0
c22	2P	3556.50	50	213390	1	0	4	0	1	0
c23	1P	319.30	1	19158	1	0	4	0	0	0
c23	2P	1172.23	15	70334	1	1	6	5	0	0
c23	2P	1242.77	16	74566	1	1	6	5	2	2
c23	1P	1259.70	16	75582	1	1	6	5	0	0
c23	1P	1266.40	16	75984	1	1	5	4	0	0
c23	2P	1564.83	22	93890	3	3	23	19	3	1
c23	1P	1988.37	28	119302	1	0	4	0	0	0
c23	1P	1988.63	28	119318	7	2	38	16	1	1
c23	1P	2081.73	30	124904	2	2	11	10	0	0
c23	1P	2301.73	33	138104	1	1	5	4	2	2
c23	1P	2376.47	35	142588	1	0	4	0	0	0
c23	2P	2937.00	44	176220	2	2	10	9	3	3
c24	1P	298.50	2	17910	1	0	4	0	0	0
c25	1P	1236.67	22	74200	1	0	4	0	0	0
c26	1P	2383.17	0	71495	1	0	4	0	0	0
c26	1P	2383.63	0	71509	11	2	56	18	0	0
c26	1P	2587.47	0	77624	1	0	4	0	0	0
c27	2P	2420.60	30	145236	1	1	5	4	1	1
c27	2P	2421.00	30	145260	1	1	5	4	1	1
c27	1P	3014.40	39	180864	1	1	5	4	0	0
c27	1P	3640.40	49	218424	1	1	7	6	4	4
c27	1P	3640.70	49	218442	1	1	7	6	3	3
c29	1P	2502.50	39	75075	1	1	5	4	2	2
c3	2P	1515.47	24	90928	6	6	46	43	4	4
c3	2P	2803.03	44	168182	1	0	4	0	4	0
c3	2P	2804.07	44	168244	1	0	4	0	4	0
c30	2P	489.33	0	14680	1	1	5	4	4	4
c30	2P	489.80	0	14694	1	1	5	4	4	4
c30	1P	2818.17	0	84545	1	1	9	8	0	0
c30	1P	2819.77	0	84593	1	1	6	5	0	0
c30	1P	2819.80	0	84594	1	1	9	8	0	0
c30	1P	2820.20	0	84606	1	1	6	5	0	0
c30	1P	2820.50	0	84615	1	1	6	5	0	0
c30	1P	2820.57	0	84617	1	1	5	4	0	0
c30	1P	3147.90	0	94437	1	0	4	0	0	0
c30	1P	3148.00	0	94440	1	0	4	0	0	0
c30	1P	3148.13	0	94444	2	2	12	8	0	0
c30	1P	3148.17	0	94445	1	1	8	4	0	0
c30	1P	3148.20	0	94446	1	1	8	4	1	1
c30	1P	3149.00	0	94470	1	0	4	0	0	0
c30	1P	3149.43	0	94483	1	1	11	7	0	0
c30	1P	3151.87	0	94556	1	0	4	0	0	0
c30	2P	3336.03	0	100081	2	2	11	10	0	0
c32	2P	1149.23	16	68954	1	1	5	4	0	0
c33	2P	447.57	4	26854	1	0	4	0	0	0
c33	2P	447.73	4	26864	1	0	4	0	0	0
c33	1P	512.67	5	30760	1	1	5	4	0	0
c33	1P	3449.63	56	206978	1	0	4	0	0	0
c33	1P	3450.53	56	207032	1	0	4	0	0	0
c33	1P	3451.37	56	207082	1	0	4	0	0	0
c33	1P	3451.53	56	207092	1	0	4	0	0	0
c34	2P	2149.77	44	64493	5	5	21	20	6	6
c35	1P	669.93	9	40196	1	0	4	0	0	0
c35	1P	671.10	9	40266	1	0	4	0	0	0
c35	1P	1725.00	26	103500	1	0	4	0	1	0
c35	1P	1726.23	26	103574	1	0	4	0	1	0
c35	1P	1727.90	26	103674	1	0	4	0	1	0
c35	2P	2503.73	39	150224	1	1	5	4	3	3
c35	1P	3103.07	49	186184	1	0	4	0	0	0
c36	1P	1420.53	21	85232	1	1	5	4	0	0
c36	1P	1421.07	21	85264	1	1	5	4	0	0
c36	1P	2405.97	36	144358	1	0	4	0	0	0
c36	1P	2406.77	36	144406	1	0	4	0	0	0
c36	1P	2407.53	36	144452	1	1	8	4	0	0
c36	1P	2410.30	36	144618	1	0	4	0	1	0
c36	1P	2411.57	36	144694	1	0	4	0	1	0
c36	1P	2412.60	36	144756	1	0	4	0	1	0
c36	2P	2879.83	45	172790	1	1	5	4	0	0
c36	2P	3140.57	50	188434	1	0	4	0	0	0
c36	2P	3141.10	50	188466	1	1	5	4	0	0
c36	1P	3197.87	51	191872	1	0	4	0	0	0
c36	1P	3200.47	51	192028	1	0	4	0	0	0
c36	1P	3201.20	51	192072	1	0	4	0	0	0
c36	1P	3201.93	51	192116	1	0	4	0	0	0
c36	1P	3204.30	51	192258	1	1	8	4	1	1
c36	1P	3207.30	51	192438	1	1	8	4	0	0
c37	1P	587.33	6	35240	1	0	4	0	1	0
c37	1P	1574.23	24	94454	1	0	4	0	1	0
c4	2P	154.17	0	9250	1	0	4	0	0	0
c4	2P	155.60	0	9336	1	0	4	0	0	0
c4	2P	156.90	0	9414	1	0	4	0	1	0
c4	2P	157.17	0	9430	1	0	4	0	1	0
c40	2P	715.60	9	21468	1	0	4	0	0	0
c40	1P	1386.83	21	41605	1	1	5	4	1	1
c40	1P	2398.73	38	71962	1	0	4	0	0	0
c40	1P	2399.93	38	71998	1	0	4	0	3	0
c40	1P	2400.70	38	72021	1	0	4	0	3	0
c40	1P	2598.10	41	77943	1	0	4	0	0	0
c40	1P	2598.83	41	77965	1	0	4	0	2	0
c40	1P	2599.07	41	77972	1	0	4	0	2	0
c41	2P	3454.73	55	207284	1	0	4	0	2	0
c41	2P	3455.03	55	207302	4	4	23	24	5	4
c42	2P	1023.70	18	61422	1	0	4	0	0	0
c43	1P	1635.03	24	49051	1	0	4	0	0	0
c43	1P	1636.97	24	49109	1	0	4	0	0	0
c44	2P	832.80	13	49968	1	0	4	0	1	0
c44	2P	833.20	13	49992	1	1	9	5	2	2
c44	2P	837.60	13	50256	1	0	4	0	0	0
c45	1P	920.00	11	27600	1	0	4	0	1	0
c45	1P	921.00	11	27630	1	0	4	0	1	0
c45	1P	921.37	11	27641	1	0	4	0	1	0
c45	1P	921.40	11	27642	1	0	4	0	1	0
c45	1P	2344.13	37	70324	1	0	4	0	0	0
c46	2P	1984.20	33	119052	1	0	4	0	0	0
c46	2P	1984.57	33	119074	1	0	4	0	0	0
c46	2P	1985.23	33	119114	1	0	4	0	0	0
c46	2P	1986.17	33	119170	1	0	4	0	0	0
c46	2P	1986.50	33	119190	1	5	8	25	0	3
c47	2P	703.83	9	42230	1	0	4	0	0	0
c47	1P	1962.57	32	117754	1	0	4	0	0	0
c47	1P	1962.63	32	117758	1	1	5	4	0	0
c47	2P	2940.20	48	176412	1	1	5	4	2	2
c48	2P	530.87	6	31852	1	0	4	0	0	0
c48	1P	1802.47	27	108148	1	0	4	0	0	0
c48	2P	1805.60	27	108336	1	1	5	4	0	0
c49	2P	2616.77	38	157006	1	0	4	0	0	0
c49	2P	2617.83	38	157070	1	0	4	0	0	0
c49	2P	2618.57	38	157114	1	0	4	0	0	0
c5	1P	629.37	7	37762	1	0	4	0	1	0
c5	1P	630.37	7	37822	1	0	4	0	1	0
c5	1P	2480.43	38	148826	1	1	7	6	0	0
c51	2P	2045.80	34	122748	1	1	5	4	0	0
c51	2P	2045.93	34	122756	1	1	5	4	0	0
c52	2P	1587.40	24	47622	1	0	4	0	3	0
c52	2P	1588.13	24	47644	1	0	4	0	3	0
c52	2P	1669.80	25	50094	1	1	5	4	2	2
c53	1P	1091.13	16	32734	1	0	4	0	2	0
c53	1P	1093.00	16	32790	1	0	4	0	2	0
c53	1P	1093.60	16	32808	1	0	4	0	2	0
c53	1P	1094.23	16	32827	1	0	4	0	2	0
c53	1P	1627.03	26	48811	1	0	4	0	0	0
c54	1P	346.27	3	20776	1	0	4	0	0	0
c54	1P	1678.90	27	100734	1	1	5	4	0	0
c54	1P	1679.50	27	100770	1	1	10	9	2	2
c55	2P	1800.87	33	108052	1	0	4	0	0	0
c55	2P	1801.90	33	108114	1	0	4	0	1	0
c55	2P	1802.47	33	108148	1	0	4	0	1	0
c55	1P	2667.03	51	160022	1	1	5	4	0	0
c56	1P	1173.00	20	70380	1	0	4	0	0	0
c56	1P	1174.50	20	70470	1	0	4	0	0	0
c56	1P	1174.63	20	70478	1	0	4	0	0	0
c56	1P	1174.73	20	70484	1	0	4	0	0	0
c56	1P	1175.43	20	70526	1	0	4	0	0	0
c56	1P	1176.97	20	70618	1	0	4	0	0	0
c56	1P	1177.50	20	70650	1	0	4	0	0	0
c56	1P	1177.80	20	70668	1	0	4	0	0	0
c56	1P	1556.67	27	93400	1	0	4	0	3	0
c56	1P	1558.00	27	93480	1	0	4	0	3	0
c56	1P	1558.20	27	93492	1	0	4	0	3	0
c56	1P	2596.47	43	155788	1	0	4	0	0	0
c56	2P	2637.50	43	158250	1	0	4	0	0	0
c56	2P	2638.73	43	158324	1	1	5	4	0	0
c57	1P	1903.17	29	114190	1	0	4	0	0	0
c57	2P	2746.20	43	164772	1	0	4	0	0	0
c57	1P	3190.03	50	191402	1	0	4	0	0	0
c58	1P	250.47	0	7514	1	0	4	0	0	0
c58	1P	251.57	0	7547	1	0	4	0	0	0
c58	1P	1348.07	0	40442	1	1	5	4	0	0
c58	1P	2372.53	0	71176	1	0	4	0	1	0
c59	2P	433.17	4	12995	3	3	13	12	3	3
c59	1P	637.63	7	19129	1	1	6	5	0	0
c59	1P	1017.27	12	30518	1	0	4	0	0	0
c59	1P	1558.70	20	46761	1	0	4	0	0	0
c6	1P	397.27	3	23836	1	0	4	0	0	0
c6	1P	398.20	3	23892	1	0	4	0	0	0
c6	1P	398.60	3	23916	1	0	4	0	0	0
c6	1P	399.30	3	23958	1	0	4	0	0	0
c6	2P	2116.47	33	126988	1	0	4	0	0	0
c6	2P	2116.60	33	126996	1	0	4	0	0	0
c6	2P	3047.33	49	182840	1	0	4	0	0	0
c6	1P	3207.30	51	192438	1	0	4	0	0	0
c6	1P	3207.70	51	192462	1	0	4	0	0	0
c6	1P	3207.83	51	192470	1	0	4	0	0	0
c6	1P	3208.13	51	192488	1	1	5	4	2	2
c60	1P	526.23	5	15787	1	1	5	4	0	0
c60	2P	1094.60	14	32838	1	0	4	0	1	0
c60	2P	1095.77	14	32873	1	0	4	0	1	0
c60	2P	1096.10	14	32883	1	0	4	0	1	0
c60	2P	1098.37	14	32951	1	0	4	0	2	0
c60	1P	1444.67	20	43340	1	0	4	0	0	0
c60	1P	1445.27	20	43358	1	0	4	0	0	0
c60	1P	1446.53	20	43396	1	0	4	0	0	0
c60	1P	1446.77	20	43403	1	0	4	0	0	0
c60	1P	1448.00	20	43440	1	0	4	0	0	0
c60	1P	1448.27	20	43448	1	0	4	0	0	0
c60	2P	2443.57	34	73307	1	1	5	4	0	0
c60	2P	2444.50	34	73335	1	1	5	4	0	0
c60	2P	2444.80	34	73344	1	0	4	0	0	0
c60	2P	2445.87	34	73376	1	0	4	0	3	0
c60	2P	2446.27	34	73388	1	0	4	0	3	0
c60	2P	2447.53	34	73426	1	0	4	0	3	0
c60	2P	2447.87	34	73436	1	0	4	0	3	0
c60	2P	3270.80	50	98124	1	0	4	0	0	0
c60	2P	3272.17	50	98165	1	0	4	0	1	0
c60	2P	3272.20	50	98166	1	0	4	0	1	0
c60	2P	3272.60	50	98178	1	0	4	0	1	0
c61	1P	773.73	9	23212	1	1	5	4	1	1
c61	2P	1718.47	23	51554	9	11	49	53	2	2
c61	1P	2909.37	44	87281	1	0	4	0	0	0
c61	1P	2909.53	44	87286	1	0	4	0	0	0
c62	2P	684.27	6	41056	1	1	5	4	4	4
c62	2P	1166.07	13	69964	1	0	4	0	1	0
c62	2P	1167.13	13	70028	1	0	4	0	1	0
c63	2P	708.10	10	21243	1	0	4	0	3	0
c63	2P	709.23	10	21277	1	0	4	0	3	0
c63	2P	709.90	10	21297	1	0	4	0	3	0
c63	2P	710.43	10	21313	1	0	4	0	3	0
c63	1P	2313.87	34	69416	1	0	4	0	0	0
c63	1P	2314.33	34	69430	1	1	5	4	2	2
c63	1P	3256.07	49	97682	1	0	4	0	0	0
c63	1P	3257.13	49	97714	1	0	4	0	2	0
c63	1P	3257.43	49	97723	1	0	4	0	2	0
c63	1P	3257.53	49	97726	1	0	4	0	2	0
c63	1P	3257.57	49	97727	1	0	4	0	2	0
c63	1P	3257.60	49	97728	1	0	4	0	2	0
c64	1P	2909.67	51	174406	1	0	4	0	0	0
c64	1P	2910.47	51	174454	1	0	4	0	0	0
c64	1P	2910.57	51	174460	1	0	4	0	0	0
c65	1P	1286.47	18	77188	1	1	5	4	1	1
c65	2P	1632.07	24	97924	1	1	5	4	4	4
c66	1P	1625.90	24	48777	1	0	4	0	0	0
c66	1P	1626.83	24	48805	1	0	4	0	0	0
c66	1P	1627.30	24	48819	1	0	4	0	0	0
c66	1P	1627.90	24	48837	1	0	4	0	0	0
c67	1P	1577.07	23	94624	1	1	5	4	1	1
c68	1P	1606.20	24	96372	1	1	5	4	0	0
c68	1P	2796.47	44	167788	1	0	4	0	0	0
c68	1P	2797.90	44	167874	1	0	4	0	0	0
c68	1P	2798.03	44	167882	1	1	15	14	12	12
c68	1P	2798.17	44	167890	1	1	15	14	12	12
c68	1P	2798.20	44	167892	1	1	15	14	12	12
c68	1P	2798.23	44	167894	2	2	25	24	12	12
c68	1P	2798.27	44	167896	1	1	26	25	9	9
c68	1P	2799.60	44	167976	1	1	26	25	11	11
c68	1P	2799.83	44	167990	1	1	26	25	11	11
c68	1P	2799.97	44	167998	1	1	26	25	11	11
c68	1P	2800.00	44	168000	1	1	31	30	13	13
c69	2P	196.90	0	5907	1	1	5	4	0	0
c69	2P	198.07	0	5942	1	1	5	4	1	1
c69	2P	198.20	0	5946	1	1	5	4	0	0
c69	2P	198.33	0	5950	1	1	5	4	0	0
c69	1P	485.67	0	14570	1	2	9	9	1	1
c69	1P	485.90	0	14577	1	2	9	9	1	1
c69	1P	1488.83	0	44665	1	0	4	0	1	0
c69	1P	1489.93	0	44698	1	0	4	0	1	0
c69	1P	1490.47	0	44714	1	0	4	0	1	0
c7	2P	230.80	2	13848	1	0	4	0	0	0
c7	2P	232.10	2	13926	1	0	4	0	0	0
c7	2P	232.60	2	13956	1	0	4	0	0	0
c7	2P	232.87	2	13972	1	0	4	0	0	0
c7	2P	233.13	2	13988	1	1	5	4	1	1
c7	2P	2382.80	38	142968	1	0	4	0	0	0
c7	2P	3109.43	49	186566	1	1	5	4	0	0
c70	1P	530.20	7	31812	1	0	4	0	0	0
c70	1P	531.23	7	31874	1	2	8	8	3	3
c70	1P	749.33	10	44960	1	0	4	0	0	0
c70	1P	749.60	10	44976	1	0	4	0	0	0
c70	1P	749.90	10	44994	1	0	4	0	0	0
c70	1P	751.00	10	45060	1	0	4	0	5	0
c70	1P	751.27	10	45076	1	0	4	0	5	0
c70	1P	751.37	10	45082	1	0	4	0	5	0
c70	1P	751.53	10	45092	1	0	4	0	5	0
c70	1P	751.60	10	45096	1	0	4	0	2	0
c70	1P	1181.13	17	70868	1	0	4	0	0	0
c70	1P	1614.33	25	96860	1	0	4	0	0	0
c71	2P	417.10	6	12513	1	0	4	0	0	0
c71	1P	480.33	7	14410	2	0	8	0	4	0
c71	2P	725.07	11	21752	1	1	5	4	1	1
c71	2P	725.37	11	21761	1	1	5	4	1	1
c71	1P	3082.90	53	92487	1	0	4	0	0	0
c71	1P	3083.67	53	92510	4	4	20	16	0	0
c71	1P	3083.93	53	92518	4	4	20	16	0	0
c72	2P	2471.10	39	148266	1	0	4	0	0	0
c73	1P	433.77	4	13013	1	0	4	0	0	0
c73	1P	434.07	4	13022	1	1	5	4	0	0
c73	2P	1293.80	18	38814	1	0	4	0	2	0
c73	2P	1294.27	18	38828	1	10	6	46	2	5
c73	2P	1294.47	18	38834	1	10	5	45	2	5
c73	2P	1294.87	18	38846	1	10	6	46	3	6
c73	1P	1315.47	18	39464	1	0	4	0	0	0
c73	1P	1316.17	18	39485	1	0	4	0	0	0
c73	1P	1316.43	18	39493	1	0	4	0	0	0
c73	2P	1709.00	24	51270	1	0	4	0	0	0
c73	2P	1709.63	24	51289	1	0	4	0	0	0
c73	2P	1986.87	28	59606	1	0	4	0	0	0
c73	2P	1988.57	28	59657	1	0	4	0	0	0
c73	1P	2492.90	36	74787	1	1	5	4	0	0
c74	2P	750.93	10	45056	1	0	4	0	0	0
c74	2P	751.43	10	45086	1	0	4	0	0	0
c74	2P	751.80	10	45108	1	0	4	0	0	0
c74	2P	752.60	10	45156	1	0	4	0	0	0
c74	1P	901.00	13	54060	1	0	4	0	0	0
c74	1P	901.47	13	54088	1	0	4	0	0	0
c74	1P	2317.93	35	139076	1	0	4	0	2	0
c74	1P	2318.97	35	139138	1	0	4	0	4	0
c74	1P	2319.27	35	139156	1	0	4	0	4	0
c75	1P	738.17	9	22145	1	0	4	0	0	0
c75	2P	1877.40	27	56322	1	0	4	0	0	0
c75	2P	1878.47	27	56354	1	0	4	0	0	0
c75	2P	1884.00	27	56520	1	0	4	0	0	0
c75	2P	3050.07	47	91502	1	1	5	4	1	1
c76	1P	722.47	8	21674	1	0	4	0	0	0
c76	1P	1440.07	19	43202	1	0	4	0	0	0
c76	1P	1442.33	19	43270	1	0	4	0	0	0
c76	1P	1792.13	25	53764	1	1	6	5	0	0
c76	2P	2901.00	44	87030	1	0	4	0	0	0
c77	2P	1553.03	27	93182	1	0	4	0	0	0
c77	2P	1555.90	27	93354	1	0	4	0	0	0
c77	2P	1557.27	27	93436	1	0	4	0	0	0
c77	1P	2147.93	39	128876	1	0	4	0	0	0
c77	1P	2148.53	39	128912	3	2	17	14	0	0
c77	1P	2422.60	46	145356	1	0	4	0	0	0
c77	1P	2423.27	46	145396	1	0	4	0	0	0
c77	1P	2423.53	46	145412	1	0	4	0	0	0
c79	1P	167.80	0	5034	1	1	5	4	1	1
c79	1P	168.17	0	5045	1	1	5	4	1	1
c79	1P	168.60	0	5058	1	1	5	4	1	1
c79	1P	815.30	11	24459	1	2	12	13	1	4
c79	1P	815.60	11	24468	1	2	11	12	1	4
c79	1P	1116.73	16	33502	1	0	4	0	0	0
c79	1P	1283.83	19	38515	1	1	5	4	0	0
c79	1P	1288.30	19	38649	1	0	4	0	0	0
c79	1P	1291.73	19	38752	1	0	4	0	0	0
c79	1P	1292.40	19	38772	1	0	4	0	0	0
c79	1P	1292.93	19	38788	1	1	5	4	2	2
c79	1P	1292.97	19	38789	1	1	5	4	2	2
c79	2P	1780.13	28	53404	1	1	6	5	0	0
c79	1P	1784.10	28	53523	1	1	5	4	0	0
c79	1P	2906.63	45	87199	1	0	4	0	0	0
c79	1P	2907.67	45	87230	1	0	4	0	0	0
c8	2P	327.20	3	19632	1	0	4	0	0	0
c8	1P	2220.90	31	133254	1	1	5	4	5	5
c8	1P	2221.33	31	133280	1	1	5	4	5	5
c80	1P	685.07	9	20552	4	4	19	18	0	0
c80	1P	3152.77	49	94583	1	1	5	4	0	0
c82	2P	854.43	13	51266	1	0	4	0	0	0
c82	2P	855.00	13	51300	1	0	4	0	0	0
c82	2P	855.33	13	51320	1	0	4	0	0	0
c82	2P	856.67	13	51400	1	0	4	0	0	0
c82	2P	858.03	13	51482	1	0	4	0	1	0
c82	2P	858.67	13	51520	2	3	12	17	1	1
c82	1P	1927.50	32	115650	1	0	4	0	0	0
c82	1P	1927.63	32	115658	1	0	4	0	0	0
c82	1P	1928.37	32	115702	1	0	4	0	0	0
c82	1P	1929.00	32	115740	3	2	18	15	0	0
c84	1P	601.50	5	36090	2	2	10	9	0	0
c84	1P	1461.70	21	87702	1	1	6	5	0	0
c84	2P	2121.07	34	127264	1	0	4	0	2	0
c9	1P	2148.93	35	128936	1	0	4	0	0	0
c96s1	1P	1539.27	26	92356	2	2	9	8	0	0
c96s1	2P	1944.97	31	116698	1	0	4	0	0	0
c96s2	1P	2090.17	35	125410	1	1	8	7	0	0
c96s2	1P	2091.00	35	125460	7	7	35	34	0	0
c96s3	2P	72.00	0	4320	1	0	4	0	0	0
c96s3	2P	73.30	0	4398	1	0	4	0	0	0
c96s3	2P	75.83	0	4550	1	0	4	0	0	0
c96s3	2P	76.10	0	4566	1	0	4	0	0	0
c96s3	2P	76.80	0	4608	1	0	4	0	0	0
c96s3	2P	77.37	0	4642	1	0	4	0	0	0
c96s3	2P	78.07	0	4684	1	0	4	0	0	0
c96s3	2P	78.63	0	4718	1	0	4	0	0	0
c96s3	2P	79.30	0	4758	1	0	4	0	0	0
c96s3	2P	79.87	0	4792	1	0	4	0	0	0
c96s3	2P	80.17	0	4810	1	0	4	0	0	0
c96s3	1P	619.77	9	37186	2	2	10	9	2	2
c96s3	1P	620.33	9	37220	2	2	10	9	2	2
c96s3	1P	620.53	9	37232	2	2	10	9	2	2
c96s3	1P	620.77	9	37246	1	1	10	9	3	3
c96s3	1P	3237.23	49	194234	1	0	4	0	0	0
c97	2P	502.17	4	30130	1	0	4	0	0	0
c97	2P	502.93	4	30176	1	0	4	0	0	0
c97	1P	1771.50	22	106290	1	0	4	0	0	0
c97	2P	3201.10	43	192066	14	5	63	25	1	1
c97	2P	3201.37	43	192082	14	5	63	25	0	0
c98	1P	595.30	5	35718	1	0	4	0	0	0
c98	1P	595.57	5	35734	1	0	4	0	0	0
c98	1P	596.67	5	35800	1	0	4	0	0	0
c98	1P	710.17	7	42610	1	1	5	4	0	0
c99	1P	812.93	9	48776	1	0	4	0	0	0
c99	1P	935.40	11	56124	1	0	4	0	0	0
c99	1P	947.57	11	56854	1	0	4	0	0	0
c99	1P	948.13	11	56888	1	0	4	0	2	0
c99	1P	948.40	11	56904	1	0	4	0	2	0
c99	1P	948.43	11	56906	1	0	4	0	2	0