t_sec,side,incoming,landed_dead,certain,known_budget,evidence,required,available,margin,optimistic,first_blocker,hands,credit
2755.4166666666665,1P,0,False,False,True,True,0,,,,incoming<=0,1,0
2755.4166666666665,2P,471,True,False,True,True,0,,,,certain=False,1,0
2755.45,1P,0,False,False,True,True,0,,,,incoming<=0,2,0
2755.45,2P,471,True,False,True,True,0,,,,certain=False,1,0
2756.05,1P,0,False,False,True,True,0,,,,incoming<=0,3,0
2756.05,2P,632,True,False,True,True,0,,,,certain=False,1,0
2756.616666666667,1P,0,False,False,True,True,0,,,,incoming<=0,2,0
2756.616666666667,2P,632,True,False,True,True,0,,,,certain=False,1,0
2756.75,1P,0,False,False,True,True,0,,,,incoming<=0,4,0
2756.75,2P,596,True,False,True,True,0,,,,certain=False,1,0
2757.3166666666666,1P,0,False,False,True,True,0,,,,incoming<=0,3,0
2757.3166666666666,2P,596,True,False,True,True,0,,,,certain=False,1,0
2757.383333333333,1P,0,False,False,True,True,0,,,,incoming<=0,3,0
2757.383333333333,2P,742,True,False,True,True,0,,,,certain=False,1,0
2758.05,1P,0,False,False,True,True,0,,,,incoming<=0,2,0
2758.05,2P,742,True,False,True,True,0,,,,certain=False,1,0
2758.0833333333335,1P,0,False,False,True,True,0,,,,incoming<=0,2,0
2758.0833333333335,2P,742,False,False,True,True,0,,,,landed.is_dead=False,1,230
2758.15,1P,0,False,False,True,True,0,,,,incoming<=0,4,0
2758.15,2P,687,False,False,True,True,0,,,,landed.is_dead=False,1,176
2758.7166666666667,1P,0,False,False,True,True,0,,,,incoming<=0,3,0
2758.7166666666667,2P,687,False,False,True,True,0,,,,landed.is_dead=False,1,176
2758.75,1P,0,False,False,True,True,0,,,,incoming<=0,3,0
2758.75,2P,937,False,False,True,True,0,,,,landed.is_dead=False,1,176
2759.45,1P,0,False,False,True,True,0,,,,incoming<=0,2,0
2759.45,2P,937,False,False,True,True,0,,,,landed.is_dead=False,1,176
2759.516666666667,1P,0,False,False,True,True,0,,,,incoming<=0,4,0
2759.516666666667,2P,844,False,False,True,True,0,,,,landed.is_dead=False,1,83
2759.9166666666665,1P,0,False,False,True,True,0,,,,incoming<=0,3,0
2759.9166666666665,2P,844,False,False,True,True,0,,,,landed.is_dead=False,1,83
2760.116666666667,1P,0,False,False,True,True,0,,,,incoming<=0,3,0
2760.116666666667,2P,1027,False,False,True,True,0,,,,landed.is_dead=False,1,83
2760.65,1P,0,False,False,True,True,0,,,,incoming<=0,2,0
2760.65,2P,1027,False,False,True,True,0,,,,landed.is_dead=False,1,83
2760.883333333333,1P,0,False,False,True,True,0,,,,incoming<=0,4,0
2760.883333333333,2P,935,False,False,True,True,0,,,,landed.is_dead=False,1,0
2761.1833333333334,1P,0,False,False,True,True,0,,,,incoming<=0,3,0
2761.1833333333334,2P,935,False,False,True,True,0,,,,landed.is_dead=False,1,0
2761.9166666666665,1P,0,False,False,True,True,0,,,,incoming<=0,2,0
2761.9166666666665,2P,935,False,False,True,True,0,,,,landed.is_dead=False,1,0
2761.983333333333,1P,0,False,True,True,True,0,,,,incoming<=0,2,0
2761.983333333333,2P,935,False,False,True,True,0,,,,landed.is_dead=False,1,0
2762.116666666667,1P,0,False,True,True,True,0,,,,incoming<=0,2,0
2762.116666666667,2P,935,False,False,True,True,0,,,,landed.is_dead=False,1,0
2762.2833333333333,1P,0,False,True,True,True,0,,,,incoming<=0,4,0
2762.2833333333333,2P,826,False,False,True,True,0,,,,landed.is_dead=False,1,0
2762.3166666666666,1P,0,False,True,True,True,0,,,,incoming<=0,4,0
2762.3166666666666,2P,826,False,False,True,True,0,,,,landed.is_dead=False,1,0
2762.35,1P,0,False,True,True,True,0,,,,incoming<=0,4,0
2762.35,2P,826,False,False,True,True,0,,,,landed.is_dead=False,1,0
2762.383333333333,1P,0,False,True,True,True,0,,,,incoming<=0,4,0
2762.383333333333,2P,826,False,False,True,True,0,,,,landed.is_dead=False,1,0
2762.516666666667,1P,0,False,True,True,True,0,,,,incoming<=0,4,0
2762.516666666667,2P,826,False,False,True,True,0,,,,landed.is_dead=False,1,0
2762.75,1P,0,False,True,True,True,0,,,,incoming<=0,3,0
2762.75,2P,826,False,False,True,True,0,,,,landed.is_dead=False,1,0
2763.35,1P,0,False,True,True,True,0,,,,incoming<=0,3,0
2763.35,2P,826,False,False,True,True,0,,,,landed.is_dead=False,1,0
2763.45,1P,0,False,True,True,True,0,,,,incoming<=0,3,0
2763.45,2P,826,False,False,True,True,0,,,,landed.is_dead=False,1,0
2763.483333333333,1P,0,False,True,True,True,0,,,,incoming<=0,2,0
2763.483333333333,2P,826,False,False,True,True,0,,,,landed.is_dead=False,1,0
2763.616666666667,1P,0,False,True,True,True,0,,,,incoming<=0,1,0
2763.616666666667,2P,664,False,False,True,True,0,,,,landed.is_dead=False,1,0
2763.75,1P,0,False,True,True,True,0,,,,incoming<=0,1,0
2763.75,2P,664,False,False,True,True,0,,,,landed.is_dead=False,1,0
2763.85,1P,0,False,True,True,True,0,,,,incoming<=0,1,0
2763.85,2P,664,False,False,True,True,0,,,,landed.is_dead=False,1,0
2763.95,1P,0,False,True,True,True,0,,,,incoming<=0,1,0
2763.95,2P,664,False,False,True,True,0,,,,landed.is_dead=False,1,0
2763.983333333333,1P,0,False,True,True,True,0,,,,incoming<=0,1,0
2763.983333333333,2P,664,False,False,True,True,0,,,,landed.is_dead=False,1,0
2764.016666666667,1P,0,False,True,True,True,0,,,,incoming<=0,1,0
2764.016666666667,2P,664,False,False,True,True,0,,,,landed.is_dead=False,1,0
2764.05,1P,0,False,True,True,True,0,,,,incoming<=0,1,0
2764.05,2P,664,False,False,True,True,0,,,,landed.is_dead=False,1,0
2764.1833333333334,1P,0,False,True,True,True,0,,,,incoming<=0,1,0
2764.1833333333334,2P,664,False,False,True,True,0,,,,landed.is_dead=False,1,0
2764.45,1P,0,False,True,True,True,0,,,,incoming<=0,1,0
2764.45,2P,664,False,False,True,True,0,,,,landed.is_dead=False,1,0
2764.75,1P,0,False,True,True,True,0,,,,incoming<=0,1,0
2764.75,2P,664,False,False,True,True,0,,,,landed.is_dead=False,1,0
2764.85,1P,0,False,True,True,True,0,,,,incoming<=0,1,0
2764.85,2P,664,False,False,True,True,0,,,,landed.is_dead=False,1,0
2764.95,1P,0,False,True,True,True,0,,,,incoming<=0,1,0
2764.95,2P,518,False,False,True,True,0,,,,landed.is_dead=False,1,0
2764.983333333333,1P,0,False,True,True,True,0,,,,incoming<=0,1,0
2764.983333333333,2P,518,False,False,True,True,0,,,,landed.is_dead=False,1,0
2765.2166666666667,1P,0,False,True,True,True,0,,,,incoming<=0,1,0
2765.2166666666667,2P,518,False,False,True,True,0,,,,landed.is_dead=False,1,0
2765.383333333333,1P,0,False,True,True,True,0,,,,incoming<=0,1,0
2765.383333333333,2P,518,False,False,True,True,0,,,,landed.is_dead=False,1,0
2765.55,1P,0,False,True,True,True,0,,,,incoming<=0,1,0
2765.55,2P,518,False,False,True,True,0,,,,landed.is_dead=False,1,0
2765.5833333333335,1P,0,False,True,True,True,0,,,,incoming<=0,1,0
2765.5833333333335,2P,518,False,False,True,True,0,,,,landed.is_dead=False,1,0
2765.616666666667,1P,0,False,True,True,True,0,,,,incoming<=0,1,0
2765.616666666667,2P,518,False,False,True,True,0,,,,landed.is_dead=False,1,0
2765.65,1P,0,False,True,True,True,0,,,,incoming<=0,1,0
2765.65,2P,518,False,False,True,True,0,,,,landed.is_dead=False,1,0
2765.7833333333333,1P,0,False,True,True,True,0,,,,incoming<=0,1,0
2765.7833333333333,2P,518,False,False,True,True,0,,,,landed.is_dead=False,1,0
2766.2166666666667,1P,0,False,True,True,True,0,,,,incoming<=0,1,0
2766.2166666666667,2P,518,False,False,True,True,0,,,,landed.is_dead=False,1,0
2766.2833333333333,1P,0,False,True,True,True,0,,,,incoming<=0,1,0
2766.2833333333333,2P,518,False,False,True,True,0,,,,landed.is_dead=False,1,0
2766.3166666666666,1P,0,False,True,True,True,0,,,,incoming<=0,1,0
2766.3166666666666,2P,353,False,False,True,True,0,,,,landed.is_dead=False,1,0
2766.35,1P,0,False,True,True,True,0,,,,incoming<=0,1,0
2766.35,2P,353,False,False,True,True,0,,,,landed.is_dead=False,1,0
2766.383333333333,1P,0,False,True,True,True,0,,,,incoming<=0,1,0
2766.383333333333,2P,353,False,False,True,True,0,,,,landed.is_dead=False,1,0
2766.55,1P,0,False,True,True,True,0,,,,incoming<=0,1,0
2766.55,2P,353,False,False,True,True,0,,,,landed.is_dead=False,1,0
2767.15,1P,0,False,True,True,True,0,,,,incoming<=0,1,0
2767.15,2P,353,False,False,True,True,0,,,,landed.is_dead=False,1,0
2767.1833333333334,1P,0,False,True,True,True,0,,,,incoming<=0,1,0
2767.1833333333334,2P,353,False,False,True,True,0,,,,landed.is_dead=False,1,0
2767.35,1P,0,False,True,True,True,0,,,,incoming<=0,1,0
2767.35,2P,353,False,False,True,True,0,,,,landed.is_dead=False,1,0
2767.516666666667,1P,0,False,True,True,True,0,,,,incoming<=0,1,0
2767.516666666667,2P,353,False,False,True,True,0,,,,landed.is_dead=False,1,0
2767.6833333333334,1P,0,False,True,True,True,0,,,,incoming<=0,1,0
2767.6833333333334,2P,171,False,False,True,True,0,,,,landed.is_dead=False,1,0
2767.85,1P,0,False,True,True,True,0,,,,incoming<=0,1,0
2767.85,2P,171,False,False,True,True,0,,,,landed.is_dead=False,1,0
2767.883333333333,1P,0,False,True,True,True,0,,,,incoming<=0,1,0
2767.883333333333,2P,171,False,False,True,True,0,,,,landed.is_dead=False,1,0
2767.9166666666665,1P,0,False,True,True,True,0,,,,incoming<=0,1,0
2767.9166666666665,2P,171,False,False,True,True,0,,,,landed.is_dead=False,1,0
2767.95,1P,0,False,True,True,True,0,,,,incoming<=0,1,0
2767.95,2P,171,False,False,True,True,0,,,,landed.is_dead=False,1,0
2768.05,1P,0,False,True,True,True,0,,,,incoming<=0,1,0
2768.05,2P,171,False,False,True,True,0,,,,landed.is_dead=False,1,0
2768.35,1P,0,False,True,True,True,0,,,,incoming<=0,1,0
2768.35,2P,171,False,False,True,True,0,,,,landed.is_dead=False,1,0
2768.65,1P,0,False,True,True,True,0,,,,incoming<=0,1,0
2768.65,2P,171,False,False,True,True,0,,,,landed.is_dead=False,1,0
2768.6833333333334,1P,0,False,True,True,True,0,,,,incoming<=0,1,0
2768.6833333333334,2P,171,False,False,True,True,0,,,,landed.is_dead=False,1,0
2768.7166666666667,1P,0,False,True,True,True,0,,,,incoming<=0,1,0
2768.7166666666667,2P,171,False,False,True,True,0,,,,landed.is_dead=False,1,0
2768.75,1P,0,False,True,True,True,0,,,,incoming<=0,1,0
2768.75,2P,171,False,False,True,True,0,,,,landed.is_dead=False,1,0
2768.883333333333,1P,0,False,True,True,True,0,,,,incoming<=0,1,0
2768.883333333333,2P,171,False,False,True,True,0,,,,landed.is_dead=False,1,0
2769.3166666666666,1P,0,False,True,True,True,0,,,,incoming<=0,1,0
2769.3166666666666,2P,171,False,False,True,True,0,,,,landed.is_dead=False,1,0
2769.383333333333,1P,0,False,True,True,True,0,,,,incoming<=0,1,0
2769.383333333333,2P,171,False,False,True,True,0,,,,landed.is_dead=False,1,0
2769.7166666666667,1P,0,False,True,True,True,0,,,,incoming<=0,1,0
2769.7166666666667,2P,171,False,False,True,True,0,,,,landed.is_dead=False,1,0
2769.75,1P,0,False,True,True,True,0,,,,incoming<=0,1,0
2769.75,2P,171,False,False,True,True,0,,,,landed.is_dead=False,1,0
2769.7833333333333,1P,0,False,True,True,True,0,,,,incoming<=0,1,0
2769.7833333333333,2P,171,False,False,True,True,0,,,,landed.is_dead=False,1,0
2769.8166666666666,1P,0,False,True,True,True,0,,,,incoming<=0,1,0
2769.8166666666666,2P,171,False,False,True,True,0,,,,landed.is_dead=False,1,0
2769.95,1P,0,False,True,True,True,0,,,,incoming<=0,1,0
2769.95,2P,171,False,False,True,True,0,,,,landed.is_dead=False,1,0
2770.1833333333334,1P,0,False,True,True,True,0,,,,incoming<=0,1,0
2770.1833333333334,2P,171,False,False,True,True,0,,,,landed.is_dead=False,1,0
2770.35,1P,0,False,True,True,True,0,,,,incoming<=0,1,0
2770.35,2P,171,False,False,True,True,0,,,,landed.is_dead=False,1,0
2770.383333333333,1P,0,False,True,True,True,0,,,,incoming<=0,1,0
2770.383333333333,2P,171,False,False,True,True,0,,,,landed.is_dead=False,1,0
2770.4166666666665,1P,0,False,True,True,True,0,,,,incoming<=0,1,0
2770.4166666666665,2P,171,False,False,True,True,0,,,,landed.is_dead=False,1,0
2770.45,1P,0,False,True,True,True,0,,,,incoming<=0,1,0
2770.45,2P,171,False,False,True,True,0,,,,landed.is_dead=False,1,0
2770.5833333333335,1P,0,False,True,True,True,0,,,,incoming<=0,1,0
2770.5833333333335,2P,171,False,False,True,True,0,,,,landed.is_dead=False,1,0
2770.616666666667,1P,0,False,True,True,True,0,,,,incoming<=0,1,0
2770.616666666667,2P,171,False,True,True,True,0,,,,landed.is_dead=False,1,0
2770.65,1P,0,False,True,True,True,0,,,,incoming<=0,1,0
2770.65,2P,171,False,True,True,True,0,,,,landed.is_dead=False,1,0
2770.6833333333334,1P,0,False,True,True,True,0,,,,incoming<=0,1,0
2770.6833333333334,2P,171,False,True,True,True,0,,,,landed.is_dead=False,1,0
