idx	start_sec	end_sec	duration_sec
1	0.0	137.0	137.0
2	139.0	228.0	89.0
3	231.0	274.0	43.0
4	276.0	332.0	56.0
5	334.0	412.0	78.0
6	415.0	483.0	68.0
7	486.0	515.0	29.0
8	517.0	610.0	93.0
9	613.0	696.0	83.0
10	698.0	752.0	54.0
11	754.0	829.0	75.0
12	832.0	894.0	62.0
13	897.0	955.0	58.0
14	957.0	986.0	29.0
15	989.0	1041.0	52.0
16	1043.0	1093.0	50.0
17	1096.0	1175.0	79.0
18	1178.0	1231.0	53.0
19	1234.0	1301.0	67.0
20	1303.0	1357.0	54.0
21	1360.0	1397.0	37.0
22	1400.0	1428.0	28.0
23	1430.0	1506.0	76.0
24	1509.0	1582.0	73.0
25	1585.0	1626.0	41.0
26	1628.0	1739.0	111.0
27	1741.0	1799.0	58.0
28	1802.0	1880.0	78.0
29	1882.0	1919.0	37.0
30	1921.0	1979.0	58.0
31	1981.0	2035.0	54.0
32	2037.0	2121.0	84.0
33	2123.0	2168.0	45.0
34	2170.0	2215.0	45.0
35	2218.0	2276.0	58.0
36	2279.0	2347.0	68.0
37	2350.0	2389.0	39.0
38	2391.0	2454.0	63.0
39	2457.0	2540.0	83.0
40	2543.0	2580.0	37.0
41	2582.0	2638.0	56.0
42	2641.0	2702.0	61.0
43	2704.0	2778.0	74.0
44	2781.0	2813.0	32.0
45	2815.0	2866.0	51.0
46	2869.0	2899.0	30.0
47	2901.0	2949.0	48.0
48	2952.0	2984.0	32.0
49	2987.0	3021.0	34.0
50	3024.0	3052.0	28.0
51	3055.0	3119.0	64.0
52	3121.0	3171.0	50.0
53	3174.0	3235.0	61.0
54	3237.0	3273.0	36.0
55	3276.0	3326.0	50.0
56	3329.0	3357.0	28.0
57	3359.0	3413.0	54.0
58	3676.0	3745.0	69.0
59	3748.0	3802.0	54.0
60	3805.0	3894.0	89.0
61	3897.0	3994.0	97.0
62	3996.0	4036.0	40.0
63	4039.0	4085.0	46.0
64	4088.0	4143.0	55.0
65	4146.0	4219.0	73.0
66	4222.0	4294.0	72.0
67	4296.0	4380.0	84.0
68	4383.0	4453.0	70.0
69	4456.0	4551.0	95.0
70	4554.0	4624.0	70.0
71	4627.0	4661.0	34.0
72	4664.0	4730.0	66.0
73	4733.0	4763.0	30.0
74	4766.0	4819.0	53.0
75	4821.0	4867.0	46.0
76	4869.0	4925.0	56.0
77	4927.0	4977.0	50.0
78	4980.0	5027.0	47.0
79	5030.0	5062.0	32.0
80	5065.0	5128.0	63.0
81	5131.0	5190.0	59.0
82	5193.0	5256.0	63.0
83	5259.0	5284.0	25.0
84	5286.0	5367.0	81.0
85	5369.0	5425.0	56.0
86	5428.0	5483.0	55.0
87	5485.0	5526.0	41.0
88	5529.0	5606.0	77.0
89	5609.0	5642.0	33.0
90	5645.0	5740.0	95.0
91	5743.0	5784.0	41.0
92	5787.0	5828.0	41.0
93	5831.0	5894.0	63.0
94	5897.0	5936.0	39.0
95	5939.0	6001.0	62.0
96	6004.0	6067.0	63.0
97	6070.0	6132.0	62.0
98	6135.0	6205.0	70.0
99	6208.0	6282.0	74.0
100	6285.0	6400.0	115.0
101	6403.0	6452.0	49.0
102	6454.0	6523.0	69.0
103	6526.0	6563.0	37.0
104	6566.0	6632.0	66.0
105	6635.0	6665.0	30.0
106	6667.0	6725.0	58.0
107	6728.0	6756.0	28.0
108	6759.0	6789.0	30.0
109	6792.0	6833.0	41.0
110	6836.0	6875.0	39.0
111	6878.0	6932.0	54.0
112	6935.0	6973.0	38.0
113	6976.0	7033.0	57.0
