t_sec,side,state,changed,board_index,puyos,next,dnext,slide,score,chain_trigger,chain_count,mechanism
2611.9166666666665,1,STABLE,False,0,53,"(3, 2)","(2, 3)",False,2012,,,
2611.9166666666665,2,CHAIN,False,1,56,"(3, 3)","(3, 5)",False,,2608.9166666666665,4,formula_read
2611.95,1,STABLE,False,2,53,"(3, 2)","(2, 3)",False,2012,,,
2611.95,2,CHAIN,False,3,56,"(3, 3)","(3, 5)",False,,2608.9166666666665,4,formula_read
2611.983333333333,1,STABLE,False,4,53,"(3, 2)","(2, 3)",False,2012,,,
2611.983333333333,2,CHAIN,False,5,56,"(3, 3)","(3, 5)",False,,2608.9166666666665,4,formula_read
2612.016666666667,1,STABLE,False,6,53,"(3, 2)","(2, 3)",False,2012,,,
2612.016666666667,2,CHAIN,False,7,56,"(3, 3)","(3, 5)",False,,2608.9166666666665,4,formula_read
2612.05,1,STABLE,True,8,53,,,True,2012,,,
2612.05,2,CHAIN,False,9,56,"(3, 3)","(3, 5)",False,,2608.9166666666665,4,formula_read
2612.0833333333335,1,STABLE,True,10,53,"(2, 2)","(3, 2)",False,2012,,,
2612.0833333333335,2,CHAIN,False,11,56,"(3, 3)","(3, 5)",False,,2608.9166666666665,4,formula_read
2612.116666666667,1,STABLE,True,12,53,"(2, 3)",,False,2012,,,
2612.116666666667,2,CHAIN,False,13,56,"(3, 3)","(3, 5)",False,,2608.9166666666665,4,formula_read
2612.15,1,STABLE,True,14,53,"(2, 3)","(5, 4)",False,2012,,,
2612.15,2,CHAIN,False,15,56,"(3, 3)","(3, 5)",False,,2608.9166666666665,4,formula_read
2612.1833333333334,1,STABLE,False,16,53,"(2, 3)","(5, 4)",False,2012,,,
2612.1833333333334,2,CHAIN,False,17,56,"(3, 3)","(3, 5)",False,,2608.9166666666665,4,formula_read
2612.2166666666667,1,TSUMO_FALL,False,18,53,"(2, 3)","(5, 4)",False,2012,,,
2612.2166666666667,2,CHAIN,False,19,56,"(3, 3)","(3, 5)",False,,2608.9166666666665,4,formula_read
2612.25,1,TSUMO_FALL,False,20,53,"(2, 3)","(5, 4)",False,2012,,,
2612.25,2,CHAIN,False,21,56,"(3, 3)","(3, 5)",False,,2608.9166666666665,4,formula_read
2612.2833333333333,1,TSUMO_FALL,False,22,53,"(2, 3)","(5, 4)",False,2012,,,
2612.2833333333333,2,CHAIN,False,23,56,"(3, 3)","(3, 5)",False,,2608.9166666666665,4,formula_read
2612.3166666666666,1,STABLE,True,24,55,"(2, 3)","(5, 4)",False,2013,,,
2612.3166666666666,2,CHAIN,False,25,56,"(3, 3)","(3, 5)",False,,2608.9166666666665,4,formula_read
2612.35,1,STABLE,False,26,55,"(2, 3)","(5, 4)",False,2014,,,
2612.35,2,CHAIN,False,27,56,"(3, 3)","(3, 5)",False,,2608.9166666666665,4,formula_read
2612.383333333333,1,STABLE,False,28,55,"(2, 3)","(5, 4)",False,2015,,,
2612.383333333333,2,CHAIN,False,29,56,"(3, 3)","(3, 5)",False,,2608.9166666666665,4,formula_read
2612.4166666666665,1,TSUMO_FALL,False,30,55,"(2, 3)","(5, 4)",False,2016,,,
2612.4166666666665,2,CHAIN,False,31,56,"(3, 3)","(3, 5)",False,,2608.9166666666665,4,formula_read
2612.45,1,STABLE,True,32,56,"(2, 3)","(5, 4)",False,2017,,,
2612.45,2,CHAIN,False,33,56,"(3, 3)","(3, 5)",False,,2608.9166666666665,4,formula_read
2612.483333333333,1,OJAMA_FALL,False,34,56,"(2, 3)","(5, 4)",False,2018,,,
2612.483333333333,2,CHAIN,False,35,56,"(3, 3)","(3, 5)",False,2527,2608.9166666666665,4,formula_read
2612.516666666667,1,OJAMA_FALL,False,36,56,"(2, 3)","(5, 4)",False,2020,,,
2612.516666666667,2,CHAIN,False,37,56,"(3, 3)","(3, 5)",False,2527,2608.9166666666665,4,formula_read
2612.55,1,OJAMA_FALL,False,38,56,"(2, 3)","(5, 4)",False,2020,,,
2612.55,2,GRAVITY_SETTLE,True,39,56,,,True,2527,,,
2612.5833333333335,1,OJAMA_FALL,False,40,56,"(2, 3)","(5, 4)",False,2020,,,
2612.5833333333335,2,GRAVITY_SETTLE,True,41,56,"(9, 3)","(3, 5)",False,2527,,,
2612.616666666667,1,OJAMA_FALL,False,42,56,"(2, 3)","(5, 4)",False,2020,,,
2612.616666666667,2,GRAVITY_SETTLE,True,43,56,"(3, 3)","(3, 5)",False,2527,,,
2612.65,1,OJAMA_FALL,False,44,56,"(2, 3)","(5, 4)",False,2020,,,
2612.65,2,GRAVITY_SETTLE,False,45,56,"(3, 3)","(3, 5)",False,2527,,,
2612.6833333333334,1,STABLE,True,46,56,,,True,2020,,,
2612.6833333333334,2,GRAVITY_SETTLE,False,47,56,"(3, 3)","(3, 5)",False,2527,,,
2612.7166666666667,1,STABLE,True,48,56,"(2, 3)","(5, 4)",False,2020,,,
2612.7166666666667,2,GRAVITY_SETTLE,False,49,56,"(3, 3)","(3, 5)",False,2527,,,
2612.75,1,STABLE,False,50,56,"(2, 3)","(5, 4)",False,2020,,,
2612.75,2,GRAVITY_SETTLE,False,51,56,"(3, 3)","(3, 5)",False,2527,,,
2612.7833333333333,1,STABLE,False,52,56,"(2, 3)","(5, 4)",False,2020,,,
2612.7833333333333,2,GRAVITY_SETTLE,False,53,56,"(3, 3)","(3, 5)",False,2527,,,
2612.8166666666666,1,STABLE,True,54,56,,"(5, 4)",False,2020,,,
2612.8166666666666,2,GRAVITY_SETTLE,False,55,56,"(3, 3)","(3, 5)",False,2527,,,
2612.85,1,STABLE,True,56,56,"(2, 5)","(4, 2)",False,2020,,,
2612.85,2,GRAVITY_SETTLE,False,57,56,"(3, 3)","(3, 5)",False,2527,,,
2612.883333333333,1,STABLE,True,58,56,,,True,2020,,,
2612.883333333333,2,STABLE,True,59,46,"(3, 3)","(3, 5)",False,2527,,,
2612.9166666666665,1,STABLE,True,60,56,"(5, 4)","(4, 3)",False,2020,,,
2612.9166666666665,2,STABLE,False,61,46,"(3, 3)","(3, 5)",False,,,,
2612.95,1,OJAMA_FALL,False,62,56,"(5, 4)","(4, 3)",False,2020,,,
2612.95,2,CHAIN,False,63,46,"(3, 3)","(3, 5)",False,,2612.95,5,formula_read
2612.983333333333,1,OJAMA_FALL,False,64,56,"(5, 4)","(4, 3)",False,2020,,,
2612.983333333333,2,CHAIN,False,65,46,"(3, 3)","(3, 5)",False,,2612.95,5,formula_read
2613.016666666667,1,OJAMA_FALL,False,66,56,"(5, 4)","(4, 3)",False,2020,,,
2613.016666666667,2,CHAIN,False,67,46,"(3, 3)","(3, 5)",False,,2612.95,5,formula_read
2613.05,1,OJAMA_FALL,False,68,56,"(5, 4)","(4, 3)",False,2020,,,
2613.05,2,CHAIN,False,69,46,"(3, 3)","(3, 5)",False,,2612.95,5,formula_read
2613.0833333333335,1,STABLE,False,70,56,"(5, 4)","(4, 3)",False,2021,,,
2613.0833333333335,2,CHAIN,False,71,46,"(3, 3)","(3, 5)",False,,2612.95,5,formula_read
2613.116666666667,1,STABLE,False,72,56,"(5, 4)","(4, 3)",False,2022,,,
2613.116666666667,2,CHAIN,False,73,46,"(3, 3)","(3, 5)",False,,2612.95,5,formula_read
2613.15,1,STABLE,False,74,56,"(5, 4)","(4, 3)",False,2023,,,
2613.15,2,CHAIN,False,75,46,"(3, 3)","(3, 5)",False,,2612.95,5,formula_read
2613.1833333333334,1,TSUMO_FALL,False,76,56,"(5, 4)","(4, 3)",False,2024,,,
2613.1833333333334,2,CHAIN,False,77,46,"(3, 3)","(3, 5)",False,,2612.95,5,formula_read
2613.2166666666667,1,STABLE,True,78,57,"(5, 4)","(4, 3)",False,2026,,,
2613.2166666666667,2,CHAIN,False,79,46,"(3, 3)","(3, 5)",False,,2612.95,5,formula_read
2613.25,1,STABLE,False,80,57,"(5, 4)","(4, 3)",False,2026,,,
2613.25,2,CHAIN,False,81,46,"(3, 3)","(3, 5)",False,,2612.95,5,formula_read
2613.2833333333333,1,STABLE,False,82,57,"(5, 4)","(4, 3)",False,2026,,,
2613.2833333333333,2,CHAIN,False,83,46,"(3, 3)","(3, 5)",False,,2612.95,5,formula_read
2613.3166666666666,1,STABLE,False,84,57,"(5, 4)","(4, 3)",False,2026,,,
2613.3166666666666,2,CHAIN,False,85,46,"(3, 3)","(3, 5)",False,,2612.95,5,formula_read
2613.35,1,STABLE,False,86,57,"(5, 4)","(4, 3)",False,2026,,,
2613.35,2,CHAIN,False,87,46,"(3, 3)","(3, 5)",False,,2612.95,5,formula_read
2613.383333333333,1,STABLE,False,88,57,"(5, 4)","(4, 3)",False,2026,,,
2613.383333333333,2,CHAIN,False,89,46,"(3, 3)","(3, 5)",False,,2612.95,5,formula_read
2613.4166666666665,1,STABLE,False,90,57,"(5, 4)","(4, 3)",False,2026,,,
2613.4166666666665,2,CHAIN,False,91,46,"(3, 3)","(3, 5)",False,,2612.95,5,formula_read
2613.45,1,STABLE,False,92,57,"(5, 4)","(4, 3)",False,2026,,,
2613.45,2,CHAIN,False,93,46,"(3, 3)","(3, 5)",False,,2612.95,5,formula_read
2613.483333333333,1,STABLE,False,94,57,"(5, 4)","(4, 3)",False,2026,,,
2613.483333333333,2,CHAIN,False,95,46,"(3, 3)","(3, 5)",False,,2612.95,5,formula_read
2613.516666666667,1,STABLE,True,96,57,,,True,2026,,,
2613.516666666667,2,CHAIN,False,97,46,"(3, 3)","(3, 5)",False,,2612.95,5,formula_read
2613.55,1,STABLE,True,98,57,,"(3, 3)",False,2026,,,
2613.55,2,CHAIN,False,99,46,"(3, 3)","(3, 5)",False,,2612.95,5,formula_read
2613.5833333333335,1,STABLE,True,100,57,,,False,2026,,,
2613.5833333333335,2,CHAIN,False,101,46,"(3, 3)","(3, 5)",False,,2612.95,5,formula_read
2613.616666666667,1,STABLE,True,102,57,"(4, 3)","(9, 9)",False,2026,,,
2613.616666666667,2,CHAIN,False,103,46,"(3, 3)","(3, 5)",False,,2612.95,5,formula_read
2613.65,1,STABLE,True,104,57,"(4, 3)","(9, 5)",False,2026,,,
2613.65,2,CHAIN,False,105,46,"(3, 3)","(3, 5)",False,,2612.95,5,formula_read
2613.6833333333334,1,OJAMA_FALL,True,106,57,"(4, 3)","(2, 5)",False,2027,,,
2613.6833333333334,2,CHAIN,False,107,46,"(3, 3)","(3, 5)",False,,2612.95,5,formula_read
2613.7166666666667,1,STABLE,True,108,57,,,True,2028,,,
2613.7166666666667,2,CHAIN,False,109,46,"(3, 3)","(3, 5)",False,,2612.95,5,formula_read
2613.75,1,STABLE,True,110,57,"(4, 3)","(5, 5)",False,2029,,,
2613.75,2,CHAIN,False,111,46,"(3, 3)","(3, 5)",False,,2612.95,5,formula_read
2613.7833333333333,1,TSUMO_FALL,False,112,57,"(4, 3)","(5, 5)",False,2030,,,
2613.7833333333333,2,CHAIN,False,113,46,"(3, 3)","(3, 5)",False,,2612.95,5,formula_read
2613.8166666666666,1,STABLE,True,114,59,"(4, 3)","(5, 5)",False,2030,,,
2613.8166666666666,2,CHAIN,False,115,46,"(3, 3)","(3, 5)",False,,2612.95,5,formula_read
2613.85,1,OJAMA_FALL,False,116,59,"(4, 3)","(5, 5)",False,2031,,,
2613.85,2,CHAIN,False,117,46,"(3, 3)","(3, 5)",False,5827,2612.95,5,formula_read
2613.883333333333,1,OJAMA_FALL,False,118,59,"(4, 3)","(5, 5)",False,2031,,,
2613.883333333333,2,CHAIN,False,119,46,"(3, 3)","(3, 5)",False,5827,2612.95,5,formula_read
2613.9166666666665,1,OJAMA_FALL,False,120,59,"(4, 3)","(5, 5)",False,2031,,,
2613.9166666666665,2,CHAIN,False,121,46,"(3, 3)","(3, 5)",False,5827,2612.95,5,formula_read
2613.95,1,OJAMA_FALL,False,122,59,"(4, 3)","(5, 5)",False,2031,,,
2613.95,2,CHAIN,False,123,46,"(3, 3)","(3, 5)",False,5827,2612.95,5,formula_read
2613.983333333333,1,OJAMA_FALL,False,124,59,"(4, 3)","(5, 5)",False,2031,,,
2613.983333333333,2,CHAIN,False,125,46,"(3, 3)","(3, 5)",False,5827,2612.95,5,formula_read
2614.016666666667,1,OJAMA_FALL,False,126,59,"(4, 3)","(5, 5)",False,2031,,,
2614.016666666667,2,CHAIN,False,127,46,"(3, 3)","(3, 5)",False,5827,2612.95,5,formula_read
2614.05,1,OJAMA_FALL,False,128,59,"(4, 3)","(5, 5)",False,,,,
2614.05,2,CHAIN,False,129,46,"(3, 3)","(3, 5)",False,5827,2612.95,5,formula_read
2614.0833333333335,1,CHAIN,False,130,59,"(4, 3)","(5, 5)",False,,2614.0833333333335,1,formula_read
2614.0833333333335,2,CHAIN,False,131,46,"(3, 3)","(3, 5)",False,5827,2612.95,5,formula_read
2698.516666666667,1,STABLE,False,132,56,"(4, 1)","(1, 5)",False,3381,,,
2698.516666666667,2,OJAMA_FALL,False,133,73,"(3, 3)","(4, 4)",False,2752,,,
2698.55,1,STABLE,False,134,56,"(4, 1)","(1, 5)",False,3381,,,
2698.55,2,OJAMA_FALL,False,135,73,"(3, 3)","(4, 4)",False,2752,,,
2698.5833333333335,1,STABLE,False,136,56,"(4, 1)","(1, 5)",False,3381,,,
2698.5833333333335,2,OJAMA_FALL,False,137,73,"(3, 3)","(4, 4)",False,2752,,,
2698.616666666667,1,STABLE,False,138,56,"(4, 1)","(1, 5)",False,3381,,,
2698.616666666667,2,OJAMA_FALL,False,139,73,"(3, 3)","(4, 4)",False,2752,,,
2698.65,1,STABLE,False,140,56,"(4, 1)","(1, 5)",False,3381,,,
2698.65,2,OJAMA_FALL,False,141,73,"(3, 3)","(4, 4)",False,2752,,,
2698.6833333333334,1,STABLE,False,142,56,"(4, 1)","(1, 5)",False,3381,,,
2698.6833333333334,2,OJAMA_FALL,False,143,73,"(3, 3)","(4, 4)",False,2752,,,
2698.7166666666667,1,STABLE,False,144,56,"(4, 1)","(1, 5)",False,3381,,,
2698.7166666666667,2,OJAMA_FALL,False,145,73,"(3, 3)","(4, 4)",False,2752,,,
2698.75,1,STABLE,False,146,56,"(4, 1)","(1, 5)",False,3381,,,
2698.75,2,OJAMA_FALL,False,147,73,"(3, 3)","(4, 4)",False,2752,,,
2698.7833333333333,1,STABLE,False,148,56,"(4, 1)","(1, 5)",False,3381,,,
2698.7833333333333,2,OJAMA_FALL,False,149,73,"(3, 3)","(4, 4)",False,2752,,,
2698.8166666666666,1,STABLE,False,150,56,"(4, 1)","(1, 5)",False,3381,,,
2698.8166666666666,2,OJAMA_FALL,False,151,73,"(3, 3)","(4, 4)",False,2752,,,
2698.85,1,STABLE,False,152,56,"(4, 1)","(1, 5)",False,3381,,,
2698.85,2,OJAMA_FALL,False,153,73,"(3, 3)","(4, 4)",False,2752,,,
2698.883333333333,1,STABLE,False,154,56,"(4, 1)","(1, 5)",False,3381,,,
2698.883333333333,2,OJAMA_FALL,False,155,73,"(3, 3)","(4, 4)",False,2752,,,
2698.9166666666665,1,STABLE,False,156,56,"(4, 1)","(1, 5)",False,3381,,,
2698.9166666666665,2,OJAMA_FALL,False,157,73,"(3, 3)","(4, 4)",False,2752,,,
2698.95,1,STABLE,False,158,56,"(4, 1)","(1, 5)",False,3381,,,
2698.95,2,OJAMA_FALL,False,159,73,"(3, 3)","(4, 4)",False,2752,,,
2698.983333333333,1,STABLE,False,160,56,"(4, 1)","(1, 5)",False,3381,,,
2698.983333333333,2,OJAMA_FALL,False,161,73,"(3, 3)","(4, 4)",False,2752,,,
2699.016666666667,1,STABLE,False,162,56,"(4, 1)","(1, 5)",False,3381,,,
2699.016666666667,2,OJAMA_FALL,False,163,73,"(3, 3)","(4, 4)",False,2752,,,
2699.05,1,STABLE,False,164,56,"(4, 1)","(1, 5)",False,3381,,,
2699.05,2,OJAMA_FALL,False,165,73,"(3, 3)","(4, 4)",False,2752,,,
2699.0833333333335,1,STABLE,False,166,56,"(4, 1)","(1, 5)",False,3381,,,
2699.0833333333335,2,OJAMA_FALL,False,167,73,"(3, 3)","(4, 4)",False,2752,,,
2699.116666666667,1,STABLE,False,168,56,"(4, 1)","(1, 5)",False,3381,,,
2699.116666666667,2,OJAMA_FALL,False,169,73,"(3, 3)","(4, 4)",False,2752,,,
2699.15,1,STABLE,False,170,56,"(4, 1)","(1, 5)",False,3381,,,
2699.15,2,OJAMA_FALL,False,171,73,"(3, 3)","(4, 4)",False,2752,,,
2699.1833333333334,1,STABLE,False,172,56,"(4, 1)","(1, 5)",False,3381,,,
2699.1833333333334,2,OJAMA_FALL,False,173,73,"(3, 3)","(4, 4)",False,2752,,,
2699.2166666666667,1,STABLE,False,174,56,"(4, 1)","(1, 5)",False,3381,,,
2699.2166666666667,2,OJAMA_FALL,False,175,73,"(3, 3)","(4, 4)",False,2752,,,
2699.25,1,STABLE,False,176,56,"(4, 1)","(1, 5)",False,3381,,,
2699.25,2,OJAMA_FALL,False,177,73,"(3, 3)","(4, 4)",False,2752,,,
2699.2833333333333,1,STABLE,False,178,56,"(4, 1)","(1, 5)",False,3381,,,
2699.2833333333333,2,STABLE,False,179,73,"(3, 3)","(4, 4)",False,2752,,,
2699.3166666666666,1,STABLE,True,180,56,"(4, 1)","(1, 5)",False,3381,,,
2699.3166666666666,2,STABLE,False,181,73,"(3, 3)","(4, 4)",False,2752,,,
2699.35,1,STABLE,False,182,56,"(4, 1)","(1, 5)",False,3381,,,
2699.35,2,STABLE,False,183,73,"(3, 3)","(4, 4)",False,2752,,,
2699.383333333333,1,STABLE,False,184,56,"(4, 1)","(1, 5)",False,3381,,,
2699.383333333333,2,STABLE,False,185,73,"(3, 3)","(4, 4)",False,2752,,,
2699.4166666666665,1,STABLE,False,186,56,"(4, 1)","(1, 5)",False,3381,,,
2699.4166666666665,2,STABLE,True,187,69,"(3, 3)","(4, 4)",False,2752,,,
2699.45,1,STABLE,False,188,56,"(4, 1)","(1, 5)",False,3381,,,
2699.45,2,STABLE,True,189,69,"(3, 3)","(4, 4)",False,2752,,,
2699.483333333333,1,STABLE,False,190,56,"(4, 1)","(1, 5)",False,3381,,,
2699.483333333333,2,STABLE,True,191,65,"(3, 3)","(4, 4)",False,2752,,,
2699.516666666667,1,STABLE,True,192,56,"(4, 1)","(1, 5)",False,3381,,,
2699.516666666667,2,CHAIN,True,193,70,"(3, 3)","(4, 4)",False,2752,2699.483333333333,4,baseline
2699.55,1,STABLE,False,194,56,"(4, 1)","(1, 5)",False,3381,,,
2699.55,2,CHAIN,False,195,70,"(3, 3)","(4, 4)",False,2752,2699.483333333333,4,baseline
2699.5833333333335,1,STABLE,False,196,56,"(4, 1)","(1, 5)",False,3381,,,
2699.5833333333335,2,CHAIN,False,197,70,"(3, 3)","(4, 4)",False,2752,2699.483333333333,4,baseline
2699.616666666667,1,STABLE,False,198,56,"(4, 1)","(1, 5)",False,3381,,,
2699.616666666667,2,CHAIN,False,199,70,"(3, 3)","(4, 4)",False,2752,2699.483333333333,4,baseline
2699.65,1,STABLE,False,200,56,"(4, 1)","(1, 5)",False,3381,,,
2699.65,2,CHAIN,False,201,70,"(3, 3)","(4, 4)",False,2752,2699.483333333333,4,baseline
2699.6833333333334,1,STABLE,False,202,56,"(4, 1)","(1, 5)",False,3381,,,
2699.6833333333334,2,CHAIN,False,203,70,"(3, 3)","(4, 4)",False,2752,2699.483333333333,4,baseline
2699.7166666666667,1,STABLE,False,204,56,"(4, 1)","(1, 5)",False,3381,,,
2699.7166666666667,2,CHAIN,False,205,70,"(3, 3)","(4, 4)",False,2752,2699.483333333333,4,baseline
2699.75,1,STABLE,False,206,56,"(4, 1)","(1, 5)",False,3381,,,
2699.75,2,CHAIN,False,207,70,"(3, 3)","(4, 4)",False,2752,2699.483333333333,4,baseline
2699.7833333333333,1,STABLE,False,208,56,"(4, 1)","(1, 5)",False,3381,,,
2699.7833333333333,2,CHAIN,False,209,70,"(3, 3)","(4, 4)",False,2752,2699.483333333333,4,baseline
2699.8166666666666,1,STABLE,False,210,56,"(4, 1)","(1, 5)",False,3381,,,
2699.8166666666666,2,CHAIN,False,211,70,"(3, 3)","(4, 4)",False,2752,2699.483333333333,4,baseline
2699.85,1,STABLE,False,212,56,"(4, 1)","(1, 5)",False,3381,,,
2699.85,2,CHAIN,False,213,70,"(3, 3)","(4, 4)",False,2752,2699.483333333333,4,baseline
2699.883333333333,1,STABLE,False,214,56,"(4, 1)","(1, 5)",False,3381,,,
2699.883333333333,2,CHAIN,False,215,70,"(3, 3)","(4, 4)",False,2752,2699.483333333333,4,baseline
2699.9166666666665,1,STABLE,False,216,56,"(4, 1)","(1, 5)",False,3381,,,
2699.9166666666665,2,CHAIN,False,217,70,"(3, 3)","(4, 4)",False,2752,2699.483333333333,4,baseline
2699.95,1,STABLE,False,218,56,"(4, 1)","(1, 5)",False,3381,,,
2699.95,2,CHAIN,False,219,70,"(3, 3)","(4, 4)",False,2752,2699.483333333333,4,baseline
2699.983333333333,1,STABLE,False,220,56,"(4, 1)","(1, 5)",False,3381,,,
2699.983333333333,2,CHAIN,False,221,70,"(3, 3)","(4, 4)",False,2752,2699.483333333333,4,baseline
2700.016666666667,1,STABLE,False,222,56,"(4, 1)","(1, 5)",False,3381,,,
2700.016666666667,2,CHAIN,False,223,70,"(3, 3)","(4, 4)",False,2752,2699.483333333333,4,baseline
2700.05,1,STABLE,False,224,56,"(4, 1)","(1, 5)",False,3381,,,
2700.05,2,CHAIN,False,225,70,"(3, 3)","(4, 4)",False,2752,2699.483333333333,4,baseline
2700.0833333333335,1,STABLE,False,226,56,"(4, 1)","(1, 5)",False,3381,,,
2700.0833333333335,2,CHAIN,False,227,70,"(3, 3)","(4, 4)",False,2752,2699.483333333333,4,baseline
2700.116666666667,1,STABLE,False,228,56,"(4, 1)","(1, 5)",False,3381,,,
2700.116666666667,2,CHAIN,False,229,70,"(3, 3)","(4, 4)",False,2752,2699.483333333333,4,baseline
2700.15,1,STABLE,True,230,56,"(4, 1)","(1, 5)",False,3381,,,
2700.15,2,CHAIN,False,231,70,"(3, 3)","(4, 4)",False,2752,2699.483333333333,4,baseline
2700.1833333333334,1,STABLE,False,232,56,"(4, 1)","(1, 5)",False,3381,,,
2700.1833333333334,2,CHAIN,False,233,70,"(3, 3)","(4, 4)",False,2752,2699.483333333333,4,baseline
2700.2166666666667,1,STABLE,False,234,56,"(4, 1)","(1, 5)",False,3381,,,
2700.2166666666667,2,CHAIN,False,235,70,"(3, 3)","(4, 4)",False,2752,2699.483333333333,4,baseline
2700.25,1,STABLE,True,236,56,"(4, 1)","(1, 5)",False,3381,,,
2700.25,2,CHAIN,False,237,70,"(3, 3)","(4, 4)",False,2752,2699.483333333333,4,baseline
2700.2833333333333,1,STABLE,False,238,56,"(4, 1)","(1, 5)",False,3381,,,
2700.2833333333333,2,CHAIN,False,239,70,"(3, 3)","(4, 4)",False,2752,2699.483333333333,4,baseline
2700.3166666666666,1,STABLE,False,240,56,"(4, 1)","(1, 5)",False,3381,,,
2700.3166666666666,2,CHAIN,False,241,70,"(3, 3)","(4, 4)",False,2752,2699.483333333333,4,baseline
2700.35,1,STABLE,False,242,56,"(4, 1)","(1, 5)",False,3381,,,
2700.35,2,CHAIN,False,243,70,"(3, 3)","(4, 4)",False,2752,2699.483333333333,4,baseline
2700.383333333333,1,STABLE,False,244,56,"(4, 1)","(1, 5)",False,3381,,,
2700.383333333333,2,CHAIN,False,245,70,"(3, 3)","(4, 4)",False,2752,2699.483333333333,4,baseline
2700.4166666666665,1,STABLE,False,246,56,"(4, 1)","(1, 5)",False,3381,,,
2700.4166666666665,2,CHAIN,False,247,70,"(3, 3)","(4, 4)",False,2752,2699.483333333333,4,baseline
2700.45,1,STABLE,False,248,56,"(4, 1)","(1, 5)",False,3381,,,
2700.45,2,CHAIN,False,249,70,"(3, 3)","(4, 4)",False,2752,2699.483333333333,4,baseline
2700.483333333333,1,STABLE,False,250,56,"(4, 1)","(1, 5)",False,3381,,,
2700.483333333333,2,CHAIN,False,251,70,"(3, 3)","(4, 4)",False,2752,2699.483333333333,4,baseline
2700.516666666667,1,STABLE,False,252,56,"(4, 1)","(1, 5)",False,3381,,,
2700.516666666667,2,CHAIN,False,253,70,"(3, 3)","(4, 4)",False,2752,2699.483333333333,4,baseline
2700.55,1,STABLE,False,254,56,"(4, 1)","(1, 5)",False,3381,,,
2700.55,2,CHAIN,False,255,70,"(3, 3)","(4, 4)",False,2752,2699.483333333333,4,baseline
2700.5833333333335,1,STABLE,False,256,56,"(4, 1)","(1, 5)",False,3381,,,
2700.5833333333335,2,CHAIN,False,257,70,"(3, 3)","(4, 4)",False,2752,2699.483333333333,4,baseline
2700.616666666667,1,STABLE,False,258,56,"(4, 1)","(1, 5)",False,3381,,,
2700.616666666667,2,CHAIN,False,259,70,"(3, 3)","(4, 4)",False,2752,2699.483333333333,4,baseline
2700.65,1,STABLE,False,260,56,"(4, 1)","(1, 5)",False,3381,,,
2700.65,2,CHAIN,False,261,70,"(3, 3)","(4, 4)",False,2752,2699.483333333333,4,baseline
2700.6833333333334,1,STABLE,False,262,56,"(4, 1)","(1, 5)",False,3381,,,
2700.6833333333334,2,CHAIN,False,263,70,"(3, 3)","(4, 4)",False,2752,2699.483333333333,4,baseline
2700.7166666666667,1,STABLE,False,264,56,"(4, 1)","(1, 5)",False,3381,,,
2700.7166666666667,2,CHAIN,False,265,70,"(3, 3)","(4, 4)",False,2752,2699.483333333333,4,baseline
2700.75,1,STABLE,False,266,56,"(4, 1)","(1, 5)",False,3381,,,
2700.75,2,CHAIN,False,267,70,"(3, 3)","(4, 4)",False,2752,2699.483333333333,4,baseline
2700.7833333333333,1,STABLE,False,268,56,"(4, 1)","(1, 5)",False,3381,,,
2700.7833333333333,2,CHAIN,False,269,70,"(3, 3)","(4, 4)",False,2752,2699.483333333333,4,baseline
2700.8166666666666,1,STABLE,False,270,56,"(4, 1)","(1, 5)",False,3381,,,
2700.8166666666666,2,CHAIN,False,271,70,"(3, 3)","(4, 4)",False,2752,2699.483333333333,4,baseline
2700.85,1,STABLE,False,272,56,"(4, 1)","(1, 5)",False,3381,,,
2700.85,2,CHAIN,False,273,70,"(3, 3)","(4, 4)",False,2752,2699.483333333333,4,baseline
2700.883333333333,1,STABLE,False,274,56,"(4, 1)","(1, 5)",False,3381,,,
2700.883333333333,2,CHAIN,False,275,70,"(3, 3)","(4, 4)",False,2752,2699.483333333333,4,baseline
2700.9166666666665,1,STABLE,False,276,56,"(4, 1)","(1, 5)",False,3381,,,
2700.9166666666665,2,CHAIN,False,277,70,"(3, 3)","(4, 4)",False,2752,2699.483333333333,4,baseline
2700.95,1,STABLE,True,278,56,,,True,3381,,,
2700.95,2,GRAVITY_SETTLE,True,279,70,,,True,2752,,,
2700.983333333333,1,STABLE,True,280,56,"(4, 1)","(1, 5)",False,3381,,,
2700.983333333333,2,GRAVITY_SETTLE,True,281,70,"(3, 3)","(4, 4)",False,2752,,,
2701.016666666667,1,STABLE,True,282,56,,"(1, 5)",False,3381,,,
2701.016666666667,2,GRAVITY_SETTLE,True,283,70,"(3, 3)",,False,2752,,,
2701.05,1,STABLE,True,284,56,,,False,3381,,,
2701.05,2,GRAVITY_SETTLE,True,285,70,,,False,2752,,,
2701.0833333333335,1,STABLE,False,286,56,,,False,,,,
2701.0833333333335,2,GRAVITY_SETTLE,False,287,70,,,False,,,,
