t_sec,side,updated,reason,accepted_sec,accepted_puyos,accepted_queue,current_pair,candidates
2611.9166666666665,1,False,waiting_board_for_queue,2611.0833333333335,45,"[5, 4, 3, 2]","(5, 4)",3
2611.9166666666665,2,False,not_stable,2606.25,58,"[2, 2, 1, 3]","(2, 2)",7
2611.95,1,False,waiting_board_for_queue,2611.0833333333335,45,"[5, 4, 3, 2]","(5, 4)",3
2611.95,2,False,not_stable,2606.25,58,"[2, 2, 1, 3]","(2, 2)",7
2611.983333333333,1,False,waiting_board_for_queue,2611.0833333333335,45,"[5, 4, 3, 2]","(5, 4)",3
2611.983333333333,2,False,not_stable,2606.25,58,"[2, 2, 1, 3]","(2, 2)",7
2612.016666666667,1,False,waiting_board_for_queue,2611.0833333333335,45,"[5, 4, 3, 2]","(5, 4)",3
2612.016666666667,2,False,not_stable,2606.25,58,"[2, 2, 1, 3]","(2, 2)",7
2612.05,1,False,queue_in_transition,2611.0833333333335,45,"[5, 4, 3, 2]","(5, 4)",3
2612.05,2,False,not_stable,2606.25,58,"[2, 2, 1, 3]","(2, 2)",7
2612.0833333333335,1,False,waiting_queue_for_board,2611.0833333333335,45,"[5, 4, 3, 2]","(5, 4)",4
2612.0833333333335,2,False,not_stable,2606.25,58,"[2, 2, 1, 3]","(2, 2)",7
2612.116666666667,1,False,queue_in_transition,2611.0833333333335,45,"[5, 4, 3, 2]","(5, 4)",4
2612.116666666667,2,False,not_stable,2606.25,58,"[2, 2, 1, 3]","(2, 2)",7
2612.15,1,False,waiting_queue_for_board,2611.0833333333335,45,"[5, 4, 3, 2]","(5, 4)",5
2612.15,2,False,not_stable,2606.25,58,"[2, 2, 1, 3]","(2, 2)",7
2612.1833333333334,1,False,waiting_queue_for_board,2611.0833333333335,45,"[5, 4, 3, 2]","(5, 4)",5
2612.1833333333334,2,False,not_stable,2606.25,58,"[2, 2, 1, 3]","(2, 2)",7
2612.2166666666667,1,False,not_stable,2611.0833333333335,45,"[5, 4, 3, 2]","(5, 4)",5
2612.2166666666667,2,False,not_stable,2606.25,58,"[2, 2, 1, 3]","(2, 2)",7
2612.25,1,False,not_stable,2611.0833333333335,45,"[5, 4, 3, 2]","(5, 4)",5
2612.25,2,False,not_stable,2606.25,58,"[2, 2, 1, 3]","(2, 2)",7
2612.2833333333333,1,False,not_stable,2611.0833333333335,45,"[5, 4, 3, 2]","(5, 4)",5
2612.2833333333333,2,False,not_stable,2606.25,58,"[2, 2, 1, 3]","(2, 2)",7
2612.3166666666666,1,True,reacquired_matching_placement,2612.3166666666666,55,"[2, 3, 5, 4]",,0
2612.3166666666666,2,False,not_stable,2606.25,58,"[2, 2, 1, 3]","(2, 2)",7
2612.35,1,False,unchanged,2612.3166666666666,55,"[2, 3, 5, 4]",,0
2612.35,2,False,not_stable,2606.25,58,"[2, 2, 1, 3]","(2, 2)",7
2612.383333333333,1,False,unchanged,2612.3166666666666,55,"[2, 3, 5, 4]",,0
2612.383333333333,2,False,not_stable,2606.25,58,"[2, 2, 1, 3]","(2, 2)",7
2612.4166666666665,1,False,not_stable,2612.3166666666666,55,"[2, 3, 5, 4]",,0
2612.4166666666665,2,False,not_stable,2606.25,58,"[2, 2, 1, 3]","(2, 2)",7
2612.45,1,False,waiting_queue_for_board,2612.3166666666666,55,"[2, 3, 5, 4]",,1
2612.45,2,False,not_stable,2606.25,58,"[2, 2, 1, 3]","(2, 2)",7
2612.483333333333,1,False,not_stable,2612.3166666666666,55,"[2, 3, 5, 4]",,1
2612.483333333333,2,False,not_stable,2606.25,58,"[2, 2, 1, 3]","(2, 2)",7
2612.516666666667,1,False,not_stable,2612.3166666666666,55,"[2, 3, 5, 4]",,1
2612.516666666667,2,False,not_stable,2606.25,58,"[2, 2, 1, 3]","(2, 2)",7
2612.55,1,False,not_stable,2612.3166666666666,55,"[2, 3, 5, 4]",,1
2612.55,2,False,not_stable,2606.25,58,"[2, 2, 1, 3]","(2, 2)",7
2612.5833333333335,1,False,not_stable,2612.3166666666666,55,"[2, 3, 5, 4]",,1
2612.5833333333335,2,False,not_stable,2606.25,58,"[2, 2, 1, 3]","(2, 2)",7
2612.616666666667,1,False,not_stable,2612.3166666666666,55,"[2, 3, 5, 4]",,1
2612.616666666667,2,False,not_stable,2606.25,58,"[2, 2, 1, 3]","(2, 2)",7
2612.65,1,False,not_stable,2612.3166666666666,55,"[2, 3, 5, 4]",,1
2612.65,2,False,not_stable,2606.25,58,"[2, 2, 1, 3]","(2, 2)",7
2612.6833333333334,1,False,queue_in_transition,2612.3166666666666,55,"[2, 3, 5, 4]",,1
2612.6833333333334,2,False,not_stable,2606.25,58,"[2, 2, 1, 3]","(2, 2)",7
2612.7166666666667,1,False,waiting_queue_for_board,2612.3166666666666,55,"[2, 3, 5, 4]",,1
2612.7166666666667,2,False,not_stable,2606.25,58,"[2, 2, 1, 3]","(2, 2)",7
2612.75,1,False,waiting_queue_for_board,2612.3166666666666,55,"[2, 3, 5, 4]",,1
2612.75,2,False,not_stable,2606.25,58,"[2, 2, 1, 3]","(2, 2)",7
2612.7833333333333,1,False,waiting_queue_for_board,2612.3166666666666,55,"[2, 3, 5, 4]",,1
2612.7833333333333,2,False,not_stable,2606.25,58,"[2, 2, 1, 3]","(2, 2)",7
2612.8166666666666,1,False,queue_in_transition,2612.3166666666666,55,"[2, 3, 5, 4]",,1
2612.8166666666666,2,False,not_stable,2606.25,58,"[2, 2, 1, 3]","(2, 2)",7
2612.85,1,False,waiting_queue_for_board,2612.3166666666666,55,"[2, 3, 5, 4]",,2
2612.85,2,False,not_stable,2606.25,58,"[2, 2, 1, 3]","(2, 2)",7
2612.883333333333,1,False,queue_in_transition,2612.3166666666666,55,"[2, 3, 5, 4]",,2
2612.883333333333,2,True,observed_chain_completion,2612.883333333333,46,"[3, 3, 3, 5]",,0
2612.9166666666665,1,False,waiting_board_for_queue,2612.3166666666666,55,"[2, 3, 5, 4]","(2, 3)",3
2612.9166666666665,2,False,unchanged,2612.883333333333,46,"[3, 3, 3, 5]",,0
2612.95,1,False,not_stable,2612.3166666666666,55,"[2, 3, 5, 4]","(2, 3)",3
2612.95,2,False,not_stable,2612.883333333333,46,"[3, 3, 3, 5]",,0
2612.983333333333,1,False,not_stable,2612.3166666666666,55,"[2, 3, 5, 4]","(2, 3)",3
2612.983333333333,2,False,not_stable,2612.883333333333,46,"[3, 3, 3, 5]",,0
2613.016666666667,1,False,not_stable,2612.3166666666666,55,"[2, 3, 5, 4]","(2, 3)",3
2613.016666666667,2,False,not_stable,2612.883333333333,46,"[3, 3, 3, 5]",,0
2613.05,1,False,not_stable,2612.3166666666666,55,"[2, 3, 5, 4]","(2, 3)",3
2613.05,2,False,not_stable,2612.883333333333,46,"[3, 3, 3, 5]",,0
2613.0833333333335,1,False,waiting_board_for_queue,2612.3166666666666,55,"[2, 3, 5, 4]","(2, 3)",3
2613.0833333333335,2,False,not_stable,2612.883333333333,46,"[3, 3, 3, 5]",,0
2613.116666666667,1,False,waiting_board_for_queue,2612.3166666666666,55,"[2, 3, 5, 4]","(2, 3)",3
2613.116666666667,2,False,not_stable,2612.883333333333,46,"[3, 3, 3, 5]",,0
2613.15,1,False,waiting_board_for_queue,2612.3166666666666,55,"[2, 3, 5, 4]","(2, 3)",3
2613.15,2,False,not_stable,2612.883333333333,46,"[3, 3, 3, 5]",,0
2613.1833333333334,1,False,not_stable,2612.3166666666666,55,"[2, 3, 5, 4]","(2, 3)",3
2613.1833333333334,2,False,not_stable,2612.883333333333,46,"[3, 3, 3, 5]",,0
2613.2166666666667,1,True,placement_and_queue_aligned,2613.2166666666667,57,"[5, 4, 4, 3]",,0
2613.2166666666667,2,False,not_stable,2612.883333333333,46,"[3, 3, 3, 5]",,0
2613.25,1,False,unchanged,2613.2166666666667,57,"[5, 4, 4, 3]",,0
2613.25,2,False,not_stable,2612.883333333333,46,"[3, 3, 3, 5]",,0
2613.2833333333333,1,False,unchanged,2613.2166666666667,57,"[5, 4, 4, 3]",,0
2613.2833333333333,2,False,not_stable,2612.883333333333,46,"[3, 3, 3, 5]",,0
2613.3166666666666,1,False,unchanged,2613.2166666666667,57,"[5, 4, 4, 3]",,0
2613.3166666666666,2,False,not_stable,2612.883333333333,46,"[3, 3, 3, 5]",,0
2613.35,1,False,unchanged,2613.2166666666667,57,"[5, 4, 4, 3]",,0
2613.35,2,False,not_stable,2612.883333333333,46,"[3, 3, 3, 5]",,0
2613.383333333333,1,False,unchanged,2613.2166666666667,57,"[5, 4, 4, 3]",,0
2613.383333333333,2,False,not_stable,2612.883333333333,46,"[3, 3, 3, 5]",,0
2613.4166666666665,1,False,unchanged,2613.2166666666667,57,"[5, 4, 4, 3]",,0
2613.4166666666665,2,False,not_stable,2612.883333333333,46,"[3, 3, 3, 5]",,0
2613.45,1,False,unchanged,2613.2166666666667,57,"[5, 4, 4, 3]",,0
2613.45,2,False,not_stable,2612.883333333333,46,"[3, 3, 3, 5]",,0
2613.483333333333,1,False,unchanged,2613.2166666666667,57,"[5, 4, 4, 3]",,0
2613.483333333333,2,False,not_stable,2612.883333333333,46,"[3, 3, 3, 5]",,0
2613.516666666667,1,False,queue_in_transition,2613.2166666666667,57,"[5, 4, 4, 3]",,0
2613.516666666667,2,False,not_stable,2612.883333333333,46,"[3, 3, 3, 5]",,0
2613.55,1,False,queue_in_transition,2613.2166666666667,57,"[5, 4, 4, 3]",,0
2613.55,2,False,not_stable,2612.883333333333,46,"[3, 3, 3, 5]",,0
2613.5833333333335,1,False,queue_in_transition,2613.2166666666667,57,"[5, 4, 4, 3]",,0
2613.5833333333335,2,False,not_stable,2612.883333333333,46,"[3, 3, 3, 5]",,0
2613.616666666667,1,False,queue_in_transition,2613.2166666666667,57,"[5, 4, 4, 3]",,0
2613.616666666667,2,False,not_stable,2612.883333333333,46,"[3, 3, 3, 5]",,0
2613.65,1,False,queue_in_transition,2613.2166666666667,57,"[5, 4, 4, 3]",,0
2613.65,2,False,not_stable,2612.883333333333,46,"[3, 3, 3, 5]",,0
2613.6833333333334,1,False,not_stable,2613.2166666666667,57,"[5, 4, 4, 3]",,0
2613.6833333333334,2,False,not_stable,2612.883333333333,46,"[3, 3, 3, 5]",,0
2613.7166666666667,1,False,queue_in_transition,2613.2166666666667,57,"[5, 4, 4, 3]",,0
2613.7166666666667,2,False,not_stable,2612.883333333333,46,"[3, 3, 3, 5]",,0
2613.75,1,False,waiting_board_for_queue,2613.2166666666667,57,"[5, 4, 4, 3]","(5, 4)",1
2613.75,2,False,not_stable,2612.883333333333,46,"[3, 3, 3, 5]",,0
2613.7833333333333,1,False,not_stable,2613.2166666666667,57,"[5, 4, 4, 3]","(5, 4)",1
2613.7833333333333,2,False,not_stable,2612.883333333333,46,"[3, 3, 3, 5]",,0
2613.8166666666666,1,True,placement_and_queue_aligned,2613.8166666666666,59,"[4, 3, 5, 5]",,0
2613.8166666666666,2,False,not_stable,2612.883333333333,46,"[3, 3, 3, 5]",,0
2613.85,1,False,not_stable,2613.8166666666666,59,"[4, 3, 5, 5]",,0
2613.85,2,False,not_stable,2612.883333333333,46,"[3, 3, 3, 5]",,0
2613.883333333333,1,False,not_stable,2613.8166666666666,59,"[4, 3, 5, 5]",,0
2613.883333333333,2,False,not_stable,2612.883333333333,46,"[3, 3, 3, 5]",,0
2613.9166666666665,1,False,not_stable,2613.8166666666666,59,"[4, 3, 5, 5]",,0
2613.9166666666665,2,False,not_stable,2612.883333333333,46,"[3, 3, 3, 5]",,0
2613.95,1,False,not_stable,2613.8166666666666,59,"[4, 3, 5, 5]",,0
2613.95,2,False,not_stable,2612.883333333333,46,"[3, 3, 3, 5]",,0
2613.983333333333,1,False,not_stable,2613.8166666666666,59,"[4, 3, 5, 5]",,0
2613.983333333333,2,False,not_stable,2612.883333333333,46,"[3, 3, 3, 5]",,0
2614.016666666667,1,False,not_stable,2613.8166666666666,59,"[4, 3, 5, 5]",,0
2614.016666666667,2,False,not_stable,2612.883333333333,46,"[3, 3, 3, 5]",,0
2614.05,1,False,not_stable,2613.8166666666666,59,"[4, 3, 5, 5]",,0
2614.05,2,False,not_stable,2612.883333333333,46,"[3, 3, 3, 5]",,0
2614.0833333333335,1,False,not_stable,2613.8166666666666,59,"[4, 3, 5, 5]",,0
2614.0833333333335,2,False,not_stable,2612.883333333333,46,"[3, 3, 3, 5]",,0
