t_sec,source,s3,s3_sec,landing,landing_sec,combined,landing_m0,1P_NF_k1,1P_NF_k2,1P_NF_k3,1P_NF_k4,1P_NF_k5,1P_counter_margin,1P_incoming,1P_hands,1P_board_changed,1P_queue_changed,1P_board_update_sec,1P_next_update_sec,1P_confirmed_sec,1P_state,1P_board_puyos,1P_board_ojama,1P_center_height,1P_virtual_puyos,1P_virtual_dead,2P_NF_k1,2P_NF_k2,2P_NF_k3,2P_NF_k4,2P_NF_k5,2P_counter_margin,2P_incoming,2P_hands,2P_board_changed,2P_queue_changed,2P_board_update_sec,2P_next_update_sec,2P_confirmed_sec,2P_state,2P_board_puyos,2P_board_ojama,2P_center_height,2P_virtual_puyos,2P_virtual_dead
2611.9166666666665,S3_landing,0.3703935038596793,2611.8166666666666,0.27599133702394685,2611.8166666666666,0.3213703243923781,0.08612586853498055,124.00000000000004,124.00000000000004,124.00000000000004,124.00000000000004,124.00000000000004,-388.71428571428584,388,11,False,False,2611.8166666666666,2611.483333333333,2611.9166666666665,STABLE,53,0,7,74,True,89.99999999999997,89.99999999999997,89.99999999999997,89.99999999999997,89.99999999999997,0.0,0,1,False,False,2608.75,2608.7833333333333,2608.7833333333333,CHAIN,56,2,12,56,True
2611.95,S3_landing,0.3703935038596793,2611.8166666666666,0.27599133702394685,2611.8166666666666,0.3213703243923781,0.08612586853498055,124.00000000000004,124.00000000000004,124.00000000000004,124.00000000000004,124.00000000000004,-388.71428571428584,388,11,False,False,2611.8166666666666,2611.483333333333,2611.95,STABLE,53,0,7,74,True,89.99999999999997,89.99999999999997,89.99999999999997,89.99999999999997,89.99999999999997,0.0,0,1,False,False,2608.75,2608.7833333333333,2608.7833333333333,CHAIN,56,2,12,56,True
2611.983333333333,S3_landing,0.3703935038596793,2611.8166666666666,0.27599133702394685,2611.983333333333,0.3213703243923781,0.08612586853498055,124.00000000000004,124.00000000000004,124.00000000000004,124.00000000000004,124.00000000000004,-388.71428571428584,388,10,False,False,2611.8166666666666,2611.483333333333,2611.983333333333,STABLE,53,0,7,74,True,89.99999999999997,89.99999999999997,89.99999999999997,89.99999999999997,89.99999999999997,0.0,0,1,False,False,2608.75,2608.7833333333333,2608.7833333333333,CHAIN,56,2,12,56,True
2612.016666666667,S3_landing,0.3703935038596793,2611.8166666666666,0.27599133702394685,2611.983333333333,0.3213703243923781,0.08612586853498055,124.00000000000004,124.00000000000004,124.00000000000004,124.00000000000004,124.00000000000004,-388.71428571428584,388,10,False,False,2611.8166666666666,2611.483333333333,2612.016666666667,STABLE,53,0,7,74,True,89.99999999999997,89.99999999999997,89.99999999999997,89.99999999999997,89.99999999999997,0.0,0,1,False,False,2608.75,2608.7833333333333,2608.7833333333333,CHAIN,56,2,12,56,True
2612.05,S3_landing,0.41948240317432445,2612.05,0.27694616432098185,2612.05,0.34473142794431416,0.09105522559111921,458.00000000000006,458.00000000000006,458.00000000000006,458.00000000000006,458.00000000000006,-387.7142857142856,388,10,False,True,2611.8166666666666,2612.05,2612.05,STABLE,53,0,7,74,True,89.99999999999997,89.99999999999997,89.99999999999997,89.99999999999997,89.99999999999997,0.0,0,1,False,False,2608.75,2608.7833333333333,2608.7833333333333,CHAIN,56,2,12,56,True
2612.0833333333335,S3_landing,0.3327514095188333,2612.0833333333335,0.27732352805221455,2612.0833333333335,0.30432806423909653,0.09306943133987054,1.9999999999999996,570.0000000000001,570.0000000000001,570.0000000000001,570.0000000000001,-388.71428571428584,388,10,False,True,2611.8166666666666,2612.0833333333335,2612.0833333333335,STABLE,53,0,7,74,True,89.99999999999997,89.99999999999997,89.99999999999997,89.99999999999997,89.99999999999997,0.0,0,1,False,False,2608.75,2608.7833333333333,2608.7833333333333,CHAIN,56,2,12,56,True
2612.116666666667,S3_landing,0.4240637377133467,2612.116666666667,0.2781305174317795,2612.116666666667,0.3475256064412833,0.09750545214597409,569.0000000000002,569.0000000000002,569.0000000000002,569.0000000000002,569.0000000000002,-388.71428571428584,388,10,False,True,2611.8166666666666,2612.116666666667,2612.116666666667,STABLE,53,0,7,74,True,89.99999999999997,89.99999999999997,89.99999999999997,89.99999999999997,89.99999999999997,0.0,0,1,False,False,2608.75,2608.7833333333333,2608.7833333333333,CHAIN,56,2,12,56,True
2612.15,S3_landing,0.4240637377133467,2612.15,0.2761370916950775,2612.15,0.3463982944524129,0.08686305817528854,731.9999999999998,731.9999999999998,731.9999999999998,731.9999999999998,731.9999999999998,-388.71428571428584,388,10,False,True,2611.8166666666666,2612.15,2612.15,STABLE,53,0,7,74,True,89.99999999999997,89.99999999999997,89.99999999999997,89.99999999999997,89.99999999999997,0.0,0,1,False,False,2608.75,2608.7833333333333,2608.7833333333333,CHAIN,56,2,12,56,True
2612.1833333333334,S3_landing,0.4240637377133467,2612.15,0.2761370916950775,2612.15,0.3463982944524129,0.08686305817528854,731.9999999999998,731.9999999999998,731.9999999999998,731.9999999999998,731.9999999999998,-388.71428571428584,388,10,False,False,2611.8166666666666,2612.15,2612.1833333333334,STABLE,53,0,7,74,True,89.99999999999997,89.99999999999997,89.99999999999997,89.99999999999997,89.99999999999997,0.0,0,1,False,False,2608.75,2608.7833333333333,2608.7833333333333,CHAIN,56,2,12,56,True
2612.2166666666667,S3_landing,0.4240637377133467,2612.15,0.2761370916950775,2612.15,0.3463982944524129,0.08686305817528854,731.9999999999998,731.9999999999998,731.9999999999998,731.9999999999998,731.9999999999998,-388.71428571428584,388,10,False,False,2611.8166666666666,2612.15,2612.1833333333334,TSUMO_FALL,53,0,7,74,True,89.99999999999997,89.99999999999997,89.99999999999997,89.99999999999997,89.99999999999997,0.0,0,1,False,False,2608.75,2608.7833333333333,2608.7833333333333,CHAIN,56,2,12,56,True
2612.25,S3_landing,0.4240637377133467,2612.15,0.2761370916950775,2612.15,0.3463982944524129,0.08686305817528854,731.9999999999998,731.9999999999998,731.9999999999998,731.9999999999998,731.9999999999998,-388.71428571428584,388,10,False,False,2611.8166666666666,2612.15,2612.1833333333334,TSUMO_FALL,53,0,7,74,True,89.99999999999997,89.99999999999997,89.99999999999997,89.99999999999997,89.99999999999997,0.0,0,1,False,False,2608.75,2608.7833333333333,2608.7833333333333,CHAIN,56,2,12,56,True
2612.2833333333333,S3_landing,0.4240637377133467,2612.15,0.2761370916950775,2612.15,0.3463982944524129,0.08686305817528854,731.9999999999998,731.9999999999998,731.9999999999998,731.9999999999998,731.9999999999998,-388.71428571428584,388,10,False,False,2611.8166666666666,2612.15,2612.1833333333334,TSUMO_FALL,53,0,7,74,True,89.99999999999997,89.99999999999997,89.99999999999997,89.99999999999997,89.99999999999997,0.0,0,1,False,False,2608.75,2608.7833333333333,2608.7833333333333,CHAIN,56,2,12,56,True
2612.3166666666666,S3_landing,0.4300864141247206,2612.3166666666666,0.29329318082145217,2612.3166666666666,0.3588242507914364,0.11238609325094749,1116.0000000000002,1116.0000000000002,1116.0000000000002,1116.0000000000002,1116.0000000000002,-388.71428571428584,388,10,True,False,2612.3166666666666,2612.15,2612.3166666666666,STABLE,55,0,7,76,True,89.99999999999997,89.99999999999997,89.99999999999997,89.99999999999997,89.99999999999997,0.0,0,1,False,False,2608.75,2608.7833333333333,2608.7833333333333,CHAIN,56,2,12,56,True
2612.35,S3_landing,0.4300864141247206,2612.3166666666666,0.29329318082145217,2612.3166666666666,0.3588242507914364,0.11238609325094749,1116.0000000000002,1116.0000000000002,1116.0000000000002,1116.0000000000002,1116.0000000000002,-388.71428571428584,388,10,False,False,2612.3166666666666,2612.15,2612.35,STABLE,55,0,7,76,True,89.99999999999997,89.99999999999997,89.99999999999997,89.99999999999997,89.99999999999997,0.0,0,1,False,False,2608.75,2608.7833333333333,2608.7833333333333,CHAIN,56,2,12,56,True
2612.383333333333,S3_landing,0.4300864141247206,2612.3166666666666,0.29329318082145217,2612.3166666666666,0.3588242507914364,0.11238609325094749,1116.0000000000002,1116.0000000000002,1116.0000000000002,1116.0000000000002,1116.0000000000002,-388.71428571428584,388,10,False,False,2612.3166666666666,2612.15,2612.383333333333,STABLE,55,0,7,76,True,89.99999999999997,89.99999999999997,89.99999999999997,89.99999999999997,89.99999999999997,0.0,0,1,False,False,2608.75,2608.7833333333333,2608.7833333333333,CHAIN,56,2,12,56,True
2612.4166666666665,S3_landing,0.4300864141247206,2612.3166666666666,0.29329318082145217,2612.3166666666666,0.3588242507914364,0.11238609325094749,1116.0000000000002,1116.0000000000002,1116.0000000000002,1116.0000000000002,1116.0000000000002,-388.71428571428584,388,10,False,False,2612.3166666666666,2612.15,2612.383333333333,TSUMO_FALL,55,0,7,76,True,89.99999999999997,89.99999999999997,89.99999999999997,89.99999999999997,89.99999999999997,0.0,0,1,False,False,2608.75,2608.7833333333333,2608.7833333333333,CHAIN,56,2,12,56,True
2612.45,S3_landing,0.4300864141247206,2612.45,0.18625202053511017,2612.45,0.29358735983595413,0.15051334910502975,1078.0,1078.0,1078.0,1078.0,1078.0,-388.71428571428584,388,10,True,False,2612.45,2612.15,2612.45,STABLE,56,0,7,77,True,89.99999999999997,89.99999999999997,89.99999999999997,89.99999999999997,89.99999999999997,0.0,0,1,False,False,2608.75,2608.7833333333333,2608.7833333333333,CHAIN,56,2,12,56,True
2612.483333333333,S3_landing,0.4300864141247206,2612.45,0.18625202053511017,2612.45,0.29358735983595413,0.15051334910502975,1078.0,1078.0,1078.0,1078.0,1078.0,-388.71428571428584,388,10,False,False,2612.45,2612.15,2612.45,OJAMA_FALL,56,0,7,77,True,89.99999999999997,89.99999999999997,89.99999999999997,89.99999999999997,89.99999999999997,0.0,0,1,False,False,2608.75,2608.7833333333333,2608.7833333333333,CHAIN,56,2,12,56,True
2612.516666666667,S3_landing,0.4300864141247206,2612.45,0.18625202053511017,2612.45,0.29358735983595413,0.15051334910502975,1078.0,1078.0,1078.0,1078.0,1078.0,-388.71428571428584,388,10,False,False,2612.45,2612.15,2612.45,OJAMA_FALL,56,0,7,77,True,89.99999999999997,89.99999999999997,89.99999999999997,89.99999999999997,89.99999999999997,0.0,0,1,False,False,2608.75,2608.7833333333333,2608.7833333333333,CHAIN,56,2,12,56,True
2612.55,S3_landing,0.4300864141247206,2612.45,0.18625202053511017,2612.45,0.29358735983595413,0.15051334910502975,1078.0,1078.0,1078.0,1078.0,1078.0,-388.71428571428584,388,10,False,False,2612.45,2612.15,2612.45,OJAMA_FALL,56,0,7,77,True,89.99999999999997,89.99999999999997,89.99999999999997,89.99999999999997,89.99999999999997,0.0,0,1,False,False,2608.75,2608.7833333333333,2608.7833333333333,GRAVITY_SETTLE,56,2,12,56,True
2612.5833333333335,S3_landing,0.4300864141247206,2612.45,0.18625202053511017,2612.45,0.29358735983595413,0.15051334910502975,1078.0,1078.0,1078.0,1078.0,1078.0,-388.71428571428584,388,10,False,False,2612.45,2612.15,2612.45,OJAMA_FALL,56,0,7,77,True,89.99999999999997,89.99999999999997,89.99999999999997,89.99999999999997,89.99999999999997,0.0,0,1,False,False,2608.75,2608.7833333333333,2608.7833333333333,GRAVITY_SETTLE,56,2,12,56,True
2612.616666666667,S3_landing,0.4300864141247206,2612.45,0.18625202053511017,2612.45,0.29358735983595413,0.15051334910502975,1078.0,1078.0,1078.0,1078.0,1078.0,-388.71428571428584,388,10,False,False,2612.45,2612.15,2612.45,OJAMA_FALL,56,0,7,77,True,89.99999999999997,89.99999999999997,89.99999999999997,89.99999999999997,89.99999999999997,0.0,0,1,False,False,2608.75,2608.7833333333333,2608.7833333333333,GRAVITY_SETTLE,56,2,12,56,True
2612.65,S3_landing,0.4300864141247206,2612.45,0.18625202053511017,2612.45,0.29358735983595413,0.15051334910502975,1078.0,1078.0,1078.0,1078.0,1078.0,-388.71428571428584,388,10,False,False,2612.45,2612.15,2612.45,OJAMA_FALL,56,0,7,77,True,89.99999999999997,89.99999999999997,89.99999999999997,89.99999999999997,89.99999999999997,0.0,0,1,False,False,2608.75,2608.7833333333333,2608.7833333333333,GRAVITY_SETTLE,56,2,12,56,True
2612.6833333333334,S3_landing,0.4300864141247206,2612.6833333333334,0.1800674417016636,2612.6833333333334,0.28931882844217527,0.13919537907626095,873.9999999999997,873.9999999999997,873.9999999999997,873.9999999999997,873.9999999999997,-387.7142857142856,388,10,False,True,2612.45,2612.6833333333334,2612.6833333333334,STABLE,56,0,7,77,True,89.99999999999997,89.99999999999997,89.99999999999997,89.99999999999997,89.99999999999997,0.0,0,1,False,False,2608.75,2608.7833333333333,2608.7833333333333,GRAVITY_SETTLE,56,2,12,56,True
2612.7166666666667,S3_landing,0.4300864141247206,2612.7166666666667,0.18625202053511017,2612.7166666666667,0.29358735983595413,0.15051334910502975,1078.0,1078.0,1078.0,1078.0,1078.0,-388.71428571428584,388,9,False,True,2612.45,2612.7166666666667,2612.7166666666667,STABLE,56,0,7,77,True,89.99999999999997,89.99999999999997,89.99999999999997,89.99999999999997,89.99999999999997,0.0,0,1,False,False,2608.75,2608.7833333333333,2608.7833333333333,GRAVITY_SETTLE,56,2,12,56,True
2612.75,S3_landing,0.4300864141247206,2612.7166666666667,0.18625202053511017,2612.7166666666667,0.29358735983595413,0.15051334910502975,1078.0,1078.0,1078.0,1078.0,1078.0,-388.71428571428584,388,9,False,False,2612.45,2612.7166666666667,2612.75,STABLE,56,0,7,77,True,89.99999999999997,89.99999999999997,89.99999999999997,89.99999999999997,89.99999999999997,0.0,0,1,False,False,2608.75,2608.7833333333333,2608.7833333333333,GRAVITY_SETTLE,56,2,12,56,True
2612.7833333333333,S3_landing,0.4300864141247206,2612.7166666666667,0.18625202053511017,2612.7166666666667,0.29358735983595413,0.15051334910502975,1078.0,1078.0,1078.0,1078.0,1078.0,-388.71428571428584,388,9,False,False,2612.45,2612.7166666666667,2612.7833333333333,STABLE,56,0,7,77,True,89.99999999999997,89.99999999999997,89.99999999999997,89.99999999999997,89.99999999999997,0.0,0,1,False,False,2608.75,2608.7833333333333,2608.7833333333333,GRAVITY_SETTLE,56,2,12,56,True
2612.8166666666666,S3_landing,0.4300864141247206,2612.8166666666666,0.18339585476397188,2612.8166666666666,0.2916253797546323,0.14523201591879353,1078.0,1078.0,1078.0,1078.0,1078.0,-387.7142857142856,388,9,False,True,2612.45,2612.8166666666666,2612.8166666666666,STABLE,56,0,7,77,True,89.99999999999997,89.99999999999997,89.99999999999997,89.99999999999997,89.99999999999997,0.0,0,1,False,False,2608.75,2608.7833333333333,2608.7833333333333,GRAVITY_SETTLE,56,2,12,56,True
2612.85,S3_landing,0.4300864141247206,2612.85,0.1689490969220951,2612.85,0.2814468438072574,0.11997224864405077,873.9999999999997,873.9999999999997,873.9999999999997,873.9999999999997,873.9999999999997,-387.7142857142856,388,9,False,True,2612.45,2612.85,2612.85,STABLE,56,0,7,77,True,89.99999999999997,89.99999999999997,89.99999999999997,89.99999999999997,89.99999999999997,0.0,0,1,False,False,2608.75,2608.7833333333333,2608.7833333333333,GRAVITY_SETTLE,56,2,12,56,True
2612.883333333333,S3_landing,0.4300864141247206,2612.883333333333,0.0640928494278987,2612.883333333333,0.18522494983854493,0.08486387460742294,873.9999999999997,873.9999999999997,873.9999999999997,873.9999999999997,873.9999999999997,-387.7142857142856,388,9,False,True,2612.45,2612.883333333333,2612.883333333333,STABLE,56,0,7,77,True,89.99999999999997,89.99999999999997,89.99999999999997,89.99999999999997,89.99999999999997,0.0,0,1,True,False,2612.883333333333,2608.7833333333333,2612.883333333333,STABLE,46,0,5,46,False
2612.9166666666665,S3_landing,0.5572358587901212,2612.9166666666665,0.06360502079113706,2612.9166666666665,0.22623449864616016,0.08347284968937144,1078.0,1078.0,1078.0,1078.0,1078.0,689.2857142857144,388,9,False,True,2612.45,2612.9166666666665,2612.9166666666665,STABLE,56,0,7,77,True,89.99999999999997,89.99999999999997,89.99999999999997,89.99999999999997,89.99999999999997,0.0,0,1,False,False,2612.883333333333,2608.7833333333333,2612.9166666666665,STABLE,46,0,5,46,False
2612.95,S3_landing,0.5572358587901212,2612.9166666666665,0.06360502079113706,2612.9166666666665,0.22623449864616016,0.08347284968937144,1078.0,1078.0,1078.0,1078.0,1078.0,689.2857142857144,388,9,False,False,2612.45,2612.9166666666665,2612.9166666666665,OJAMA_FALL,56,0,7,77,True,89.99999999999997,89.99999999999997,89.99999999999997,89.99999999999997,89.99999999999997,0.0,0,1,False,False,2612.883333333333,2608.7833333333333,2612.9166666666665,CHAIN,46,0,5,46,False
2612.983333333333,S3_landing,0.5572358587901212,2612.9166666666665,0.06360502079113706,2612.9166666666665,0.22623449864616016,0.08347284968937144,1078.0,1078.0,1078.0,1078.0,1078.0,689.2857142857144,388,9,False,False,2612.45,2612.9166666666665,2612.9166666666665,OJAMA_FALL,56,0,7,77,True,89.99999999999997,89.99999999999997,89.99999999999997,89.99999999999997,89.99999999999997,0.0,0,1,False,False,2612.883333333333,2608.7833333333333,2612.9166666666665,CHAIN,46,0,5,46,False
2613.016666666667,S3_landing,0.5572358587901212,2612.9166666666665,0.06360502079113706,2612.9166666666665,0.22623449864616016,0.08347284968937144,1078.0,1078.0,1078.0,1078.0,1078.0,689.2857142857144,388,9,False,False,2612.45,2612.9166666666665,2612.9166666666665,OJAMA_FALL,56,0,7,77,True,89.99999999999997,89.99999999999997,89.99999999999997,89.99999999999997,89.99999999999997,0.0,0,1,False,False,2612.883333333333,2608.7833333333333,2612.9166666666665,CHAIN,46,0,5,46,False
2613.05,S3_landing,0.5572358587901212,2612.9166666666665,0.06360502079113706,2612.9166666666665,0.22623449864616016,0.08347284968937144,1078.0,1078.0,1078.0,1078.0,1078.0,689.2857142857144,388,9,False,False,2612.45,2612.9166666666665,2612.9166666666665,OJAMA_FALL,56,0,7,77,True,89.99999999999997,89.99999999999997,89.99999999999997,89.99999999999997,89.99999999999997,0.0,0,1,False,False,2612.883333333333,2608.7833333333333,2612.9166666666665,CHAIN,46,0,5,46,False
2613.0833333333335,S3_landing,0.5572358587901212,2612.9166666666665,0.06360502079113706,2612.9166666666665,0.22623449864616016,0.08347284968937144,1078.0,1078.0,1078.0,1078.0,1078.0,689.2857142857144,388,9,False,False,2612.45,2612.9166666666665,2613.0833333333335,STABLE,56,0,7,77,True,89.99999999999997,89.99999999999997,89.99999999999997,89.99999999999997,89.99999999999997,0.0,0,1,False,False,2612.883333333333,2608.7833333333333,2612.9166666666665,CHAIN,46,0,5,46,False
2613.116666666667,S3_landing,0.5572358587901212,2612.9166666666665,0.06360502079113706,2612.9166666666665,0.22623449864616016,0.08347284968937144,1078.0,1078.0,1078.0,1078.0,1078.0,689.2857142857144,388,9,False,False,2612.45,2612.9166666666665,2613.116666666667,STABLE,56,0,7,77,True,89.99999999999997,89.99999999999997,89.99999999999997,89.99999999999997,89.99999999999997,0.0,0,1,False,False,2612.883333333333,2608.7833333333333,2612.9166666666665,CHAIN,46,0,5,46,False
2613.15,S3_landing,0.5572358587901212,2612.9166666666665,0.06360502079113706,2612.9166666666665,0.22623449864616016,0.08347284968937144,1078.0,1078.0,1078.0,1078.0,1078.0,689.2857142857144,388,9,False,False,2612.45,2612.9166666666665,2613.15,STABLE,56,0,7,77,True,89.99999999999997,89.99999999999997,89.99999999999997,89.99999999999997,89.99999999999997,0.0,0,1,False,False,2612.883333333333,2608.7833333333333,2612.9166666666665,CHAIN,46,0,5,46,False
2613.1833333333334,S3_landing,0.5572358587901212,2612.9166666666665,0.06360502079113706,2612.9166666666665,0.22623449864616016,0.08347284968937144,1078.0,1078.0,1078.0,1078.0,1078.0,689.2857142857144,388,9,False,False,2612.45,2612.9166666666665,2613.15,TSUMO_FALL,56,0,7,77,True,89.99999999999997,89.99999999999997,89.99999999999997,89.99999999999997,89.99999999999997,0.0,0,1,False,False,2612.883333333333,2608.7833333333333,2612.9166666666665,CHAIN,46,0,5,46,False
2613.2166666666667,S3_landing,0.5572358587901212,2613.2166666666667,0.06829045259233199,2613.2166666666667,0.23296398486972886,0.08993663633454935,1116.0000000000002,1116.0000000000002,1116.0000000000002,1116.0000000000002,1116.0000000000002,727.2857142857142,388,9,True,False,2613.2166666666667,2612.9166666666665,2613.2166666666667,STABLE,57,0,7,77,True,89.99999999999997,89.99999999999997,89.99999999999997,89.99999999999997,89.99999999999997,0.0,0,1,False,False,2612.883333333333,2608.7833333333333,2612.9166666666665,CHAIN,46,0,5,46,False
2613.25,S3_landing,0.5572358587901212,2613.2166666666667,0.06829045259233199,2613.2166666666667,0.23296398486972886,0.08993663633454935,1116.0000000000002,1116.0000000000002,1116.0000000000002,1116.0000000000002,1116.0000000000002,727.2857142857142,388,9,False,False,2613.2166666666667,2612.9166666666665,2613.25,STABLE,57,0,7,77,True,89.99999999999997,89.99999999999997,89.99999999999997,89.99999999999997,89.99999999999997,0.0,0,1,False,False,2612.883333333333,2608.7833333333333,2612.9166666666665,CHAIN,46,0,5,46,False
2613.2833333333333,S3_landing,0.5572358587901212,2613.2166666666667,0.06829045259233199,2613.2166666666667,0.23296398486972886,0.08993663633454935,1116.0000000000002,1116.0000000000002,1116.0000000000002,1116.0000000000002,1116.0000000000002,727.2857142857142,388,9,False,False,2613.2166666666667,2612.9166666666665,2613.2833333333333,STABLE,57,0,7,77,True,89.99999999999997,89.99999999999997,89.99999999999997,89.99999999999997,89.99999999999997,0.0,0,1,False,False,2612.883333333333,2608.7833333333333,2612.9166666666665,CHAIN,46,0,5,46,False
2613.3166666666666,S3_landing,0.5572358587901212,2613.2166666666667,0.06829045259233199,2613.2166666666667,0.23296398486972886,0.08993663633454935,1116.0000000000002,1116.0000000000002,1116.0000000000002,1116.0000000000002,1116.0000000000002,727.2857142857142,388,9,False,False,2613.2166666666667,2612.9166666666665,2613.3166666666666,STABLE,57,0,7,77,True,89.99999999999997,89.99999999999997,89.99999999999997,89.99999999999997,89.99999999999997,0.0,0,1,False,False,2612.883333333333,2608.7833333333333,2612.9166666666665,CHAIN,46,0,5,46,False
2613.35,S3_landing,0.5572358587901212,2613.2166666666667,0.06829045259233199,2613.2166666666667,0.23296398486972886,0.08993663633454935,1116.0000000000002,1116.0000000000002,1116.0000000000002,1116.0000000000002,1116.0000000000002,727.2857142857142,388,9,False,False,2613.2166666666667,2612.9166666666665,2613.35,STABLE,57,0,7,77,True,89.99999999999997,89.99999999999997,89.99999999999997,89.99999999999997,89.99999999999997,0.0,0,1,False,False,2612.883333333333,2608.7833333333333,2612.9166666666665,CHAIN,46,0,5,46,False
2613.383333333333,S3_landing,0.5572358587901212,2613.2166666666667,0.06829045259233199,2613.2166666666667,0.23296398486972886,0.08993663633454935,1116.0000000000002,1116.0000000000002,1116.0000000000002,1116.0000000000002,1116.0000000000002,727.2857142857142,388,9,False,False,2613.2166666666667,2612.9166666666665,2613.383333333333,STABLE,57,0,7,77,True,89.99999999999997,89.99999999999997,89.99999999999997,89.99999999999997,89.99999999999997,0.0,0,1,False,False,2612.883333333333,2608.7833333333333,2612.9166666666665,CHAIN,46,0,5,46,False
2613.4166666666665,S3_landing,0.5572358587901212,2613.2166666666667,0.06829045259233199,2613.2166666666667,0.23296398486972886,0.08993663633454935,1116.0000000000002,1116.0000000000002,1116.0000000000002,1116.0000000000002,1116.0000000000002,727.2857142857142,388,9,False,False,2613.2166666666667,2612.9166666666665,2613.4166666666665,STABLE,57,0,7,77,True,89.99999999999997,89.99999999999997,89.99999999999997,89.99999999999997,89.99999999999997,0.0,0,1,False,False,2612.883333333333,2608.7833333333333,2612.9166666666665,CHAIN,46,0,5,46,False
2613.45,S3_landing,0.5572358587901212,2613.2166666666667,0.06829045259233199,2613.45,0.23296398486972886,0.08993663633454935,1116.0000000000002,1116.0000000000002,1116.0000000000002,1116.0000000000002,1116.0000000000002,727.2857142857142,388,8,False,False,2613.2166666666667,2612.9166666666665,2613.45,STABLE,57,0,7,77,True,89.99999999999997,89.99999999999997,89.99999999999997,89.99999999999997,89.99999999999997,0.0,0,1,False,False,2612.883333333333,2608.7833333333333,2612.9166666666665,CHAIN,46,0,5,46,False
2613.483333333333,S3_landing,0.5572358587901212,2613.2166666666667,0.06829045259233199,2613.45,0.23296398486972886,0.08993663633454935,1116.0000000000002,1116.0000000000002,1116.0000000000002,1116.0000000000002,1116.0000000000002,727.2857142857142,388,8,False,False,2613.2166666666667,2612.9166666666665,2613.483333333333,STABLE,57,0,7,77,True,89.99999999999997,89.99999999999997,89.99999999999997,89.99999999999997,89.99999999999997,0.0,0,1,False,False,2612.883333333333,2608.7833333333333,2612.9166666666665,CHAIN,46,0,5,46,False
2613.516666666667,S3_landing,0.4300864141247206,2613.516666666667,0.06805500478587366,2613.516666666667,0.19012039700319738,0.08926812686483726,907.0000000000005,907.0000000000005,907.0000000000005,907.0000000000005,907.0000000000005,-387.7142857142856,388,8,False,True,2613.2166666666667,2613.516666666667,2613.516666666667,STABLE,57,0,7,77,True,89.99999999999997,89.99999999999997,89.99999999999997,89.99999999999997,89.99999999999997,0.0,0,1,False,False,2612.883333333333,2608.7833333333333,2612.9166666666665,CHAIN,46,0,5,46,False
2613.55,S3_landing,0.4300864141247206,2613.55,0.06606491388450811,2613.55,0.18768336976762673,0.08371242061020934,764.0,764.0,764.0,764.0,764.0,-387.7142857142856,388,8,False,True,2613.2166666666667,2613.55,2613.55,STABLE,57,0,7,77,True,89.99999999999997,89.99999999999997,89.99999999999997,89.99999999999997,89.99999999999997,0.0,0,1,False,False,2612.883333333333,2608.7833333333333,2612.9166666666665,CHAIN,46,0,5,46,False
2613.5833333333335,S3_landing,0.4300864141247206,2613.5833333333335,0.06805500478587366,2613.5833333333335,0.19012039700319738,0.08926812686483726,907.0000000000005,907.0000000000005,907.0000000000005,907.0000000000005,907.0000000000005,-387.7142857142856,388,8,False,True,2613.2166666666667,2613.5833333333335,2613.5833333333335,STABLE,57,0,7,77,True,89.99999999999997,89.99999999999997,89.99999999999997,89.99999999999997,89.99999999999997,0.0,0,1,False,False,2612.883333333333,2608.7833333333333,2612.9166666666665,CHAIN,46,0,5,46,False
2613.616666666667,S3_landing,0.4300864141247206,2613.616666666667,0.06939509044681459,2613.616666666667,0.19173765333960227,0.0931043881320687,1155.0000000000005,1155.0000000000005,1155.0000000000005,1155.0000000000005,1155.0000000000005,-383.71428571428555,388,8,False,True,2613.2166666666667,2613.616666666667,2613.616666666667,STABLE,57,0,7,77,True,89.99999999999997,89.99999999999997,89.99999999999997,89.99999999999997,89.99999999999997,0.0,0,1,False,False,2612.883333333333,2608.7833333333333,2612.9166666666665,CHAIN,46,0,5,46,False
2613.65,S3_landing,0.4300864141247206,2613.65,0.07043524251853471,2613.65,0.19298019179031708,0.09613407082523999,1155.0000000000005,1155.0000000000005,1155.0000000000005,1155.0000000000005,1155.0000000000005,-383.71428571428555,388,8,False,True,2613.2166666666667,2613.65,2613.65,STABLE,57,0,7,77,True,89.99999999999997,89.99999999999997,89.99999999999997,89.99999999999997,89.99999999999997,0.0,0,1,False,False,2612.883333333333,2608.7833333333333,2612.9166666666665,CHAIN,46,0,5,46,False
2613.6833333333334,S3_landing,0.4300864141247206,2613.65,0.07043524251853471,2613.65,0.19298019179031708,0.09613407082523999,1155.0000000000005,1155.0000000000005,1155.0000000000005,1155.0000000000005,1155.0000000000005,-383.71428571428555,388,8,False,False,2613.2166666666667,2613.65,2613.65,OJAMA_FALL,57,0,7,77,True,89.99999999999997,89.99999999999997,89.99999999999997,89.99999999999997,89.99999999999997,0.0,0,1,False,False,2612.883333333333,2608.7833333333333,2612.9166666666665,CHAIN,46,0,5,46,False
2613.7166666666667,S3_landing,0.4300864141247206,2613.7166666666667,0.06805500478587366,2613.7166666666667,0.19012039700319738,0.08926812686483726,907.0000000000005,907.0000000000005,907.0000000000005,907.0000000000005,907.0000000000005,-387.7142857142856,388,8,False,True,2613.2166666666667,2613.7166666666667,2613.7166666666667,STABLE,57,0,7,77,True,89.99999999999997,89.99999999999997,89.99999999999997,89.99999999999997,89.99999999999997,0.0,0,1,False,False,2612.883333333333,2608.7833333333333,2612.9166666666665,CHAIN,46,0,5,46,False
2613.75,S3_landing,0.4300864141247206,2613.75,0.0686705786658007,2613.75,0.19086561871124522,0.09102089848005893,1156.0000000000002,1156.0000000000002,1156.0000000000002,1156.0000000000002,1156.0000000000002,-383.71428571428555,388,8,False,True,2613.2166666666667,2613.75,2613.75,STABLE,57,0,7,77,True,89.99999999999997,89.99999999999997,89.99999999999997,89.99999999999997,89.99999999999997,0.0,0,1,False,False,2612.883333333333,2608.7833333333333,2612.9166666666665,CHAIN,46,0,5,46,False
2613.7833333333333,S3_landing,0.4300864141247206,2613.75,0.0686705786658007,2613.75,0.19086561871124522,0.09102089848005893,1156.0000000000002,1156.0000000000002,1156.0000000000002,1156.0000000000002,1156.0000000000002,-383.71428571428555,388,8,False,False,2613.2166666666667,2613.75,2613.75,TSUMO_FALL,57,0,7,77,True,89.99999999999997,89.99999999999997,89.99999999999997,89.99999999999997,89.99999999999997,0.0,0,1,False,False,2612.883333333333,2608.7833333333333,2612.9166666666665,CHAIN,46,0,5,46,False
2613.8166666666666,S3_landing,0.5572358587901212,2613.8166666666666,0.1325948274290951,2613.8166666666666,0.3048880241821034,0.12772735951210348,1153.0000000000005,1153.0000000000005,1153.0000000000005,1153.0000000000005,1153.0000000000005,764.2857142857142,388,8,True,False,2613.8166666666666,2613.75,2613.8166666666666,STABLE,59,0,9,78,True,89.99999999999997,89.99999999999997,89.99999999999997,89.99999999999997,89.99999999999997,0.0,0,1,False,False,2612.883333333333,2608.7833333333333,2612.9166666666665,CHAIN,46,0,5,46,False
2613.85,S3_landing,0.5572358587901212,2613.8166666666666,0.1325948274290951,2613.8166666666666,0.3048880241821034,0.12772735951210348,1153.0000000000005,1153.0000000000005,1153.0000000000005,1153.0000000000005,1153.0000000000005,764.2857142857142,388,8,False,False,2613.8166666666666,2613.75,2613.8166666666666,OJAMA_FALL,59,0,9,78,True,89.99999999999997,89.99999999999997,89.99999999999997,89.99999999999997,89.99999999999997,0.0,0,1,False,False,2612.883333333333,2608.7833333333333,2612.9166666666665,CHAIN,46,0,5,46,False
2613.883333333333,S3_landing,0.5572358587901212,2613.8166666666666,0.1325948274290951,2613.8166666666666,0.3048880241821034,0.12772735951210348,1153.0000000000005,1153.0000000000005,1153.0000000000005,1153.0000000000005,1153.0000000000005,764.2857142857142,388,8,False,False,2613.8166666666666,2613.75,2613.8166666666666,OJAMA_FALL,59,0,9,78,True,89.99999999999997,89.99999999999997,89.99999999999997,89.99999999999997,89.99999999999997,0.0,0,1,False,False,2612.883333333333,2608.7833333333333,2612.9166666666665,CHAIN,46,0,5,46,False
2613.9166666666665,S3_landing,0.5572358587901212,2613.8166666666666,0.1325948274290951,2613.8166666666666,0.3048880241821034,0.12772735951210348,1153.0000000000005,1153.0000000000005,1153.0000000000005,1153.0000000000005,1153.0000000000005,764.2857142857142,388,8,False,False,2613.8166666666666,2613.75,2613.8166666666666,OJAMA_FALL,59,0,9,78,True,89.99999999999997,89.99999999999997,89.99999999999997,89.99999999999997,89.99999999999997,0.0,0,1,False,False,2612.883333333333,2608.7833333333333,2612.9166666666665,CHAIN,46,0,5,46,False
2613.95,S3_landing,0.5572358587901212,2613.8166666666666,0.1325948274290951,2613.8166666666666,0.3048880241821034,0.12772735951210348,1153.0000000000005,1153.0000000000005,1153.0000000000005,1153.0000000000005,1153.0000000000005,764.2857142857142,388,8,False,False,2613.8166666666666,2613.75,2613.8166666666666,OJAMA_FALL,59,0,9,78,True,89.99999999999997,89.99999999999997,89.99999999999997,89.99999999999997,89.99999999999997,0.0,0,1,False,False,2612.883333333333,2608.7833333333333,2612.9166666666665,CHAIN,46,0,5,46,False
2613.983333333333,S3_landing,0.5572358587901212,2613.8166666666666,0.1325948274290951,2613.8166666666666,0.3048880241821034,0.12772735951210348,1153.0000000000005,1153.0000000000005,1153.0000000000005,1153.0000000000005,1153.0000000000005,764.2857142857142,388,8,False,False,2613.8166666666666,2613.75,2613.8166666666666,OJAMA_FALL,59,0,9,78,True,89.99999999999997,89.99999999999997,89.99999999999997,89.99999999999997,89.99999999999997,0.0,0,1,False,False,2612.883333333333,2608.7833333333333,2612.9166666666665,CHAIN,46,0,5,46,False
2614.016666666667,S3_landing,0.5572358587901212,2613.8166666666666,0.1325948274290951,2613.8166666666666,0.3048880241821034,0.12772735951210348,1153.0000000000005,1153.0000000000005,1153.0000000000005,1153.0000000000005,1153.0000000000005,764.2857142857142,388,8,False,False,2613.8166666666666,2613.75,2613.8166666666666,OJAMA_FALL,59,0,9,78,True,89.99999999999997,89.99999999999997,89.99999999999997,89.99999999999997,89.99999999999997,0.0,0,1,False,False,2612.883333333333,2608.7833333333333,2612.9166666666665,CHAIN,46,0,5,46,False
2614.05,S3_landing,0.5572358587901212,2613.8166666666666,0.1325948274290951,2613.8166666666666,0.3048880241821034,0.12772735951210348,1153.0000000000005,1153.0000000000005,1153.0000000000005,1153.0000000000005,1153.0000000000005,764.2857142857142,388,8,False,False,2613.8166666666666,2613.75,2613.8166666666666,OJAMA_FALL,59,0,9,78,True,89.99999999999997,89.99999999999997,89.99999999999997,89.99999999999997,89.99999999999997,0.0,0,1,False,False,2612.883333333333,2608.7833333333333,2612.9166666666665,CHAIN,46,0,5,46,False
2614.0833333333335,S3_landing,0.5616783933048388,2614.0833333333335,0.8987869510772393,2614.0833333333335,0.7713407676708794,0.783834681695085,0.0,0.0,0.0,0.0,0.0,0.0,0,1,False,False,2613.8166666666666,2613.75,2613.8166666666666,CHAIN,59,0,9,59,False,89.99999999999997,89.99999999999997,89.99999999999997,89.99999999999997,89.99999999999997,-727.7142857142854,728,13,False,False,2612.883333333333,2608.7833333333333,2612.9166666666665,CHAIN,46,0,5,74,False
