match_id	n_pairs
video_c10::0	36
video_c10::1	152
video_c10::10	51
video_c10::11	44
video_c10::12	174
video_c10::13	36
video_c10::14	79
video_c10::15	41
video_c10::2	52
video_c10::3	45
video_c10::4	83
video_c10::5	55
video_c10::6	67
video_c10::7	103
video_c10::8	56
video_c10::9	46
video_c11::0	53
video_c11::1	72
video_c11::10	71
video_c11::11	58
video_c11::12	76
video_c11::13	57
video_c11::14	79
video_c11::15	62
video_c11::16	63
video_c11::17	50
video_c11::18	79
video_c11::19	46
video_c11::2	16
video_c11::3	96
video_c11::4	49
video_c11::5	62
video_c11::6	40
video_c11::7	46
video_c11::8	77
video_c11::9	49
video_c12::0	27
video_c12::1	46
video_c12::10	40
video_c12::11	62
video_c12::12	45
video_c12::13	75
video_c12::14	16
video_c12::2	99
video_c12::3	54
video_c12::4	113
video_c12::5	154
video_c12::6	144
video_c12::7	228
video_c12::8	46
video_c12::9	42
video_c13::0	59
video_c13::1	54
video_c13::10	70
video_c13::11	61
video_c13::12	58
video_c13::13	40
video_c13::14	36
video_c13::15	55
video_c13::16	81
video_c13::17	82
video_c13::18	50
video_c13::19	57
video_c13::2	47
video_c13::3	65
video_c13::4	81
video_c13::5	60
video_c13::6	56
video_c13::7	77
video_c13::8	62
video_c13::9	61
video_c14::0	38
video_c14::1	40
video_c14::10	37
video_c14::11	66
video_c14::12	77
video_c14::13	74
video_c14::14	98
video_c14::15	83
video_c14::16	37
video_c14::2	69
video_c14::3	67
video_c14::4	53
video_c14::5	79
video_c14::6	62
video_c14::7	53
video_c14::8	37
video_c14::9	67
video_c15::0	44
video_c15::1	199
video_c15::2	153
video_c15::3	195
video_c15::4	94
video_c15::5	141
video_c15::6	84
video_c15::7	78
video_c15::8	217
video_c15::9	93
video_c16::0	64
video_c16::1	58
video_c16::10	20
video_c16::11	33
video_c16::12	66
video_c16::13	77
video_c16::14	64
video_c16::15	57
video_c16::16	50
video_c16::2	65
video_c16::3	58
video_c16::4	56
video_c16::5	69
video_c16::6	106
video_c16::7	54
video_c16::8	67
video_c16::9	51
video_c17::0	97
video_c17::1	90
video_c17::10	64
video_c17::11	76
video_c17::12	82
video_c17::13	57
video_c17::14	72
video_c17::15	96
video_c17::16	51
video_c17::2	51
video_c17::3	62
video_c17::4	59
video_c17::5	74
video_c17::6	69
video_c17::7	111
video_c17::8	65
video_c17::9	69
video_c18::0	79
video_c18::1	57
video_c18::10	65
video_c18::11	47
video_c18::12	80
video_c18::13	87
video_c18::14	61
video_c18::15	66
video_c18::16	92
video_c18::17	69
video_c18::18	1
video_c18::2	81
video_c18::3	81
video_c18::4	55
video_c18::5	74
video_c18::6	74
video_c18::7	45
video_c18::8	92
video_c18::9	90
video_c19::0	98
video_c19::1	25
video_c19::10	70
video_c19::11	84
video_c19::12	53
video_c19::13	40
video_c19::14	57
video_c19::15	64
video_c19::16	79
video_c19::17	102
video_c19::18	75
video_c19::2	22
video_c19::3	8
video_c19::4	65
video_c19::5	69
video_c19::6	59
video_c19::7	65
video_c19::8	36
video_c19::9	62
video_c20::0	50
video_c20::1	49
video_c20::10	55
video_c20::11	85
video_c20::12	57
video_c20::13	59
video_c20::14	56
video_c20::15	60
video_c20::16	54
video_c20::2	36
video_c20::3	74
video_c20::4	49
video_c20::5	73
video_c20::6	59
video_c20::7	68
video_c20::8	49
video_c20::9	42
video_c21::0	53
video_c21::1	61
video_c21::10	54
video_c21::11	65
video_c21::12	74
video_c21::13	13
video_c21::14	18
video_c21::15	43
video_c21::16	71
video_c21::17	71
video_c21::2	39
video_c21::3	66
video_c21::4	83
video_c21::5	55
video_c21::6	36
video_c21::7	39
video_c21::8	69
video_c21::9	47
video_c22::0	71
video_c22::1	55
video_c22::10	71
video_c22::11	73
video_c22::12	79
video_c22::13	68
video_c22::14	43
video_c22::15	67
video_c22::16	60
video_c22::17	20
video_c22::2	88
video_c22::3	84
video_c22::4	46
video_c22::5	42
video_c22::6	94
video_c22::7	65
video_c22::8	39
video_c22::9	87
video_c23::0	24
video_c23::1	8
video_c23::10	47
video_c23::11	82
video_c23::12	69
video_c23::13	67
video_c23::14	42
video_c23::15	45
video_c23::16	26
video_c23::17	50
video_c23::18	42
video_c23::2	146
video_c23::3	55
video_c23::4	65
video_c23::5	68
video_c23::6	53
video_c23::7	56
video_c23::8	56
video_c23::9	32
video_c24::0	193
video_c24::1	40
video_c24::10	27
video_c24::11	162
video_c24::12	64
video_c24::13	57
video_c24::2	36
video_c24::3	46
video_c24::4	189
video_c24::5	58
video_c24::6	123
video_c24::7	147
video_c24::8	9
video_c24::9	113
video_c25::0	95
video_c25::1	56
video_c25::10	74
video_c25::11	54
video_c25::12	80
video_c25::13	73
video_c25::14	45
video_c25::15	77
video_c25::16	40
video_c25::17	57
video_c25::18	51
video_c25::19	58
video_c25::2	49
video_c25::20	41
video_c25::21	50
video_c25::3	33
video_c25::4	30
video_c25::5	55
video_c25::6	81
video_c25::7	33
video_c25::8	71
video_c25::9	58
video_c26::0	64
video_c26::1	64
video_c26::10	137
video_c26::11	81
video_c26::12	56
video_c26::2	195
video_c26::3	119
video_c26::4	113
video_c26::5	81
video_c26::6	83
video_c26::7	44
video_c26::8	377
video_c26::9	201
video_c27::0	71
video_c27::1	69
video_c27::10	50
video_c27::11	28
video_c27::12	37
video_c27::2	57
video_c27::3	77
video_c27::4	39
video_c27::5	89
video_c27::6	72
video_c27::7	146
video_c27::8	58
video_c27::9	53
video_c28::0	72
video_c28::1	97
video_c28::10	76
video_c28::11	36
video_c28::12	90
video_c28::13	104
video_c28::14	61
video_c28::15	51
video_c28::16	108
video_c28::2	35
video_c28::3	115
video_c28::4	63
video_c28::5	56
video_c28::6	69
video_c28::7	61
video_c28::8	62
video_c28::9	90
video_c29::0	45
video_c29::1	29
video_c29::10	52
video_c29::11	45
video_c29::12	97
video_c29::13	48
video_c29::14	67
video_c29::15	32
video_c29::16	70
video_c29::17	43
video_c29::18	17
video_c29::2	21
video_c29::3	52
video_c29::4	43
video_c29::5	54
video_c29::6	51
video_c29::7	95
video_c29::8	43
video_c29::9	42
video_c34::0	43
video_c34::1	5
video_c34::10	45
video_c34::11	37
video_c34::12	37
video_c34::13	59
video_c34::14	23
video_c34::15	46
video_c34::16	30
video_c34::17	12
video_c34::18	71
video_c34::19	59
video_c34::2	52
video_c34::20	49
video_c34::21	42
video_c34::22	43
video_c34::23	31
video_c34::3	90
video_c34::4	84
video_c34::5	36
video_c34::6	46
video_c34::7	5
video_c34::8	31
video_c34::9	38
video_c35::0	54
video_c35::1	53
video_c35::10	78
video_c35::11	72
video_c35::12	47
video_c35::13	94
video_c35::14	16
video_c35::15	60
video_c35::16	71
video_c35::17	61
video_c35::18	62
video_c35::19	43
video_c35::2	38
video_c35::20	84
video_c35::3	6
video_c35::4	39
video_c35::5	50
video_c35::6	48
video_c35::7	91
video_c35::8	62
video_c35::9	54
video_c36::0	74
video_c36::1	44
video_c36::10	58
video_c36::11	34
video_c36::12	22
video_c36::13	50
video_c36::14	92
video_c36::15	97
video_c36::16	50
video_c36::17	45
video_c36::18	50
video_c36::19	67
video_c36::2	70
video_c36::3	66
video_c36::4	75
video_c36::5	30
video_c36::6	57
video_c36::7	116
video_c36::8	43
video_c36::9	54
video_c37::0	59
video_c37::1	57
video_c37::10	42
video_c37::11	59
video_c37::12	59
video_c37::13	46
video_c37::14	56
video_c37::15	22
video_c37::16	87
video_c37::17	50
video_c37::18	101
video_c37::19	59
video_c37::2	18
video_c37::20	82
video_c37::21	37
video_c37::22	45
video_c37::3	21
video_c37::4	25
video_c37::5	51
video_c37::6	52
video_c37::7	86
video_c37::8	54
video_c37::9	45
video_c40::0	38
video_c40::1	44
video_c40::10	41
video_c40::11	51
video_c40::12	40
video_c40::13	29
video_c40::14	40
video_c40::15	61
video_c40::16	61
video_c40::17	71
video_c40::18	50
video_c40::2	15
video_c40::3	108
video_c40::4	48
video_c40::5	44
video_c40::6	48
video_c40::7	80
video_c40::8	72
video_c40::9	45
video_c41::0	75
video_c41::1	38
video_c41::10	87
video_c41::11	109
video_c41::12	55
video_c41::13	43
video_c41::14	11
video_c41::15	16
video_c41::16	69
video_c41::17	56
video_c41::18	43
video_c41::19	56
video_c41::2	59
video_c41::20	104
video_c41::21	28
video_c41::3	69
video_c41::4	47
video_c41::5	57
video_c41::6	68
video_c41::7	76
video_c41::8	73
video_c41::9	53
video_c42::0	44
video_c42::1	21
video_c42::10	46
video_c42::11	86
video_c42::12	70
video_c42::13	38
video_c42::14	82
video_c42::15	41
video_c42::16	35
video_c42::17	35
video_c42::18	41
video_c42::19	20
video_c42::2	62
video_c42::20	74
video_c42::21	58
video_c42::22	42
video_c42::23	50
video_c42::24	58
video_c42::3	61
video_c42::4	48
video_c42::5	72
video_c42::6	62
video_c42::7	29
video_c42::8	43
video_c42::9	66
video_c43::0	55
video_c43::1	57
video_c43::10	19
video_c43::11	79
video_c43::12	24
video_c43::13	83
video_c43::14	32
video_c43::15	24
video_c43::16	9
video_c43::2	51
video_c43::3	56
video_c43::4	42
video_c43::5	43
video_c43::6	64
video_c43::7	59
video_c43::8	60
video_c43::9	43
video_c44::0	57
video_c44::1	9
video_c44::10	59
video_c44::11	57
video_c44::12	52
video_c44::13	51
video_c44::14	94
video_c44::15	69
video_c44::16	57
video_c44::17	71
video_c44::2	44
video_c44::3	64
video_c44::4	58
video_c44::5	55
video_c44::6	58
video_c44::7	55
video_c44::8	41
video_c44::9	54
video_c45::0	49
video_c45::1	27
video_c45::10	49
video_c45::11	14
video_c45::12	50
video_c45::13	9
video_c45::14	21
video_c45::15	47
video_c45::16	60
video_c45::17	13
video_c45::18	70
video_c45::19	56
video_c45::2	58
video_c45::20	46
video_c45::21	14
video_c45::3	33
video_c45::4	58
video_c45::5	48
video_c45::6	51
video_c45::7	68
video_c45::8	22
video_c45::9	31
video_c46::0	62
video_c46::1	68
video_c46::10	55
video_c46::11	68
video_c46::12	81
video_c46::13	34
video_c46::14	73
video_c46::15	7
video_c46::16	79
video_c46::17	68
video_c46::18	37
video_c46::19	47
video_c46::2	72
video_c46::20	49
video_c46::21	44
video_c46::22	66
video_c46::3	44
video_c46::4	39
video_c46::5	73
video_c46::6	39
video_c46::7	82
video_c46::8	51
video_c46::9	44
video_c47::0	31
video_c47::1	53
video_c47::10	61
video_c47::11	62
video_c47::12	47
video_c47::13	64
video_c47::14	14
video_c47::15	75
video_c47::16	54
video_c47::17	80
video_c47::18	67
video_c47::19	68
video_c47::2	61
video_c47::3	27
video_c47::4	101
video_c47::5	74
video_c47::6	89
video_c47::7	65
video_c47::8	50
video_c47::9	41
video_c48::0	75
video_c48::1	80
video_c48::10	51
video_c48::11	101
video_c48::12	17
video_c48::13	64
video_c48::14	59
video_c48::15	76
video_c48::16	54
video_c48::17	45
video_c48::2	100
video_c48::3	133
video_c48::4	50
video_c48::5	52
video_c48::6	45
video_c48::7	34
video_c48::8	10
video_c48::9	66
video_c49::0	68
video_c49::1	118
video_c49::10	104
video_c49::11	97
video_c49::12	42
video_c49::13	51
video_c49::14	78
video_c49::15	39
video_c49::16	111
video_c49::17	69
video_c49::18	36
video_c49::2	51
video_c49::3	8
video_c49::4	40
video_c49::5	68
video_c49::6	95
video_c49::7	41
video_c49::8	109
video_c49::9	72
video_c50::0	62
video_c50::1	26
video_c50::10	69
video_c50::11	32
video_c50::12	39
video_c50::13	27
video_c50::14	66
video_c50::15	57
video_c50::16	39
video_c50::17	74
video_c50::18	43
video_c50::19	67
video_c50::2	50
video_c50::20	47
video_c50::21	38
video_c50::22	47
video_c50::23	51
video_c50::24	4
video_c50::3	51
video_c50::4	51
video_c50::5	19
video_c50::6	91
video_c50::7	58
video_c50::8	36
video_c50::9	57
video_c51::0	65
video_c51::1	27
video_c51::10	69
video_c51::11	58
video_c51::12	107
video_c51::13	56
video_c51::14	30
video_c51::15	80
video_c51::16	34
video_c51::17	61
video_c51::18	59
video_c51::19	49
video_c51::2	56
video_c51::20	53
video_c51::21	33
video_c51::3	34
video_c51::4	103
video_c51::5	46
video_c51::6	45
video_c51::7	81
video_c51::8	62
video_c51::9	39
video_c52::0	55
video_c52::1	107
video_c52::10	36
video_c52::11	60
video_c52::12	55
video_c52::13	31
video_c52::14	68
video_c52::15	30
video_c52::16	59
video_c52::17	11
video_c52::2	51
video_c52::3	54
video_c52::4	47
video_c52::5	43
video_c52::6	112
video_c52::7	55
video_c52::8	56
video_c52::9	84
video_c53::0	39
video_c53::1	48
video_c53::10	17
video_c53::11	27
video_c53::12	48
video_c53::13	63
video_c53::14	101
video_c53::15	42
video_c53::16	42
video_c53::17	14
video_c53::2	47
video_c53::3	36
video_c53::4	56
video_c53::5	57
video_c53::6	48
video_c53::7	90
video_c53::8	57
video_c53::9	9
video_c54::0	67
video_c54::1	18
video_c54::10	44
video_c54::11	46
video_c54::12	57
video_c54::13	58
video_c54::14	55
video_c54::15	60
video_c54::16	45
video_c54::17	30
video_c54::18	52
video_c54::19	14
video_c54::2	71
video_c54::20	94
video_c54::21	39
video_c54::22	45
video_c54::3	59
video_c54::4	64
video_c54::5	70
video_c54::6	53
video_c54::7	31
video_c54::8	67
video_c54::9	65
video_c55::0	98
video_c55::1	53
video_c55::10	84
video_c55::11	81
video_c55::12	63
video_c55::13	55
video_c55::14	84
video_c55::15	49
video_c55::16	60
video_c55::17	44
video_c55::18	56
video_c55::19	52
video_c55::2	121
video_c55::20	66
video_c55::21	14
video_c55::3	52
video_c55::4	54
video_c55::5	46
video_c55::6	60
video_c55::7	51
video_c55::8	56
video_c55::9	65
video_c56::0	59
video_c56::1	114
video_c56::10	72
video_c56::11	51
video_c56::12	48
video_c56::13	48
video_c56::14	23
video_c56::15	81
video_c56::16	10
video_c56::17	47
video_c56::18	50
video_c56::19	73
video_c56::2	13
video_c56::20	61
video_c56::21	66
video_c56::3	50
video_c56::4	75
video_c56::5	66
video_c56::6	53
video_c56::7	67
video_c56::8	56
video_c56::9	46
video_c57::0	27
video_c57::1	103
video_c57::10	66
video_c57::11	64
video_c57::12	46
video_c57::13	113
video_c57::14	63
video_c57::15	55
video_c57::16	90
video_c57::17	89
video_c57::2	44
video_c57::3	108
video_c57::4	48
video_c57::5	48
video_c57::6	107
video_c57::7	85
video_c57::8	61
video_c57::9	58
video_c58::0	87
video_c58::1	84
video_c58::2	189
video_c58::3	65
video_c58::4	196
video_c58::5	120
video_c58::6	117
video_c58::7	252
video_c58::8	94
video_c58::9	515
video_c59::0	56
video_c59::1	49
video_c59::10	49
video_c59::11	10
video_c59::12	63
video_c59::13	64
video_c59::14	64
video_c59::15	54
video_c59::16	65
video_c59::2	24
video_c59::3	49
video_c59::4	110
video_c59::5	50
video_c59::6	60
video_c59::7	56
video_c59::8	70
video_c59::9	75
video_c60::0	39
video_c60::1	106
video_c60::10	19
video_c60::11	61
video_c60::12	36
video_c60::13	25
video_c60::14	58
video_c60::15	94
video_c60::16	41
video_c60::17	3
video_c60::2	42
video_c60::3	54
video_c60::4	53
video_c60::5	56
video_c60::6	50
video_c60::7	56
video_c60::8	5
video_c60::9	62
video_c61::0	40
video_c61::1	19
video_c61::10	60
video_c61::11	28
video_c61::12	65
video_c61::13	46
video_c61::14	28
video_c61::15	46
video_c61::16	66
video_c61::17	23
video_c61::18	14
video_c61::19	61
video_c61::2	23
video_c61::20	40
video_c61::21	44
video_c61::3	20
video_c61::4	47
video_c61::5	23
video_c61::6	53
video_c61::7	41
video_c61::8	71
video_c61::9	45
video_c62::0	78
video_c62::1	67
video_c62::10	52
video_c62::11	40
video_c62::12	27
video_c62::13	29
video_c62::14	55
video_c62::15	49
video_c62::16	36
video_c62::17	74
video_c62::18	49
video_c62::19	73
video_c62::2	48
video_c62::20	8
video_c62::3	20
video_c62::4	117
video_c62::5	53
video_c62::6	66
video_c62::7	59
video_c62::8	120
video_c62::9	47
video_c63::0	46
video_c63::1	58
video_c63::10	35
video_c63::11	87
video_c63::12	50
video_c63::13	33
video_c63::14	63
video_c63::15	43
video_c63::16	48
video_c63::17	9
video_c63::18	51
video_c63::19	12
video_c63::2	48
video_c63::3	38
video_c63::4	47
video_c63::5	45
video_c63::6	40
video_c63::7	61
video_c63::8	89
video_c63::9	39
video_c64::0	62
video_c64::1	78
video_c64::2	60
video_c64::3	49
video_c64::4	41
video_c64::5	79
video_c64::6	35
video_c65::0	66
video_c65::1	45
video_c65::10	61
video_c65::11	77
video_c65::12	52
video_c65::13	74
video_c65::14	35
video_c65::15	71
video_c65::16	85
video_c65::17	61
video_c65::18	21
video_c65::2	72
video_c65::3	128
video_c65::4	31
video_c65::5	54
video_c65::6	66
video_c65::7	63
video_c65::8	48
video_c65::9	37
video_c66::0	57
video_c66::1	55
video_c66::10	50
video_c66::11	41
video_c66::12	40
video_c66::13	17
video_c66::14	16
video_c66::15	88
video_c66::16	62
video_c66::17	60
video_c66::18	37
video_c66::2	65
video_c66::3	10
video_c66::4	49
video_c66::5	46
video_c66::6	42
video_c66::7	64
video_c66::8	61
video_c66::9	26
video_c67::0	57
video_c67::1	39
video_c67::10	100
video_c67::11	88
video_c67::12	71
video_c67::13	16
video_c67::14	57
video_c67::15	34
video_c67::16	41
video_c67::17	88
video_c67::18	58
video_c67::19	42
video_c67::2	15
video_c67::20	89
video_c67::21	11
video_c67::3	83
video_c67::4	40
video_c67::5	13
video_c67::6	6
video_c67::7	70
video_c67::8	51
video_c67::9	133
video_c68::0	55
video_c68::1	27
video_c68::10	100
video_c68::11	39
video_c68::12	33
video_c68::13	56
video_c68::14	64
video_c68::15	37
video_c68::16	67
video_c68::17	78
video_c68::18	51
video_c68::19	64
video_c68::2	64
video_c68::20	39
video_c68::3	42
video_c68::4	13
video_c68::5	41
video_c68::6	50
video_c68::7	31
video_c68::8	67
video_c68::9	69
video_c69::0	287
video_c69::1	21
video_c69::2	241
video_c69::3	213
video_c69::4	124
video_c69::5	113
video_c69::6	193
video_c69::7	207
video_c69::8	279
video_c70::0	49
video_c70::1	90
video_c70::10	75
video_c70::11	33
video_c70::12	27
video_c70::13	39
video_c70::14	54
video_c70::15	57
video_c70::16	27
video_c70::17	10
video_c70::18	89
video_c70::19	73
video_c70::2	45
video_c70::20	44
video_c70::21	53
video_c70::22	62
video_c70::23	63
video_c70::24	34
video_c70::25	3
video_c70::3	93
video_c70::4	64
video_c70::5	17
video_c70::6	65
video_c70::7	64
video_c70::8	111
video_c70::9	82
video_c71::0	56
video_c71::1	52
video_c71::10	64
video_c71::11	58
video_c71::12	62
video_c71::13	43
video_c71::14	44
video_c71::15	69
video_c71::16	43
video_c71::17	54
video_c71::18	41
video_c71::19	12
video_c71::2	19
video_c71::20	42
video_c71::21	58
video_c71::3	61
video_c71::4	45
video_c71::5	26
video_c71::6	39
video_c71::7	54
video_c71::8	69
video_c71::9	39
video_c72::0	49
video_c72::1	50
video_c72::10	67
video_c72::11	54
video_c72::12	47
video_c72::13	33
video_c72::14	67
video_c72::15	50
video_c72::16	85
video_c72::17	89
video_c72::18	52
video_c72::2	34
video_c72::3	28
video_c72::4	72
video_c72::5	43
video_c72::6	72
video_c72::7	50
video_c72::8	35
video_c72::9	126
video_c73::0	64
video_c73::1	70
video_c73::10	47
video_c73::11	62
video_c73::12	92
video_c73::13	43
video_c73::14	44
video_c73::15	82
video_c73::16	45
video_c73::2	138
video_c73::3	45
video_c73::4	62
video_c73::5	72
video_c73::6	43
video_c73::7	52
video_c73::8	42
video_c73::9	37
video_c74::0	69
video_c74::1	100
video_c74::10	49
video_c74::11	32
video_c74::12	46
video_c74::13	23
video_c74::14	97
video_c74::15	58
video_c74::16	43
video_c74::17	29
video_c74::18	7
video_c74::19	66
video_c74::2	61
video_c74::20	75
video_c74::21	6
video_c74::3	42
video_c74::4	41
video_c74::5	37
video_c74::6	78
video_c74::7	34
video_c74::8	30
video_c74::9	67
video_c75::0	51
video_c75::1	39
video_c75::10	57
video_c75::11	26
video_c75::12	47
video_c75::13	118
video_c75::14	81
video_c75::15	59
video_c75::2	50
video_c75::3	40
video_c75::4	48
video_c75::5	41
video_c75::6	68
video_c75::7	64
video_c75::8	33
video_c75::9	85
video_c76::0	43
video_c76::1	83
video_c76::10	44
video_c76::11	43
video_c76::12	12
video_c76::13	50
video_c76::14	42
video_c76::15	83
video_c76::16	40
video_c76::17	30
video_c76::18	14
video_c76::19	3
video_c76::2	11
video_c76::3	49
video_c76::4	47
video_c76::5	26
video_c76::6	37
video_c76::7	55
video_c76::8	81
video_c76::9	56
video_c77::0	63
video_c77::1	82
video_c77::10	47
video_c77::11	257
video_c77::12	43
video_c77::2	35
video_c77::3	47
video_c77::4	106
video_c77::5	49
video_c77::6	93
video_c77::7	63
video_c77::8	80
video_c77::9	53
video_c78::0	73
video_c78::1	44
video_c78::10	75
video_c78::11	61
video_c78::12	49
video_c78::13	25
video_c78::14	116
video_c78::15	41
video_c78::16	43
video_c78::17	60
video_c78::18	61
video_c78::19	59
video_c78::2	45
video_c78::20	20
video_c78::3	32
video_c78::4	64
video_c78::5	33
video_c78::6	65
video_c78::7	49
video_c78::8	107
video_c78::9	57
video_c79::0	65
video_c79::1	28
video_c79::10	43
video_c79::11	67
video_c79::12	46
video_c79::13	76
video_c79::14	44
video_c79::15	61
video_c79::16	40
video_c79::2	84
video_c79::3	46
video_c79::4	46
video_c79::5	51
video_c79::6	56
video_c79::7	36
video_c79::8	55
video_c79::9	74
video_c80::0	47
video_c80::1	28
video_c80::10	59
video_c80::11	39
video_c80::12	65
video_c80::13	57
video_c80::14	36
video_c80::15	44
video_c80::16	44
video_c80::17	65
video_c80::2	89
video_c80::3	36
video_c80::4	87
video_c80::5	76
video_c80::6	39
video_c80::7	60
video_c80::8	48
video_c80::9	58
video_c81::0	118
video_c81::1	45
video_c81::2	146
video_c81::3	94
video_c81::4	41
video_c81::5	19
video_c81::6	11
video_c81::7	24
video_c81::8	243
