source	sec	fill	incoming	hands	queue_len	nodes	reason	dead	rounds	responses_max	responses_sum
q_7gc4TgFig	9.797	14	132	1	4	20001	node_limit	False	2	19	209
q_7gc4TgFig	7.359	38	330	2	4	20001	node_limit	False	1	251	251
q_7gc4TgFig	7.240	14	132	1	4	20001	node_limit	False	2	22	219
fcXG83vInDY	5.944	25	241	2	4	20001	node_limit	False	1	227	227
q_7gc4TgFig	5.208	37	330	2	4	20001	node_limit	False	1	251	251
fcXG83vInDY	4.083	49	350	4	4	20001	node_limit	False	0	0	0
zenchi	4.063	15	216	1	4	19022	all_responses_dead	True	3	225	7160
q_7gc4TgFig	3.995	53	151	4	4	20001	node_limit	False	0	0	0
fcXG83vInDY	3.994	59	63	4	4	20001	node_limit	False	0	0	0
q_7gc4TgFig	3.924	53	151	3	4	20001	node_limit	False	0	0	0
q_7gc4TgFig	3.503	20	210	2	4	20001	node_limit	False	1	214	214
fcXG83vInDY	3.313	19	79	2	4	15962	surviving_response	False	2	301	7176
fcXG83vInDY	3.246	59	63	3	4	20001	node_limit	False	0	0	0
fcXG83vInDY	3.165	28	87	3	4	20001	node_limit	False	0	0	0
q_7gc4TgFig	3.143	48	66	4	4	20001	node_limit	False	0	0	0
zenchi	3.088	54	19	3	4	20001	node_limit	False	0	0	0
zenchi	2.995	54	19	3	4	20001	node_limit	False	0	0	0
q_7gc4TgFig	2.980	42	28	4	4	20001	node_limit	False	0	0	0
zenchi	2.941	54	19	3	4	20001	node_limit	False	0	0	0
zenchi	2.791	54	19	3	4	20001	node_limit	False	0	0	0
