source	t_sec	sec	post_counter	weighted	prove	future_send
live_b20_on	6492.817	18.269	0.000	0	0	0
live_b20_on	6245.517	16.624	16.601	0	0.010	0
live_b20_on	6494.083	12.090	0.000	0	0	0
live_b20_on	6256.650	11.984	11.923	0	0	0
live_b20_on	6494.117	11.939	0.000	0	0	0
live_b20_on	6493.450	11.394	0.000	0	0	0
live_b20_on	6494.050	11.318	0.000	0	0	0
live_b20_on	6244.850	11.074	11.058	0	0	0
live_b20_on	6493.950	10.723	0.000	0	0	0
live_b20_on	6493.983	10.449	0.000	0	0	0
live_b20_on	6494.183	10.339	0.000	0	0	0
live_b20_on	6494.017	10.082	0.000	0	0	0
q_7gc4TgFig	512.133	9.807	0.000	0	9.797	7.857
live_b20_on	6257.817	8.573	8.568	0	0	0
zenchi	3167.483	8.304	8.283	0	0	0
live_b20_on	6495.517	8.198	0.000	0	0	0
live_b20_on	6495.417	7.576	0.000	0	0	0
q_7gc4TgFig	848.267	7.361	0.000	0	7.359	5.734
q_7gc4TgFig	508.933	7.328	0.008	0	7.240	5.503
live_b20_on	6495.383	7.300	0.000	0	0	0
