video_id	t_sec	detector	severity	evidence	game_idx
29	0.067	D0	CRITICAL	主因1位「最大列高差 +0.917」(1P有利) なのに 総合判定 adv=-52.4 (2P有利)	0
29	0.067	D0	CRITICAL	主因1位「最大列高差 +0.917」(1P有利) なのに 総合判定 adv=-52.4 (2P有利)	0
29	1.433	D0	CRITICAL	主因1位「おじゃまフラット度差 +0.659」(1P有利) なのに 総合判定 adv=-2.5 (2P有利)	0
29	4.633	D0	CRITICAL	主因1位「おじゃまフラット度差 +0.659」(1P有利) なのに 総合判定 adv=-2.5 (2P有利)	0
29	7.833	D0	CRITICAL	主因1位「おじゃまフラット度差 +0.659」(1P有利) なのに 総合判定 adv=-2.5 (2P有利)	0
29	11.033	D0	CRITICAL	主因1位「おじゃまフラット度差 +0.659」(1P有利) なのに 総合判定 adv=-2.5 (2P有利)	0
29	14.233	D0	CRITICAL	主因1位「おじゃまフラット度差 +0.659」(1P有利) なのに 総合判定 adv=-2.5 (2P有利)	0
29	17.433	D0	CRITICAL	主因1位「おじゃまフラット度差 +0.659」(1P有利) なのに 総合判定 adv=-2.5 (2P有利)	0
29	20.633	D0	CRITICAL	主因1位「おじゃまフラット度差 +0.659」(1P有利) なのに 総合判定 adv=-2.5 (2P有利)	0
29	23.833	D0	CRITICAL	主因1位「おじゃまフラット度差 +0.659」(1P有利) なのに 総合判定 adv=-2.5 (2P有利)	0
29	27.033	D0	CRITICAL	主因1位「おじゃまフラット度差 +0.659」(1P有利) なのに 総合判定 adv=-2.5 (2P有利)	0
29	30.233	D0	CRITICAL	主因1位「おじゃまフラット度差 +0.659」(1P有利) なのに 総合判定 adv=-2.5 (2P有利)	0
29	33.433	D0	CRITICAL	主因1位「おじゃまフラット度差 +0.659」(1P有利) なのに 総合判定 adv=-2.5 (2P有利)	0
29	36.633	D0	CRITICAL	主因1位「おじゃまフラット度差 +0.659」(1P有利) なのに 総合判定 adv=-2.5 (2P有利)	0
29	39.833	D0	CRITICAL	主因1位「おじゃまフラット度差 +0.659」(1P有利) なのに 総合判定 adv=-2.5 (2P有利)	0
29	43.033	D0	CRITICAL	主因1位「おじゃまフラット度差 +0.659」(1P有利) なのに 総合判定 adv=-2.5 (2P有利)	0
29	46.367	D0	CRITICAL	主因1位「おじゃまフラット度差 +0.659」(1P有利) なのに 総合判定 adv=-2.5 (2P有利)	0
29	49.267	D0	CRITICAL	主因1位「おじゃまフラット度差 +0.378」(1P有利) なのに 総合判定 adv=-4.1 (2P有利)	0
29	49.667	D0	CRITICAL	主因1位「おじゃまフラット度差 +0.378」(1P有利) なのに 総合判定 adv=-4.1 (2P有利)	0
29	52.867	D0	CRITICAL	主因1位「おじゃまフラット度差 +0.378」(1P有利) なのに 総合判定 adv=-4.1 (2P有利)	0
29	56.267	D0	CRITICAL	主因1位「おじゃまフラット度差 +0.499」(1P有利) なのに 総合判定 adv=-3.9 (2P有利)	0
29	59.100	D0	CRITICAL	主因1位「おじゃまフラット度差 +0.378」(1P有利) なのに 総合判定 adv=-4.1 (2P有利)	0
29	59.467	D0	CRITICAL	主因1位「おじゃまフラット度差 +0.499」(1P有利) なのに 総合判定 adv=-3.9 (2P有利)	0
29	62.300	D0	CRITICAL	主因1位「おじゃまフラット度差 +0.378」(1P有利) なのに 総合判定 adv=-4.1 (2P有利)	0
29	62.667	D0	CRITICAL	主因1位「おじゃまフラット度差 +0.499」(1P有利) なのに 総合判定 adv=-3.9 (2P有利)	0
29	63.267	D0	CRITICAL	主因1位「おじゃまフラット度差 +0.378」(1P有利) なのに 総合判定 adv=-4.1 (2P有利)	0
29	66.467	D0	CRITICAL	主因1位「おじゃまフラット度差 +0.378」(1P有利) なのに 総合判定 adv=-4.1 (2P有利)	0
29	69.667	D0	CRITICAL	主因1位「おじゃまフラット度差 +0.378」(1P有利) なのに 総合判定 adv=-4.1 (2P有利)	0
29	70.267	D0	CRITICAL	主因1位「おじゃまフラット度差 +0.659」(1P有利) なのに 総合判定 adv=-2.5 (2P有利)	0
29	73.067	D0	CRITICAL	主因1位「おじゃまフラット度差 +0.659」(1P有利) なのに 総合判定 adv=-2.5 (2P有利)	0
29	73.100	D0	CRITICAL	主因1位「おじゃまフラット度差 +0.378」(1P有利) なのに 総合判定 adv=-4.1 (2P有利)	0
29	73.700	D0	CRITICAL	主因1位「おじゃまフラット度差 +0.659」(1P有利) なのに 総合判定 adv=-2.5 (2P有利)	0
29	76.500	D0	CRITICAL	主因1位「おじゃまフラット度差 +0.659」(1P有利) なのに 総合判定 adv=-2.5 (2P有利)	0
29	76.533	D0	CRITICAL	主因1位「おじゃまフラット度差 +0.378」(1P有利) なのに 総合判定 adv=-4.1 (2P有利)	0
29	76.900	D0	CRITICAL	主因1位「おじゃまフラット度差 +0.659」(1P有利) なのに 総合判定 adv=-2.5 (2P有利)	0
29	79.733	D0	CRITICAL	主因1位「おじゃまフラット度差 +0.378」(1P有利) なのに 総合判定 adv=-4.1 (2P有利)	0
29	80.100	D0	CRITICAL	主因1位「おじゃまフラット度差 +0.659」(1P有利) なのに 総合判定 adv=-2.5 (2P有利)	0
29	82.933	D0	CRITICAL	主因1位「おじゃまフラット度差 +0.378」(1P有利) なのに 総合判定 adv=-4.1 (2P有利)	0
30	0.067	D0	CRITICAL	主因1位「最大列高差 +0.917」(1P有利) なのに 総合判定 adv=-52.4 (2P有利)	0
30	0.067	D0	CRITICAL	主因1位「最大列高差 +0.917」(1P有利) なのに 総合判定 adv=-52.4 (2P有利)	0
30	1.433	D0	CRITICAL	主因1位「おじゃまフラット度差 +0.659」(1P有利) なのに 総合判定 adv=-2.5 (2P有利)	0
30	4.633	D0	CRITICAL	主因1位「おじゃまフラット度差 +0.659」(1P有利) なのに 総合判定 adv=-2.5 (2P有利)	0
30	7.833	D0	CRITICAL	主因1位「おじゃまフラット度差 +0.659」(1P有利) なのに 総合判定 adv=-2.5 (2P有利)	0
30	11.033	D0	CRITICAL	主因1位「おじゃまフラット度差 +0.659」(1P有利) なのに 総合判定 adv=-2.5 (2P有利)	0
30	14.233	D0	CRITICAL	主因1位「おじゃまフラット度差 +0.659」(1P有利) なのに 総合判定 adv=-2.5 (2P有利)	0
30	17.433	D0	CRITICAL	主因1位「おじゃまフラット度差 +0.659」(1P有利) なのに 総合判定 adv=-2.5 (2P有利)	0
30	20.633	D0	CRITICAL	主因1位「おじゃまフラット度差 +0.659」(1P有利) なのに 総合判定 adv=-2.5 (2P有利)	0
30	23.467	D0	CRITICAL	主因1位「最大列高差 +0.917」(1P有利) なのに 総合判定 adv=-52.4 (2P有利)	0
30	23.833	D0	CRITICAL	主因1位「おじゃまフラット度差 +0.659」(1P有利) なのに 総合判定 adv=-2.5 (2P有利)	0
30	26.667	D0	CRITICAL	主因1位「最大列高差 +0.917」(1P有利) なのに 総合判定 adv=-52.4 (2P有利)	0
30	27.033	D0	CRITICAL	主因1位「おじゃまフラット度差 +0.659」(1P有利) なのに 総合判定 adv=-2.5 (2P有利)	0
30	29.867	D0	CRITICAL	主因1位「最大列高差 +0.917」(1P有利) なのに 総合判定 adv=-52.4 (2P有利)	0
30	30.233	D0	CRITICAL	主因1位「おじゃまフラット度差 +0.659」(1P有利) なのに 総合判定 adv=-2.5 (2P有利)	0
30	31.433	D0	CRITICAL	主因1位「おじゃまフラット度差 +0.659」(1P有利) なのに 総合判定 adv=-2.5 (2P有利)	0
30	33.067	D0	CRITICAL	主因1位「最大列高差 +0.917」(1P有利) なのに 総合判定 adv=-52.4 (2P有利)	0
30	33.433	D0	CRITICAL	主因1位「おじゃまフラット度差 +0.659」(1P有利) なのに 総合判定 adv=-2.5 (2P有利)	0
30	34.633	D0	CRITICAL	主因1位「おじゃまフラット度差 +0.659」(1P有利) なのに 総合判定 adv=-2.5 (2P有利)	0
30	36.267	D0	CRITICAL	主因1位「最大列高差 +0.917」(1P有利) なのに 総合判定 adv=-52.4 (2P有利)	0
30	36.633	D0	CRITICAL	主因1位「おじゃまフラット度差 +0.659」(1P有利) なのに 総合判定 adv=-2.5 (2P有利)	0
30	37.833	D0	CRITICAL	主因1位「おじゃまフラット度差 +0.659」(1P有利) なのに 総合判定 adv=-2.5 (2P有利)	0
30	39.467	D0	CRITICAL	主因1位「最大列高差 +0.917」(1P有利) なのに 総合判定 adv=-52.4 (2P有利)	0
30	39.833	D0	CRITICAL	主因1位「おじゃまフラット度差 +0.659」(1P有利) なのに 総合判定 adv=-2.5 (2P有利)	0
30	41.033	D0	CRITICAL	主因1位「おじゃまフラット度差 +0.659」(1P有利) なのに 総合判定 adv=-2.5 (2P有利)	0
30	43.033	D0	CRITICAL	主因1位「おじゃまフラット度差 +0.659」(1P有利) なのに 総合判定 adv=-2.5 (2P有利)	0
30	44.233	D0	CRITICAL	主因1位「おじゃまフラット度差 +0.659」(1P有利) なのに 総合判定 adv=-2.5 (2P有利)	0
30	46.233	D0	CRITICAL	主因1位「おじゃまフラット度差 +0.659」(1P有利) なのに 総合判定 adv=-2.5 (2P有利)	0
30	47.433	D0	CRITICAL	主因1位「おじゃまフラット度差 +0.659」(1P有利) なのに 総合判定 adv=-2.5 (2P有利)	0
30	49.433	D0	CRITICAL	主因1位「おじゃまフラット度差 +0.659」(1P有利) なのに 総合判定 adv=-2.5 (2P有利)	0
30	50.633	D0	CRITICAL	主因1位「おじゃまフラット度差 +0.659」(1P有利) なのに 総合判定 adv=-2.5 (2P有利)	0
30	52.633	D0	CRITICAL	主因1位「おじゃまフラット度差 +0.659」(1P有利) なのに 総合判定 adv=-2.5 (2P有利)	0
30	53.833	D0	CRITICAL	主因1位「おじゃまフラット度差 +0.659」(1P有利) なのに 総合判定 adv=-2.5 (2P有利)	0
30	55.833	D0	CRITICAL	主因1位「おじゃまフラット度差 +0.659」(1P有利) なのに 総合判定 adv=-2.5 (2P有利)	0
30	57.033	D0	CRITICAL	主因1位「おじゃまフラット度差 +0.659」(1P有利) なのに 総合判定 adv=-2.5 (2P有利)	0
30	59.033	D0	CRITICAL	主因1位「おじゃまフラット度差 +0.659」(1P有利) なのに 総合判定 adv=-2.5 (2P有利)	0
30	60.233	D0	CRITICAL	主因1位「おじゃまフラット度差 +0.659」(1P有利) なのに 総合判定 adv=-2.5 (2P有利)	0
31	0.067	D0	CRITICAL	主因1位「最大列高差 +0.917」(1P有利) なのに 総合判定 adv=-51.1 (2P有利)	0
31	0.067	D0	CRITICAL	主因1位「最大列高差 +0.917」(1P有利) なのに 総合判定 adv=-51.1 (2P有利)	0
31	1.433	D0	CRITICAL	主因1位「おじゃまフラット度差 +0.659」(1P有利) なのに 総合判定 adv=-2.5 (2P有利)	0
31	4.633	D0	CRITICAL	主因1位「おじゃまフラット度差 +0.659」(1P有利) なのに 総合判定 adv=-2.5 (2P有利)	0
31	7.833	D0	CRITICAL	主因1位「おじゃまフラット度差 +0.659」(1P有利) なのに 総合判定 adv=-2.5 (2P有利)	0
31	10.667	D0	CRITICAL	主因1位「最大列高差 +0.417」(1P有利) なのに 総合判定 adv=-0.3 (2P有利)	0
31	11.033	D0	CRITICAL	主因1位「おじゃまフラット度差 +0.659」(1P有利) なのに 総合判定 adv=-2.5 (2P有利)	0
31	13.433	D0	CRITICAL	主因1位「おじゃまフラット度差 +0.659」(1P有利) なのに 総合判定 adv=-2.5 (2P有利)	0
31	13.867	D0	CRITICAL	主因1位「最大列高差 +0.417」(1P有利) なのに 総合判定 adv=-0.3 (2P有利)	0
31	14.233	D0	CRITICAL	主因1位「おじゃまフラット度差 +0.659」(1P有利) なのに 総合判定 adv=-2.5 (2P有利)	0
31	17.067	D0	CRITICAL	主因1位「最大列高差 +0.417」(1P有利) なのに 総合判定 adv=-0.3 (2P有利)	0
31	17.433	D0	CRITICAL	主因1位「おじゃまフラット度差 +0.659」(1P有利) なのに 総合判定 adv=-2.5 (2P有利)	0
31	18.633	D0	CRITICAL	主因1位「おじゃまフラット度差 +0.659」(1P有利) なのに 総合判定 adv=-2.5 (2P有利)	0
31	20.267	D0	CRITICAL	主因1位「最大列高差 +0.417」(1P有利) なのに 総合判定 adv=-0.3 (2P有利)	0
31	20.633	D0	CRITICAL	主因1位「おじゃまフラット度差 +0.659」(1P有利) なのに 総合判定 adv=-2.5 (2P有利)	0
31	23.467	D0	CRITICAL	主因1位「最大列高差 +0.417」(1P有利) なのに 総合判定 adv=-0.3 (2P有利)	0
31	23.833	D0	CRITICAL	主因1位「おじゃまフラット度差 +0.659」(1P有利) なのに 総合判定 adv=-2.5 (2P有利)	0
31	26.667	D0	CRITICAL	主因1位「最大列高差 +0.417」(1P有利) なのに 総合判定 adv=-0.3 (2P有利)	0
31	27.033	D0	CRITICAL	主因1位「おじゃまフラット度差 +0.659」(1P有利) なのに 総合判定 adv=-2.5 (2P有利)	0
31	29.867	D0	CRITICAL	主因1位「最大列高差 +0.417」(1P有利) なのに 総合判定 adv=-0.3 (2P有利)	0
31	30.233	D0	CRITICAL	主因1位「おじゃまフラット度差 +0.659」(1P有利) なのに 総合判定 adv=-2.5 (2P有利)	0
31	31.433	D0	CRITICAL	主因1位「おじゃまフラット度差 +0.659」(1P有利) なのに 総合判定 adv=-2.5 (2P有利)	0
31	33.067	D0	CRITICAL	主因1位「最大列高差 +0.417」(1P有利) なのに 総合判定 adv=-0.3 (2P有利)	0
31	33.433	D0	CRITICAL	主因1位「おじゃまフラット度差 +0.659」(1P有利) なのに 総合判定 adv=-2.5 (2P有利)	0
31	34.633	D0	CRITICAL	主因1位「おじゃまフラット度差 +0.659」(1P有利) なのに 総合判定 adv=-2.5 (2P有利)	0
31	36.267	D0	CRITICAL	主因1位「最大列高差 +0.417」(1P有利) なのに 総合判定 adv=-0.3 (2P有利)	0
31	36.633	D0	CRITICAL	主因1位「おじゃまフラット度差 +0.659」(1P有利) なのに 総合判定 adv=-2.5 (2P有利)	0
31	37.833	D0	CRITICAL	主因1位「おじゃまフラット度差 +0.659」(1P有利) なのに 総合判定 adv=-2.5 (2P有利)	0
31	39.467	D0	CRITICAL	主因1位「最大列高差 +0.417」(1P有利) なのに 総合判定 adv=-0.3 (2P有利)	0
31	39.833	D0	CRITICAL	主因1位「おじゃまフラット度差 +0.659」(1P有利) なのに 総合判定 adv=-2.5 (2P有利)	0
31	41.033	D0	CRITICAL	主因1位「おじゃまフラット度差 +0.659」(1P有利) なのに 総合判定 adv=-2.5 (2P有利)	0
31	42.700	D0	CRITICAL	主因1位「最大列高差 +0.417」(1P有利) なのに 総合判定 adv=-0.3 (2P有利)	0
31	43.067	D0	CRITICAL	主因1位「おじゃまフラット度差 +0.659」(1P有利) なのに 総合判定 adv=-2.5 (2P有利)	0
31	45.900	D0	CRITICAL	主因1位「最大列高差 +0.417」(1P有利) なのに 総合判定 adv=-0.3 (2P有利)	0
31	46.267	D0	CRITICAL	主因1位「おじゃまフラット度差 +0.659」(1P有利) なのに 総合判定 adv=-2.5 (2P有利)	0
31	47.467	D0	CRITICAL	主因1位「おじゃまフラット度差 +0.659」(1P有利) なのに 総合判定 adv=-2.5 (2P有利)	0
31	49.100	D0	CRITICAL	主因1位「最大列高差 +0.417」(1P有利) なのに 総合判定 adv=-0.3 (2P有利)	0
31	49.467	D0	CRITICAL	主因1位「おじゃまフラット度差 +0.659」(1P有利) なのに 総合判定 adv=-2.5 (2P有利)	0
31	52.267	D0	CRITICAL	主因1位「おじゃまフラット度差 +0.659」(1P有利) なのに 総合判定 adv=-2.5 (2P有利)	0
31	52.300	D0	CRITICAL	主因1位「最大列高差 +0.417」(1P有利) なのに 総合判定 adv=-0.3 (2P有利)	0
31	52.667	D0	CRITICAL	主因1位「おじゃまフラット度差 +0.659」(1P有利) なのに 総合判定 adv=-2.5 (2P有利)	0
31	55.500	D0	CRITICAL	主因1位「最大列高差 +0.417」(1P有利) なのに 総合判定 adv=-0.3 (2P有利)	0
31	55.867	D0	CRITICAL	主因1位「おじゃまフラット度差 +0.659」(1P有利) なのに 総合判定 adv=-2.5 (2P有利)	0
31	58.700	D0	CRITICAL	主因1位「最大列高差 +0.417」(1P有利) なのに 総合判定 adv=-0.3 (2P有利)	0
31	59.067	D0	CRITICAL	主因1位「おじゃまフラット度差 +0.659」(1P有利) なのに 総合判定 adv=-2.5 (2P有利)	0
31	59.467	D0	CRITICAL	主因1位「おじゃまフラット度差 +0.659」(1P有利) なのに 総合判定 adv=-2.5 (2P有利)	0
31	61.900	D0	CRITICAL	主因1位「最大列高差 +0.417」(1P有利) なのに 総合判定 adv=-0.3 (2P有利)	0
31	62.267	D0	CRITICAL	主因1位「おじゃまフラット度差 +0.659」(1P有利) なのに 総合判定 adv=-2.5 (2P有利)	0
