t_sec,exchange_id,side,source,p1,incoming,hands,certain,proof_dead,reason,nodes,rounds,death_round,held_from_sec,declared_dead,round1_send_min,round1_send_max,round2_send_min,round2_send_max,round3_send_min,round3_send_max
483.06666666666666,14,1P,S3_landing,0.19969864245567187,38,3,True,False,node_limit,20001,0,,,False,,,,,,
483.23333333333335,14,1P,S3_landing,0.20184790856579035,38,3,True,False,node_limit,20001,0,,,False,,,,,,
483.26666666666665,14,1P,S3_landing,0.20232844095421104,38,3,True,False,node_limit,20001,0,,,False,,,,,,
483.3,14,1P,S3_landing,0.20184790856579035,38,3,True,False,node_limit,20001,0,,,False,,,,,,
483.3333333333333,14,1P,S3_landing,0.21855156695702968,38,3,True,False,node_limit,20001,0,,,False,,,,,,
483.6333333333333,14,1P,S3_landing,0.21855156695702968,38,2,True,False,surviving_response,2436,2,,,False,3,3,0.0,0.0,,
483.8,14,1P,S3_landing,0.19670957743443473,38,2,True,False,surviving_response,2474,2,,,False,3,3,0.0,0.0,,
483.96666666666664,14,1P,S3_landing,0.19271904231829623,38,2,True,False,optimistic_cancel,0,0,,,False,,,,,,
484.0,14,1P,S3_landing,0.18582915218597754,85,4,True,False,node_limit,20001,0,,,False,,,,,,
484.03333333333336,14,1P,S3_landing,0.19271904231829623,85,4,True,False,node_limit,20001,0,,,False,,,,,,
484.06666666666666,14,1P,S3_landing,0.18354011335121112,85,4,True,False,node_limit,20001,0,,,False,,,,,,
484.3333333333333,14,1P,S3_landing,0.18354011335121112,85,3,True,False,node_limit,20001,0,,,False,,,,,,
484.3666666666667,14,1P,S3_landing,0.19271904231829623,85,3,True,False,node_limit,20001,0,,,False,,,,,,
484.43333333333334,14,1P,S3_landing,0.19227901247646828,85,3,True,False,node_limit,20001,0,,,False,,,,,,
484.73333333333335,14,1P,S3_landing,0.2004729415099228,85,3,True,False,node_limit,20001,0,,,False,,,,,,
484.76666666666665,14,1P,S3_landing,0.19080437056789248,85,3,True,False,node_limit,20001,0,,,False,,,,,,
485.06666666666666,14,1P,S3_landing,0.19080437056789248,85,2,True,False,node_limit,20001,1,,,False,5.0,5.0,,,,
485.1666666666667,14,1P,S3_landing,0.19416162860440395,85,2,True,False,node_limit,20001,1,,,False,7.0,7.0,,,,
485.4,14,1P,S3_landing,0.1914519767883699,155,4,True,False,node_limit,20001,0,,,False,,,,,,
485.46666666666664,14,1P,S3_landing,0.2013709976918499,155,4,True,False,node_limit,20001,0,,,False,,,,,,
485.5,14,1P,S3_landing,0.1914519767883699,155,4,True,False,node_limit,20001,0,,,False,,,,,,
485.53333333333336,14,1P,S3_landing,0.19393900650952323,155,4,True,False,node_limit,20001,0,,,False,,,,,,
485.56666666666666,14,1P,S3_landing,0.18872051759917674,155,4,True,False,node_limit,20001,0,,,False,,,,,,
485.73333333333335,14,1P,S3_landing,0.18872051759917674,155,3,True,False,node_limit,20001,0,,,False,,,,,,
485.93333333333334,14,1P,S3_landing,0.20002606888896354,155,3,True,False,node_limit,20001,0,,,False,,,,,,
486.2,14,1P,S3_landing,0.20541287881729972,155,3,True,False,node_limit,20001,0,,,False,,,,,,
486.43333333333334,14,1P,S3_landing,0.1994580691538602,155,3,True,False,node_limit,20001,0,,,False,,,,,,
486.46666666666664,14,1P,S3_landing,0.1994580691538602,155,2,True,False,node_limit,20001,1,,,False,20.0,20.0,,,,
486.6,14,1P,S3_landing,0.21023747877316562,155,2,True,False,node_limit,20001,1,,,False,27.0,27.0,,,,
486.73333333333335,14,1P,S3_landing,0.2090448876932813,268,4,True,False,node_limit,20001,0,,,False,,,,,,
486.8333333333333,14,1P,S3_landing,0.21625827678160545,268,4,True,False,node_limit,20001,0,,,False,,,,,,
486.9,14,1P,S3_landing,0.21016954761576342,268,4,True,False,node_limit,20001,0,,,False,,,,,,
486.93333333333334,14,1P,S3_landing,0.21289983272932564,268,3,True,False,node_limit,20001,0,,,False,,,,,,
487.1666666666667,14,1P,S3_landing,0.22072240567785184,268,3,True,False,node_limit,20001,0,,,False,,,,,,
487.43333333333334,14,1P,S3_landing,0.22681018095739353,268,3,True,False,node_limit,20001,0,,,False,,,,,,
487.46666666666664,14,1P,S3_landing,0.21906361483783973,268,3,True,False,node_limit,20001,0,,,False,,,,,,
487.5,14,1P,S3_landing,0.2180683878055701,268,3,True,False,node_limit,20001,0,,,False,,,,,,
487.53333333333336,14,1P,S3_landing,0.21710178338446268,268,3,True,False,node_limit,20001,0,,,False,,,,,,
487.6666666666667,14,1P,S3_landing,0.21710178338446268,268,2,True,False,node_limit,20001,1,,,False,88,88,,,,
487.8666666666667,14,1P,S3_landing,0.21107579850118147,268,2,True,False,node_limit,20001,1,,,False,88,88,,,,
488.1,14,1P,S3_landing,0.22025384303442974,359,4,True,False,node_limit,20001,0,,,False,,,,,,
488.1666666666667,14,1P,S3_landing,0.20874193571805158,359,4,True,False,node_limit,20001,0,,,False,,,,,,
488.2,14,1P,S3_landing,0.2054588711402724,359,3,True,False,node_limit,20001,0,,,False,,,,,,
488.53333333333336,14,1P,S3_landing,0.20805151167683306,359,3,True,False,node_limit,20001,0,,,False,,,,,,
488.8333333333333,14,1P,S3_landing,0.21748589428602066,359,3,True,False,node_limit,20001,0,,,False,,,,,,
488.8666666666667,14,1P,S3_landing,0.21751715610895356,359,3,True,False,node_limit,20001,0,,,False,,,,,,
488.9,14,1P,S3_landing,0.2227393112599467,359,3,True,False,node_limit,20001,0,,,False,,,,,,
488.93333333333334,14,1P,S3_landing,0.20455062562505552,359,2,True,False,node_limit,20001,1,,,False,236,236,,,,
489.23333333333335,14,1P,S3_landing,0.20680142156743256,359,2,True,False,node_limit,20001,1,,,False,236,236,,,,
489.5,14,1P,S3_landing,0.20680142156743256,469,4,True,False,node_limit,20001,0,,,False,,,,,,
489.6666666666667,14,1P,S3_landing,0.20141447167053345,469,4,True,False,node_limit,20001,0,,,False,,,,,,
489.76666666666665,14,1P,S3_landing,0.20141447167053345,469,3,True,False,node_limit,20001,0,,,False,,,,,,
490.1,14,1P,S3_landing,0.20787958013893074,469,3,True,False,node_limit,20001,0,,,False,,,,,,
490.1333333333333,14,1P,S3_landing,0.20822221314101905,469,3,True,False,node_limit,20001,0,,,False,,,,,,
490.1666666666667,14,1P,S3_landing,0.202171245016765,469,3,True,False,node_limit,20001,0,,,False,,,,,,
490.2,14,1P,S3_landing,0.2088865695057039,469,3,True,False,node_limit,20001,0,,,False,,,,,,
490.5,14,1P,S3_landing,0.2088865695057039,469,2,True,False,node_limit,20001,1,,,False,222,222,,,,
490.53333333333336,14,1P,S3_landing,0.2202522146000918,469,2,True,False,node_limit,20001,1,,,False,237,237,,,,
490.56666666666666,14,1P,S3_landing,0.22485515662991903,469,2,True,False,node_limit,20001,0,,,False,,,,,,
490.6,14,1P,S3_landing,0.2202522146000918,469,2,True,False,node_limit,20001,1,,,False,237,237,,,,
490.76666666666665,14,1P,S3_landing,0.22485515662991903,469,2,True,False,node_limit,20001,0,,,False,,,,,,
490.8,14,1P,S3_landing,0.21851313948297318,469,2,True,False,node_limit,20001,1,,,False,239,239,,,,
490.8333333333333,14,1P,S3_landing,0.2199615499893241,469,2,True,False,node_limit,20001,1,,,False,237,237,,,,
490.8666666666667,14,1P,unavoidable_death,0.02,597,1,True,True,all_responses_dead,8031,3,3,490.8666666666667,True,236,236,0.0,1.0,0.0,0.0
491.2,14,1P,unavoidable_death,0.02,597,1,True,True,all_responses_dead,5391,3,3,490.8666666666667,True,236,236,0.0,1.0,0.0,0.0
491.5,14,1P,unavoidable_death,0.02,597,1,True,True,all_responses_dead,254,2,2,490.8666666666667,True,150.0,150.0,0.0,1.0,,
491.53333333333336,14,1P,S3_landing,0.21853647969966858,597,1,True,False,node_limit,20001,1,,,False,127,127,,,,
491.56666666666666,14,1P,unavoidable_death,0.02,597,1,True,True,all_responses_dead,3950,2,2,491.56666666666666,True,235.0,235.0,0.0,0.0,,
491.6,14,1P,S3_landing,0.21365991352854496,596,1,False,False,uncertain_completion,,0,,,False,,,,,,
492.06666666666666,14,1P,S3_landing,0.21365991352854496,596,1,False,False,uncertain_completion,,0,,,False,,,,,,
492.26666666666665,14,1P,S3_landing,0.2439493277618976,596,1,False,False,uncertain_completion,,0,,,False,,,,,,
492.3,14,1P,S3_landing,0.17590039994145898,596,1,False,False,uncertain_completion,,0,,,False,,,,,,
492.3333333333333,14,1P,S3_landing,0.1730542113109359,596,1,False,False,uncertain_completion,,0,,,False,,,,,,
492.3666666666667,14,1P,S3_landing,0.24699443665758555,596,1,False,False,uncertain_completion,,0,,,False,,,,,,
492.7,14,1P,S3_landing,0.24699443665758555,596,1,False,False,uncertain_completion,,0,,,False,,,,,,
492.8,14,1P,S3_landing,0.24699443665758555,596,1,False,False,uncertain_completion,,0,,,False,,,,,,
492.93333333333334,14,1P,S3_landing,0.24699443665758555,591,1,False,False,uncertain_completion,,0,,,False,,,,,,
493.0,14,1P,S3_landing,0.2558701430612937,591,1,False,False,uncertain_completion,,0,,,False,,,,,,
493.03333333333336,14,1P,S3_landing,0.2539920054911595,591,1,False,False,uncertain_completion,,0,,,False,,,,,,
493.1333333333333,14,1P,S3_landing,0.2299517962697334,591,1,False,False,uncertain_completion,,0,,,False,,,,,,
493.1666666666667,14,1P,S3_landing,0.2474544905133159,591,1,False,False,uncertain_completion,,0,,,False,,,,,,
493.3,14,1P,S3_landing,0.2299517962697334,591,1,False,False,uncertain_completion,,0,,,False,,,,,,
493.6333333333333,14,1P,S3_landing,0.2001851681265586,591,1,False,False,uncertain_completion,,0,,,False,,,,,,
493.93333333333334,14,1P,S3_landing,0.2413227287928179,591,1,False,False,uncertain_completion,,0,,,False,,,,,,
493.96666666666664,14,1P,S3_landing,0.22986771241490955,591,1,False,False,uncertain_completion,,0,,,False,,,,,,
494.0,14,1P,S3_landing,0.23473406213175035,591,1,False,False,uncertain_completion,,0,,,False,,,,,,
494.03333333333336,14,1P,S3_landing,0.22912039673989382,591,1,False,False,uncertain_completion,,0,,,False,,,,,,
494.4,14,1P,S3_landing,0.22118029370801792,579,1,False,False,uncertain_completion,,0,,,False,,,,,,
494.43333333333334,14,1P,S3_landing,0.19581124069525052,579,1,False,False,uncertain_completion,,0,,,False,,,,,,
494.7,14,1P,S3_landing,0.2276323352723288,579,1,False,False,uncertain_completion,,0,,,False,,,,,,
494.73333333333335,14,1P,S3_landing,0.21464839157160845,579,1,False,False,uncertain_completion,,0,,,False,,,,,,
494.76666666666665,14,1P,S3_landing,0.2222599099372418,579,1,False,False,uncertain_completion,,0,,,False,,,,,,
494.8,14,1P,S3_landing,0.2079420443026952,579,1,False,False,uncertain_completion,,0,,,False,,,,,,
495.46666666666664,14,1P,S3_landing,0.20814187850012178,579,1,False,False,uncertain_completion,,0,,,False,,,,,,
495.53333333333336,14,1P,S3_landing,0.22784564870428464,579,1,False,False,uncertain_completion,,0,,,False,,,,,,
495.6333333333333,14,1P,S3_landing,0.19532765902848392,579,1,False,False,uncertain_completion,,0,,,False,,,,,,
495.76666666666665,14,1P,S3_landing,0.1962825886884518,531,1,False,False,uncertain_completion,,0,,,False,,,,,,
495.96666666666664,14,1P,S3_landing,0.19996942541836402,531,1,False,False,uncertain_completion,,0,,,False,,,,,,
496.1,14,1P,S3_landing,0.18950296523825091,531,1,False,False,uncertain_completion,,0,,,False,,,,,,
496.2,14,1P,S3_landing,0.19793453590850657,531,1,False,False,uncertain_completion,,0,,,False,,,,,,
496.23333333333335,14,1P,S3_landing,0.2091998268997617,531,1,False,False,uncertain_completion,,0,,,False,,,,,,
496.26666666666665,14,1P,S3_landing,0.18785433746060756,531,1,False,False,uncertain_completion,,0,,,False,,,,,,
496.3,14,1P,S3_landing,0.18261993612160218,531,1,False,False,uncertain_completion,,0,,,False,,,,,,
496.8333333333333,14,1P,S3_landing,0.18261993612160218,531,1,False,False,uncertain_completion,,0,,,False,,,,,,
496.96666666666664,14,1P,S3_landing,0.19793453590850657,531,1,False,False,uncertain_completion,,0,,,False,,,,,,
497.06666666666666,14,1P,S3_landing,0.25245415879420735,531,1,False,False,uncertain_completion,,0,,,False,,,,,,
497.1,14,1P,S3_landing,0.18347356127021086,531,1,False,False,uncertain_completion,,0,,,False,,,,,,
497.2,14,1P,S3_landing,0.18415565079668517,431,1,False,False,uncertain_completion,,0,,,False,,,,,,
497.23333333333335,14,1P,S3_landing,0.25331313596350624,431,1,False,False,uncertain_completion,,0,,,False,,,,,,
497.4,14,1P,S3_landing,0.2758085587820306,431,1,False,False,uncertain_completion,,0,,,False,,,,,,
497.53333333333336,14,1P,S3_landing,0.2758085587820306,431,1,False,False,uncertain_completion,,0,,,False,,,,,,
497.6666666666667,14,1P,S3_landing,0.28741970367139746,431,1,False,False,uncertain_completion,,0,,,False,,,,,,
497.7,14,1P,S3_landing,0.2801332549483956,431,1,False,False,uncertain_completion,,0,,,False,,,,,,
497.73333333333335,14,1P,S3_landing,0.28070226611290655,431,1,False,False,uncertain_completion,,0,,,False,,,,,,
497.76666666666665,14,1P,S3_landing,0.2758085587820306,431,1,False,False,uncertain_completion,,0,,,False,,,,,,
498.26666666666665,14,1P,S3_landing,0.2758085587820306,431,1,False,False,uncertain_completion,,0,,,False,,,,,,
498.3,14,1P,S3_landing,0.285786234788415,431,1,False,False,uncertain_completion,,0,,,False,,,,,,
498.5,14,1P,S3_landing,0.30110397611445183,431,1,False,False,uncertain_completion,,0,,,False,,,,,,
498.53333333333336,14,1P,S3_landing,0.2875320318492906,431,1,False,False,uncertain_completion,,0,,,False,,,,,,
498.56666666666666,14,1P,S3_landing,0.2929842277207828,431,1,False,False,uncertain_completion,,0,,,False,,,,,,
498.6,14,1P,S3_landing,0.2939561101803419,431,1,False,False,uncertain_completion,,0,,,False,,,,,,
498.6666666666667,14,1P,S3_landing,0.2939561101803419,361,1,False,False,uncertain_completion,,0,,,False,,,,,,
498.93333333333334,14,1P,S3_landing,0.2939561101803419,361,1,False,False,uncertain_completion,,0,,,False,,,,,,
499.0,14,1P,S3_landing,0.2999261943037385,361,1,False,False,uncertain_completion,,0,,,False,,,,,,
499.1,14,1P,S3_landing,0.2994463131149961,361,1,False,False,uncertain_completion,,0,,,False,,,,,,
499.46666666666664,14,1P,S3_landing,0.31386196440737607,361,1,False,False,uncertain_completion,,0,,,False,,,,,,
499.5,14,1P,S3_landing,0.29565433359349214,361,1,False,False,uncertain_completion,,0,,,False,,,,,,
499.53333333333336,14,1P,S3_landing,0.3047309073746047,361,1,False,False,uncertain_completion,,0,,,False,,,,,,
499.6666666666667,14,1P,S3_landing,0.3047309073746047,361,1,False,False,uncertain_completion,,0,,,False,,,,,,
499.73333333333335,14,1P,S3_landing,0.31386196440737607,361,1,False,False,uncertain_completion,,0,,,False,,,,,,
499.76666666666665,14,1P,S3_landing,0.30814494872424175,361,1,False,False,uncertain_completion,,0,,,False,,,,,,
499.96666666666664,14,1P,S3_landing,0.29621601460473773,361,1,False,False,uncertain_completion,,0,,,False,,,,,,
500.1333333333333,14,1P,S3_landing,0.29621601460473773,361,1,False,False,uncertain_completion,,0,,,False,,,,,,
500.1666666666667,14,1P,S3_landing,0.30533115759721363,406,10,False,False,uncertain_completion,,0,,,False,,,,,,
500.26666666666665,14,1P,S3_landing,0.30533115759721363,406,9,False,False,uncertain_completion,,0,,,False,,,,,,
500.3333333333333,14,1P,S3_landing,0.27063982004693676,406,9,True,False,unverified_attack,,0,,,False,,,,,,
500.3666666666667,14,1P,S3_landing,0.3382289367234316,406,9,True,False,unverified_attack,,0,,,False,,,,,,
500.43333333333334,14,1P,S3_landing,0.27063982004693676,376,9,True,False,unverified_attack,,0,,,False,,,,,,
500.53333333333336,14,1P,S3_landing,0.27063982004693676,346,9,True,False,unverified_attack,,0,,,False,,,,,,
500.6333333333333,14,1P,S3_landing,0.27063982004693676,316,9,True,False,unverified_attack,,0,,,False,,,,,,
500.73333333333335,14,1P,S3_landing,0.24289048991194245,286,9,True,False,unverified_attack,,0,,,False,,,,,,
500.96666666666664,14,1P,S3_landing,0.2521113795522967,286,9,True,False,unverified_attack,,0,,,False,,,,,,
501.0,14,1P,S3_landing,0.29378878205202874,286,8,True,False,unverified_attack,,0,,,False,,,,,,
501.03333333333336,14,1P,S3_landing,0.28101745922346216,286,8,True,False,unverified_attack,,0,,,False,,,,,,
501.06666666666666,14,1P,S3_landing,0.29378878205202874,286,8,True,False,unverified_attack,,0,,,False,,,,,,
501.1,14,1P,S3_landing,0.26713206031581377,286,8,True,False,unverified_attack,,0,,,False,,,,,,
501.53333333333336,14,1P,S3_landing,0.22126541834328106,256,8,True,False,unverified_attack,,0,,,False,,,,,,
501.73333333333335,14,1P,S3_landing,0.22126541834328106,256,7,True,False,unverified_attack,,0,,,False,,,,,,
501.8333333333333,14,1P,S3_landing,0.27506388908334173,256,7,True,False,unverified_attack,,0,,,False,,,,,,
501.8666666666667,14,1P,S3_landing,0.232562232938774,256,7,True,False,unverified_attack,,0,,,False,,,,,,
501.9,14,1P,S3_landing,0.27506388908334173,256,7,True,False,unverified_attack,,0,,,False,,,,,,
501.93333333333334,14,1P,S3_landing,0.2171639639064206,256,7,True,False,unverified_attack,,0,,,False,,,,,,
502.4,14,1P,S3_landing,0.17146724633354093,226,7,True,False,unverified_attack,,0,,,False,,,,,,
502.46666666666664,14,1P,S3_landing,0.17146724633354093,226,6,True,False,unverified_attack,,0,,,False,,,,,,
502.6333333333333,14,1P,S3_landing,0.20926466231870813,226,6,True,False,unverified_attack,,0,,,False,,,,,,
502.6666666666667,14,1P,S3_landing,0.1628831177544369,226,6,True,False,unverified_attack,,0,,,False,,,,,,
502.7,14,1P,S3_landing,0.17638533147881044,226,6,True,False,unverified_attack,,0,,,False,,,,,,
502.73333333333335,14,1P,S3_landing,0.1736653380365625,226,6,True,False,unverified_attack,,0,,,False,,,,,,
503.2,14,1P,S3_landing,0.16524747112841015,196,5,True,False,unverified_attack,,0,,,False,,,,,,
503.3333333333333,14,1P,S3_landing,0.17197631622955808,190,5,True,False,unverified_attack,,0,,,False,,,,,,
503.73333333333335,14,1P,S3_landing,0.2133211473365681,190,5,True,False,unverified_attack,,0,,,False,,,,,,
503.8,14,1P,S3_landing,0.17080931105510516,190,5,True,False,unverified_attack,,0,,,False,,,,,,
503.8333333333333,14,1P,S3_landing,0.16991362958587097,190,5,True,False,unverified_attack,,0,,,False,,,,,,
503.93333333333334,14,1P,S3_landing,0.16991362958587097,190,4,True,False,unverified_attack,,0,,,False,,,,,,
504.3666666666667,14,1P,S3_landing,0.16536867880604075,190,4,True,False,unverified_attack,,0,,,False,,,,,,
504.5,14,1P,S3_landing,0.21713110179936546,190,4,True,False,node_limit,20001,0,,,False,,,,,,
504.53333333333336,14,1P,S3_landing,0.1844332372119692,190,4,True,False,node_limit,20001,0,,,False,,,,,,
504.56666666666666,14,1P,S3_landing,0.15091010147549414,190,4,True,False,node_limit,20001,0,,,False,,,,,,
504.6,14,1P,S3_landing,0.15159758931045272,190,4,True,False,node_limit,20001,0,,,False,,,,,,
504.6666666666667,14,1P,S3_landing,0.15159758931045272,190,3,True,False,node_limit,20001,0,,,False,,,,,,
505.03333333333336,14,1P,S3_landing,0.13596962703468363,190,3,True,False,node_limit,20001,0,,,False,,,,,,
505.26666666666665,14,1P,S3_landing,0.19653201094361075,190,3,True,False,node_limit,20001,0,,,False,,,,,,
505.3333333333333,14,1P,S3_landing,0.17052514631012686,190,3,True,False,node_limit,20001,0,,,False,,,,,,
505.4,14,1P,S3_landing,0.17052514631012686,190,2,True,False,node_limit,20001,1,,,False,18.0,18.0,,,,
505.43333333333334,14,1P,S3_landing,0.16008357342718516,190,2,True,False,node_limit,20001,1,,,False,37.0,37.0,,,,
505.73333333333335,14,1P,S3_landing,0.15497091288074274,190,2,True,False,node_limit,20001,1,,,False,26.0,26.0,,,,
506.03333333333336,14,1P,S3_landing,0.20367924529805856,190,2,True,False,node_limit,20001,0,,,False,,,,,,
506.06666666666666,14,1P,S3_landing,0.15869910642152055,190,2,True,False,node_limit,20001,1,,,False,10.0,10.0,,,,
506.1,14,1P,S3_landing,0.1479799735105761,190,2,True,False,node_limit,20001,1,,,False,25.0,25.0,,,,
506.1333333333333,14,1P,unavoidable_death,0.02,190,1,True,True,all_responses_dead,992,2,2,506.1333333333333,True,47.0,47.0,0.0,0.0,,
506.43333333333334,14,1P,unavoidable_death,0.02,190,1,True,True,all_responses_dead,652,2,2,506.1333333333333,True,52.0,52.0,0.0,0.0,,
506.7,14,1P,S3_landing,0.18484105758407743,190,1,True,False,node_limit,20001,1,,,False,53,53,,,,
506.73333333333335,14,1P,unavoidable_death,0.02,190,1,True,True,all_responses_dead,652,2,2,506.73333333333335,True,49.0,49.0,0.0,0.0,,
506.76666666666665,14,1P,unavoidable_death,0.02,190,1,True,True,all_responses_dead,652,2,2,506.73333333333335,True,34.0,34.0,0.0,0.0,,
506.8,14,1P,S3_landing,0.15871976270268792,190,1,True,False,node_limit,20001,2,,,False,48,48,0.0,0.0,,
507.2,14,1P,S3_landing,0.15361209066599896,190,1,True,False,node_limit,20001,2,,,False,56.0,56.0,0.0,0.0,,
507.3,14,1P,S3_landing,0.15604650032211728,190,1,True,False,node_limit,20001,2,,,False,56.0,56.0,0.0,0.0,,
507.4,14,1P,S3_landing,0.15604650032211728,190,1,True,False,node_limit,20001,2,,,False,56.0,56.0,0.0,0.0,,
507.43333333333334,14,1P,S3_landing,0.3874056968495303,190,1,True,False,node_limit,20001,1,,,False,52,52,,,,
507.46666666666664,14,1P,unavoidable_death,0.02,190,1,True,True,all_responses_dead,8434,2,2,507.46666666666664,True,42.0,42.0,0.0,0.0,,
507.5,14,1P,unavoidable_death,0.02,190,1,True,True,all_responses_dead,8359,2,2,507.46666666666664,True,58.0,58.0,0.0,0.0,,
507.53333333333336,14,1P,unavoidable_death,0.02,190,1,True,True,all_responses_dead,640,2,2,507.46666666666664,True,60.0,60.0,0.0,0.0,,
507.6333333333333,14,1P,unavoidable_death,0.02,190,1,True,True,all_responses_dead,640,2,2,507.46666666666664,True,60.0,60.0,0.0,0.0,,
507.6666666666667,14,1P,unavoidable_death,0.02,190,1,True,True,all_responses_dead,640,2,2,507.46666666666664,True,60.0,60.0,0.0,0.0,,
507.7,14,1P,unavoidable_death,0.02,190,1,True,True,all_responses_dead,640,2,2,507.46666666666664,True,60.0,60.0,0.0,0.0,,
507.73333333333335,14,1P,unavoidable_death,0.02,190,1,True,True,all_responses_dead,640,2,2,507.46666666666664,True,60.0,60.0,0.0,0.0,,
508.23333333333335,14,1P,unavoidable_death,0.02,190,1,True,True,all_responses_dead,640,2,2,507.46666666666664,True,60.0,60.0,0.0,0.0,,
508.26666666666665,14,1P,unavoidable_death,0.02,190,1,True,True,all_responses_dead,640,2,2,507.46666666666664,True,61.0,61.0,0.0,0.0,,
508.46666666666664,14,1P,unavoidable_death,0.02,190,1,True,True,all_responses_dead,640,2,2,507.46666666666664,True,61.0,61.0,0.0,0.0,,
508.5,14,1P,unavoidable_death,0.02,190,1,True,True,all_responses_dead,640,2,2,507.46666666666664,True,61.0,61.0,0.0,0.0,,
508.53333333333336,14,1P,unavoidable_death,0.02,190,1,True,True,all_responses_dead,640,2,2,507.46666666666664,True,61.0,61.0,0.0,0.0,,
508.56666666666666,14,1P,S3_landing,0.31025193087257746,190,1,True,False,node_limit,20001,1,,,False,52.0,52.0,,,,
508.6,14,1P,unavoidable_death,0.02,190,1,True,True,all_responses_dead,335,2,2,508.6,True,55.0,55.0,0.0,0.0,,
508.6333333333333,14,1P,S3_landing,0.31025193087257746,190,1,True,False,node_limit,20001,1,,,False,52.0,52.0,,,,
508.6666666666667,14,1P,S3_landing,0.2814971241880324,190,1,True,False,node_limit,20001,2,,,False,52.0,52.0,0.0,0.0,,
523.5666666666667,15,1P,S3_landing,0.6338738966818711,4,4,True,False,single_landing,,0,,,False,,,,,,
523.6666666666666,15,1P,S3_landing,0.6667459106346767,4,4,True,False,single_landing,,0,,,False,,,,,,
523.7,15,1P,S3_landing,0.687073316773545,4,4,True,False,single_landing,,0,,,False,,,,,,
523.7333333333333,15,1P,S3_landing,0.6895398440212578,4,4,True,False,single_landing,,0,,,False,,,,,,
523.7666666666667,15,1P,S3_landing,0.6824840071066011,4,4,True,False,single_landing,,0,,,False,,,,,,
523.9333333333333,15,1P,S3_landing,0.7090693176348293,4,4,True,False,single_landing,,0,,,False,,,,,,
524.0333333333333,15,1P,S3_landing,0.6453922759560963,4,3,True,False,single_landing,,0,,,False,,,,,,
524.2,15,1P,S3_landing,0.6508663347100474,4,3,True,False,single_landing,,0,,,False,,,,,,
524.2333333333333,15,1P,S3_landing,0.6430754817453163,4,3,True,False,single_landing,,0,,,False,,,,,,
524.2666666666667,15,1P,S3_landing,0.6448590364234443,4,3,True,False,single_landing,,0,,,False,,,,,,
524.5666666666667,15,1P,S3_landing,0.6508663347100474,4,3,True,False,single_landing,,0,,,False,,,,,,
524.6,15,1P,S3_landing,0.6509707587360956,4,3,True,False,single_landing,,0,,,False,,,,,,
524.6333333333333,15,1P,S3_landing,0.5868553997821262,4,3,True,False,single_landing,,0,,,False,,,,,,
524.7,15,1P,S3_landing,0.579695982411691,4,3,True,False,single_landing,,0,,,False,,,,,,
524.7666666666667,15,1P,S3_landing,0.6708187014249906,4,2,True,False,single_landing,,0,,,False,,,,,,
524.9333333333333,15,1P,S3_landing,0.664741814780855,4,2,True,False,single_landing,,0,,,False,,,,,,
524.9666666666667,15,1P,S3_landing,0.6214357889792786,33,4,True,False,optimistic_cancel,0,0,,,False,,,,,,
525.0666666666667,15,1P,S3_landing,0.8908541798611948,0,1,True,False,single_landing,,0,,,False,,,,,,
526.8666666666667,15,1P,S3_landing,0.8908541798611948,0,1,True,False,single_landing,,0,,,False,,,,,,
526.9333333333333,15,1P,S3_landing,0.9092496088171855,0,1,True,False,single_landing,,0,,,False,,,,,,
527.0,15,1P,S3_landing,0.9092496088171855,0,1,True,False,single_landing,,0,,,False,,,,,,
527.0666666666667,15,1P,S3_landing,0.906940438421856,0,1,True,False,single_landing,,0,,,False,,,,,,
527.1,15,1P,S3_landing,0.9115049018479215,0,1,True,False,single_landing,,0,,,False,,,,,,
527.1333333333333,15,1P,S3_landing,0.9154559996338034,0,1,True,False,single_landing,,0,,,False,,,,,,
527.1666666666666,15,1P,S3_landing,0.9081969632659473,0,1,True,False,single_landing,,0,,,False,,,,,,
527.6666666666666,15,1P,S3_landing,0.906940438421856,0,1,True,False,single_landing,,0,,,False,,,,,,
527.7,15,1P,S3_landing,0.9154373768234071,0,1,True,False,single_landing,,0,,,False,,,,,,
527.7333333333333,15,1P,S3_landing,0.9086181979857344,0,1,True,False,single_landing,,0,,,False,,,,,,
527.7666666666667,15,1P,S3_landing,0.9045680931818686,0,1,True,False,single_landing,,0,,,False,,,,,,
527.8333333333334,15,1P,S3_landing,0.90621815569097,0,1,True,False,single_landing,,0,,,False,,,,,,
527.9,15,1P,S3_landing,0.9093064767445014,0,1,True,False,single_landing,,0,,,False,,,,,,
528.0666666666667,15,1P,S3_landing,0.9090638020197733,0,1,True,False,single_landing,,0,,,False,,,,,,
528.4666666666667,15,1P,S3_landing,0.9090638020197733,0,1,True,False,single_landing,,0,,,False,,,,,,
528.5666666666667,15,1P,S3_landing,0.9079083860504592,0,1,True,False,single_landing,,0,,,False,,,,,,
528.6,15,1P,S3_landing,0.9127939288703694,0,1,True,False,single_landing,,0,,,False,,,,,,
528.8,15,1P,S3_landing,0.9093634797785918,0,1,True,False,single_landing,,0,,,False,,,,,,
528.9333333333333,15,1P,S3_landing,0.8947041597456218,0,1,True,False,single_landing,,0,,,False,,,,,,
529.2,15,1P,S3_landing,0.8933081094024499,0,1,True,False,single_landing,,0,,,False,,,,,,
529.2333333333333,15,1P,S3_landing,0.9020490306839537,0,1,True,False,single_landing,,0,,,False,,,,,,
529.2666666666667,15,1P,S3_landing,0.9032638394262547,0,1,True,False,single_landing,,0,,,False,,,,,,
529.3,15,1P,S3_landing,0.8937659257440322,0,1,True,False,single_landing,,0,,,False,,,,,,
529.8666666666667,15,1P,S3_landing,0.8924029254208089,0,1,True,False,single_landing,,0,,,False,,,,,,
529.9333333333333,15,1P,S3_landing,0.8924029254208089,0,1,True,False,single_landing,,0,,,False,,,,,,
530.0666666666667,15,1P,S3_landing,0.8922181396744301,0,1,True,False,single_landing,,0,,,False,,,,,,
530.1,15,1P,S3_landing,0.8990663783492536,0,1,True,False,single_landing,,0,,,False,,,,,,
530.1333333333333,15,1P,S3_landing,0.8975319966821466,0,1,True,False,single_landing,,0,,,False,,,,,,
530.1666666666666,15,1P,S3_landing,0.8929950644935258,0,1,True,False,single_landing,,0,,,False,,,,,,
530.2333333333333,15,1P,S3_landing,0.8922585338825557,0,1,True,False,single_landing,,0,,,False,,,,,,
530.3,15,1P,S3_landing,0.8909286659361544,0,1,True,False,single_landing,,0,,,False,,,,,,
530.3666666666667,15,1P,S3_landing,0.9158100263988485,0,1,True,False,single_landing,,0,,,False,,,,,,
530.4333333333333,15,1P,S3_landing,0.9067989040818759,0,1,True,False,single_landing,,0,,,False,,,,,,
530.6,15,1P,S3_landing,0.8717504152949233,0,1,True,False,single_landing,,0,,,False,,,,,,
530.6333333333333,15,1P,S3_landing,0.918071473389084,0,1,True,False,single_landing,,0,,,False,,,,,,
530.6666666666666,15,1P,S3_landing,0.9174246652342815,0,1,True,False,single_landing,,0,,,False,,,,,,
530.7,15,1P,S3_landing,0.8837341074952549,0,1,True,False,single_landing,,0,,,False,,,,,,
531.0333333333333,15,1P,S3_landing,0.8724739166725253,0,1,True,False,single_landing,,0,,,False,,,,,,
531.1333333333333,15,1P,S3_landing,0.8628851536172475,0,1,True,False,single_landing,,0,,,False,,,,,,
531.1666666666666,15,1P,S3_landing,0.907992111990416,0,1,True,False,single_landing,,0,,,False,,,,,,
531.2,15,1P,S3_landing,0.8793703464643398,0,1,True,False,single_landing,,0,,,False,,,,,,
531.2333333333333,15,1P,S3_landing,0.8997958243751228,0,1,True,False,single_landing,,0,,,False,,,,,,
531.3333333333334,15,1P,S3_landing,0.8628851536172475,0,1,True,False,single_landing,,0,,,False,,,,,,
531.3666666666667,15,1P,S3_landing,0.8971486621304003,0,1,True,False,single_landing,,0,,,False,,,,,,
531.4,15,1P,S3_landing,0.8971486621304003,0,1,True,False,single_landing,,0,,,False,,,,,,
532.1333333333333,15,1P,S3_landing,0.8971486621304003,0,1,True,False,single_landing,,0,,,False,,,,,,
532.1666666666666,15,1P,S3_landing,0.8628851536172475,0,1,True,False,single_landing,,0,,,False,,,,,,
532.2,15,1P,S3_landing,0.8840783913007083,0,1,True,False,single_landing,,0,,,False,,,,,,
532.2666666666667,15,1P,S3_landing,0.9047543785195471,0,1,True,False,single_landing,,0,,,False,,,,,,
532.5333333333333,15,1P,S3_landing,0.866283726007342,0,1,True,False,single_landing,,0,,,False,,,,,,
532.8666666666667,15,1P,S3_landing,0.866283726007342,0,1,True,False,single_landing,,0,,,False,,,,,,
533.1,15,1P,S3_landing,0.9112929622256835,0,1,True,False,single_landing,,0,,,False,,,,,,
533.1333333333333,15,1P,S3_landing,0.8799550349884833,0,1,True,False,single_landing,,0,,,False,,,,,,
533.1666666666666,15,1P,S3_landing,0.8823154259592862,0,1,True,False,single_landing,,0,,,False,,,,,,
533.6,15,1P,S3_landing,0.8823154259592862,0,1,True,False,single_landing,,0,,,False,,,,,,
533.7333333333333,15,1P,S3_landing,0.866283726007342,0,1,True,False,single_landing,,0,,,False,,,,,,
533.8333333333334,15,1P,S3_landing,0.8813300604288767,0,1,True,False,single_landing,,0,,,False,,,,,,
533.9333333333333,15,1P,S3_landing,0.8638847351876128,0,1,True,False,single_landing,,0,,,False,,,,,,
533.9666666666667,15,1P,S3_landing,0.8694879827975327,0,1,True,False,single_landing,,0,,,False,,,,,,
534.3333333333334,15,1P,S3_landing,0.8694879827975327,0,1,True,False,single_landing,,0,,,False,,,,,,
534.7333333333333,15,1P,S3_landing,0.8966591906372513,0,1,True,False,single_landing,,0,,,False,,,,,,
535.0,15,1P,S3_landing,0.8696609982971465,0,1,True,False,single_landing,,0,,,False,,,,,,
535.0666666666667,15,1P,S3_landing,0.8696609982971465,0,1,True,False,single_landing,,0,,,False,,,,,,
535.1,15,1P,S3_landing,0.8587378905375415,0,1,True,False,single_landing,,0,,,False,,,,,,
535.1333333333333,15,1P,S3_landing,0.9023251616295321,0,1,True,False,single_landing,,0,,,False,,,,,,
535.1666666666666,15,1P,S3_landing,0.9012747676812699,0,1,True,False,single_landing,,0,,,False,,,,,,
535.2,15,1P,S3_landing,0.8516927602757902,0,1,True,False,single_landing,,0,,,False,,,,,,
535.2333333333333,15,1P,S3_landing,0.8587378905375415,0,1,True,False,single_landing,,0,,,False,,,,,,
535.2666666666667,15,1P,S3_landing,0.8516927602757902,0,1,True,False,single_landing,,0,,,False,,,,,,
535.8,15,1P,S3_landing,0.8516927602757902,0,1,True,False,single_landing,,0,,,False,,,,,,
535.8333333333334,15,1P,S3_landing,0.8561650379456235,0,1,True,False,single_landing,,0,,,False,,,,,,
535.8666666666667,15,1P,S3_landing,0.8223618126654432,0,1,True,False,single_landing,,0,,,False,,,,,,
535.9,15,1P,S3_landing,0.7971300020573203,0,1,True,False,single_landing,,0,,,False,,,,,,
536.5666666666667,15,1P,S3_landing,0.8331805735775075,0,1,True,False,single_landing,,0,,,False,,,,,,
536.6666666666666,15,1P,S3_landing,0.8405826257108953,0,1,True,False,single_landing,,0,,,False,,,,,,
536.7,15,1P,S3_landing,0.8408299371228897,0,1,True,False,single_landing,,0,,,False,,,,,,
536.7333333333333,15,1P,S3_landing,0.8390508002127827,0,1,True,False,single_landing,,0,,,False,,,,,,
536.8666666666667,15,1P,S3_landing,0.8405826257108953,0,1,True,False,single_landing,,0,,,False,,,,,,
536.9,15,1P,S3_landing,0.8405826257108953,0,1,True,False,single_landing,,0,,,False,,,,,,
537.2,15,1P,S3_landing,0.8405826257108953,0,1,True,False,single_landing,,0,,,False,,,,,,
537.2333333333333,15,1P,S3_landing,0.8466193942534272,0,1,True,False,single_landing,,0,,,False,,,,,,
537.5666666666667,15,1P,S3_landing,0.8405826257108953,0,1,True,False,single_landing,,0,,,False,,,,,,
537.6,15,1P,S3_landing,0.8466193942534272,0,1,True,False,single_landing,,0,,,False,,,,,,
537.7333333333333,15,1P,S3_landing,0.8963482580298209,0,1,True,False,single_landing,,0,,,False,,,,,,
537.7666666666667,15,1P,S3_landing,0.8858128529522614,0,1,True,False,single_landing,,0,,,False,,,,,,
537.8,15,1P,S3_landing,0.8778248476135382,0,1,True,False,single_landing,,0,,,False,,,,,,
537.8333333333334,15,1P,S3_landing,0.8707293213751837,0,1,True,False,single_landing,,0,,,False,,,,,,
