t_sec,exchange_id,side,source,p1,incoming,hands,certain,proof_dead,reason,nodes,rounds,death_round,held_from_sec,declared_dead,round1_send_min,round1_send_max,round2_send_min,round2_send_max
825.0,38,2P,S3_landing,0.2750120895690563,0,1,False,False,single_landing,,0,,,False,,,,
825.1666666666666,38,2P,S3_landing,0.2750120895690563,0,1,False,False,single_landing,,0,,,False,,,,
825.3,38,2P,S3_landing,0.27819163147194337,0,1,False,False,single_landing,,0,,,False,,,,
825.3333333333334,38,2P,S3_landing,0.2762887776600544,0,1,False,False,single_landing,,0,,,False,,,,
825.3666666666667,38,2P,S3_landing,0.2203947936521262,0,1,False,False,single_landing,,0,,,False,,,,
825.4,38,2P,S3_landing,0.2755094481232984,0,1,False,False,single_landing,,0,,,False,,,,
825.5,38,2P,S3_landing,0.27819163147194337,0,1,False,False,single_landing,,0,,,False,,,,
825.5333333333333,38,2P,S3_landing,0.2763426183664926,0,1,False,False,single_landing,,0,,,False,,,,
825.6,38,2P,S3_landing,0.2755094481232984,0,1,False,False,single_landing,,0,,,False,,,,
825.9,38,2P,S3_landing,0.2755094481232984,0,2,False,False,single_landing,,0,,,False,,,,
826.2333333333333,38,2P,S3_landing,0.25115744700496884,0,2,False,False,single_landing,,0,,,False,,,,
826.2666666666667,38,2P,S3_landing,0.2589909883192322,0,2,False,False,single_landing,,0,,,False,,,,
826.3,38,2P,S3_landing,0.2649990538385565,0,2,False,False,single_landing,,0,,,False,,,,
826.3333333333334,38,2P,S3_landing,0.26201471507505225,0,2,False,False,single_landing,,0,,,False,,,,
826.6666666666666,38,2P,S3_landing,0.26201471507505225,0,3,True,False,single_landing,,0,,,False,,,,
826.7666666666667,38,2P,S3_landing,0.2875043174624702,0,3,True,False,single_landing,,0,,,False,,,,
827.0,38,2P,S3_landing,0.2921250802571843,0,3,True,False,single_landing,,0,,,False,,,,
827.0333333333333,38,2P,S3_landing,0.2874949239752094,0,3,True,False,single_landing,,0,,,False,,,,
827.0666666666667,38,2P,S3_landing,0.2914854193353699,0,3,True,False,single_landing,,0,,,False,,,,
827.1,38,2P,S3_landing,0.2869552135454527,0,2,True,False,single_landing,,0,,,False,,,,
827.3333333333334,38,2P,S3_landing,0.2869552135454527,0,4,True,False,single_landing,,0,,,False,,,,
827.5333333333333,38,2P,S3_landing,0.29224094727385197,0,4,True,False,single_landing,,0,,,False,,,,
827.6,38,2P,S3_landing,0.29224094727385197,0,3,True,False,single_landing,,0,,,False,,,,
827.7666666666667,38,2P,S3_landing,0.29757922924675617,0,3,True,False,single_landing,,0,,,False,,,,
827.8,38,2P,S3_landing,0.29203835426979585,0,3,True,False,single_landing,,0,,,False,,,,
827.8333333333334,38,2P,S3_landing,0.2906312210017078,0,3,True,False,single_landing,,0,,,False,,,,
827.8666666666667,38,2P,S3_landing,0.29235145235589216,0,3,True,False,single_landing,,0,,,False,,,,
828.3333333333334,38,2P,S3_landing,0.29235145235589216,0,2,True,False,single_landing,,0,,,False,,,,
828.4666666666667,38,2P,S3_landing,0.29757922924675617,0,2,True,False,single_landing,,0,,,False,,,,
828.5666666666667,38,2P,S3_landing,0.2948054289126342,0,2,True,False,single_landing,,0,,,False,,,,
828.7,38,2P,S3_landing,0.3912383533664027,0,4,True,False,single_landing,,0,,,False,,,,
828.8666666666667,38,2P,S3_landing,0.38506414561681823,0,4,True,False,single_landing,,0,,,False,,,,
829.0333333333333,38,2P,S3_landing,0.38506414561681823,0,3,True,False,single_landing,,0,,,False,,,,
829.1333333333333,38,2P,S3_landing,0.3894109102580389,0,3,True,False,single_landing,,0,,,False,,,,
829.1666666666666,38,2P,S3_landing,0.3828878435490493,0,3,True,False,single_landing,,0,,,False,,,,
829.2,38,2P,S3_landing,0.3860639001624589,0,3,True,False,single_landing,,0,,,False,,,,
829.2333333333333,38,2P,S3_landing,0.3804023463295834,0,3,True,False,single_landing,,0,,,False,,,,
829.5,38,2P,S3_landing,0.396110249016383,0,3,True,False,single_landing,,0,,,False,,,,
829.7333333333333,38,2P,S3_landing,0.4050011770374469,0,3,True,False,single_landing,,0,,,False,,,,
829.7666666666667,38,2P,S3_landing,0.40194457760575203,0,2,True,False,single_landing,,0,,,False,,,,
829.8,38,2P,S3_landing,0.3961166713595804,0,2,True,False,single_landing,,0,,,False,,,,
829.8333333333334,38,2P,S3_landing,0.3984785585286287,0,2,True,False,single_landing,,0,,,False,,,,
830.0666666666667,38,2P,S3_landing,0.6156354794707276,9,4,True,False,single_landing,,0,,,False,,,,
830.3333333333334,38,2P,S3_landing,0.6194309589115893,9,4,True,False,single_landing,,0,,,False,,,,
830.3666666666667,38,2P,S3_landing,0.6153792265815354,9,4,True,False,single_landing,,0,,,False,,,,
830.4,38,2P,S3_landing,0.6337396938049761,9,3,True,False,single_landing,,0,,,False,,,,
830.4333333333333,38,2P,S3_landing,0.6446698051687682,9,3,True,False,single_landing,,0,,,False,,,,
830.6666666666666,38,2P,S3_landing,0.6600423035009603,9,3,True,False,single_landing,,0,,,False,,,,
830.9,38,2P,S3_landing,0.6355396096783904,9,3,True,False,single_landing,,0,,,False,,,,
830.9333333333333,38,2P,S3_landing,0.6354974085663232,9,3,True,False,single_landing,,0,,,False,,,,
831.0666666666667,38,2P,S3_landing,0.6633449673913973,9,3,True,False,single_landing,,0,,,False,,,,
831.1333333333333,38,2P,S3_landing,0.649173696930615,9,2,True,False,single_landing,,0,,,False,,,,
831.1666666666666,38,2P,S3_landing,0.6633449673913973,9,2,True,False,single_landing,,0,,,False,,,,
831.3333333333334,38,2P,S3_landing,0.6387787415742283,9,2,True,False,single_landing,,0,,,False,,,,
831.3666666666667,38,2P,S3_landing,0.633857846573811,9,2,True,False,single_landing,,0,,,False,,,,
831.4,38,2P,S3_landing,0.8298354324330441,66,4,True,False,node_limit,20001,0,,,False,,,,
831.7,38,2P,S3_landing,0.8288363186168894,66,4,True,False,node_limit,20001,0,,,False,,,,
831.8333333333334,38,2P,S3_landing,0.8333336495248428,66,3,True,False,node_limit,20001,0,,,False,,,,
832.0333333333333,38,2P,S3_landing,0.8266903470248235,66,3,True,False,optimistic_cancel,0,0,,,False,,,,
832.0666666666667,38,2P,S3_landing,0.8331939927643318,66,3,True,False,node_limit,20001,0,,,False,,,,
832.1,38,2P,S3_landing,0.8337275895746938,66,3,True,False,node_limit,20001,0,,,False,,,,
832.1333333333333,38,2P,S3_landing,0.8280846628606686,66,3,True,False,node_limit,20001,0,,,False,,,,
832.1666666666666,38,2P,S3_landing,0.8207469074438427,66,3,True,False,node_limit,20001,0,,,False,,,,
832.2,38,2P,S3_landing,0.8251881139784853,66,3,True,False,node_limit,20001,0,,,False,,,,
832.5666666666667,38,2P,S3_landing,0.8251881139784853,66,2,True,False,surviving_response,4547,2,,,False,9,9,0.0,6
832.6,38,2P,S3_landing,0.8536424051117947,66,2,True,False,surviving_response,7041,2,,,False,18.0,18.0,0.0,2
832.7,38,2P,S3_landing,0.8661093399795281,66,2,True,False,node_limit,20001,0,,,False,,,,
832.7333333333333,38,2P,unavoidable_death,0.98,66,2,True,True,all_responses_dead,5376,2,2,832.7333333333333,True,2,2,0.0,8
832.7666666666667,38,2P,S3_landing,0.8547526166371849,66,2,True,False,surviving_response,1925,2,,,False,19,19,0.0,2
832.8,38,2P,S3_landing,0.852012083947198,151,4,True,False,node_limit,20001,0,,,False,,,,
833.1333333333333,38,2P,S3_landing,0.8591601525126871,151,4,True,False,node_limit,20001,0,,,False,,,,
833.2333333333333,38,2P,S3_landing,0.8591601525126871,151,3,True,False,node_limit,20001,0,,,False,,,,
833.2666666666667,38,2P,S3_landing,0.7786515954194491,151,3,True,False,optimistic_cancel,0,0,,,False,,,,
833.3,38,2P,S3_landing,0.8540789857830364,151,3,True,False,node_limit,20001,0,,,False,,,,
833.3333333333334,38,2P,S3_landing,0.8482404722579484,151,3,True,False,optimistic_cancel,0,0,,,False,,,,
833.3666666666667,38,2P,S3_landing,0.8620850128541859,151,3,True,False,optimistic_cancel,0,0,,,False,,,,
833.4666666666667,38,2P,S3_landing,0.7786515954194491,151,3,True,False,optimistic_cancel,0,0,,,False,,,,
833.5,38,2P,S3_landing,0.8604995528730005,151,3,True,False,optimistic_cancel,0,0,,,False,,,,
833.9,38,2P,S3_landing,0.7774034359770545,151,3,True,False,optimistic_cancel,0,0,,,False,,,,
833.9333333333333,38,2P,S3_landing,0.7556011776648109,151,3,True,False,optimistic_cancel,0,0,,,False,,,,
833.9666666666667,38,2P,S3_landing,0.7812826173979485,151,2,True,False,optimistic_cancel,0,0,,,False,,,,
834.0,38,2P,S3_landing,0.7792205994499073,151,2,True,False,optimistic_cancel,0,0,,,False,,,,
834.2,38,2P,S3_landing,0.7837464393356303,244,4,True,False,optimistic_cancel,0,0,,,False,,,,
834.4333333333333,38,2P,S3_landing,0.7627298604964768,244,3,True,False,optimistic_cancel,0,0,,,False,,,,
834.4666666666667,38,2P,S3_landing,0.7657919300386666,244,3,True,False,optimistic_cancel,0,0,,,False,,,,
834.5,38,2P,S3_landing,0.8327761127494733,244,3,True,False,optimistic_cancel,0,0,,,False,,,,
834.5333333333333,38,2P,S3_landing,0.7462422982459129,244,3,True,False,optimistic_cancel,0,0,,,False,,,,
834.5666666666667,38,2P,S3_landing,0.7533035017534468,244,3,True,False,optimistic_cancel,0,0,,,False,,,,
834.6333333333333,38,2P,S3_landing,0.7392765370250414,244,3,True,False,optimistic_cancel,0,0,,,False,,,,
834.7,38,2P,S3_landing,0.755327635808476,244,3,True,False,optimistic_cancel,0,0,,,False,,,,
834.7333333333333,38,2P,S3_landing,0.7587099504058699,244,3,True,False,optimistic_cancel,0,0,,,False,,,,
834.8666666666667,38,2P,S3_landing,0.7611770686819699,244,3,True,False,optimistic_cancel,0,0,,,False,,,,
834.9,38,2P,S3_landing,0.7612821267620453,244,3,True,False,optimistic_cancel,0,0,,,False,,,,
835.0,38,2P,S3_landing,0.7587099504058699,244,3,True,False,optimistic_cancel,0,0,,,False,,,,
835.1666666666666,38,2P,S3_landing,0.7587099504058699,244,2,True,False,optimistic_cancel,0,0,,,False,,,,
835.5333333333333,38,2P,S3_landing,0.7587099504058699,243,1,False,False,uncertain_completion,,0,,,False,,,,
835.9333333333333,38,2P,S3_landing,0.827246837982872,243,1,False,False,uncertain_completion,,0,,,False,,,,
835.9666666666667,38,2P,S3_landing,0.827246837982872,243,1,False,False,uncertain_completion,,0,,,False,,,,
836.0,38,2P,S3_landing,0.827246837982872,243,1,False,False,uncertain_completion,,0,,,False,,,,
836.0333333333333,38,2P,S3_landing,0.827246837982872,243,1,False,False,uncertain_completion,,0,,,False,,,,
836.2,38,2P,S3_landing,0.8321527694142158,243,1,False,False,uncertain_completion,,0,,,False,,,,
836.3,38,2P,S3_landing,0.8431383144836997,243,1,False,False,uncertain_completion,,0,,,False,,,,
836.4666666666667,38,2P,S3_landing,0.8196773105931627,243,1,False,False,uncertain_completion,,0,,,False,,,,
836.5,38,2P,S3_landing,0.8296271892083545,243,1,False,False,uncertain_completion,,0,,,False,,,,
836.5333333333333,38,2P,S3_landing,0.8370370354885418,243,1,False,False,uncertain_completion,,0,,,False,,,,
836.5666666666667,38,2P,S3_landing,0.8329343943487348,243,1,False,False,uncertain_completion,,0,,,False,,,,
836.7333333333333,38,2P,S3_landing,0.8329343943487348,243,1,False,False,uncertain_completion,,0,,,False,,,,
836.9333333333333,38,2P,S3_landing,0.8329343943487348,239,1,False,False,uncertain_completion,,0,,,False,,,,
837.0333333333333,38,2P,S3_landing,0.8279455553086421,239,1,False,False,uncertain_completion,,0,,,False,,,,
837.2333333333333,38,2P,S3_landing,0.8279455553086421,239,1,False,False,uncertain_completion,,0,,,False,,,,
837.3333333333334,38,2P,S3_landing,0.8114346178790435,239,1,False,False,uncertain_completion,,0,,,False,,,,
837.3666666666667,38,2P,S3_landing,0.8207135019980597,239,1,False,False,uncertain_completion,,0,,,False,,,,
837.4,38,2P,S3_landing,0.8114346178790435,239,1,False,False,uncertain_completion,,0,,,False,,,,
837.4333333333333,38,2P,S3_landing,0.8262231329714922,239,1,False,False,uncertain_completion,,0,,,False,,,,
837.9666666666667,38,2P,S3_landing,0.829299591604975,239,1,False,False,uncertain_completion,,0,,,False,,,,
838.1666666666666,38,2P,S3_landing,0.8203999897204693,239,1,False,False,uncertain_completion,,0,,,False,,,,
838.2,38,2P,S3_landing,0.8176761613266254,239,1,False,False,uncertain_completion,,0,,,False,,,,
838.2333333333333,38,2P,S3_landing,0.8217662535541583,239,1,False,False,uncertain_completion,,0,,,False,,,,
838.2666666666667,38,2P,S3_landing,0.8187194114035777,239,1,False,False,uncertain_completion,,0,,,False,,,,
838.3333333333334,38,2P,S3_landing,0.8187194114035777,229,1,False,False,uncertain_completion,,0,,,False,,,,
838.6666666666666,38,2P,S3_landing,0.8033764514655436,229,1,False,False,uncertain_completion,,0,,,False,,,,
838.9333333333333,38,2P,S3_landing,0.8061664366047757,229,1,False,False,uncertain_completion,,0,,,False,,,,
838.9666666666667,38,2P,S3_landing,0.7895789160041663,229,1,False,False,uncertain_completion,,0,,,False,,,,
839.0,38,2P,S3_landing,0.7946394652218846,229,1,False,False,uncertain_completion,,0,,,False,,,,
839.0333333333333,38,2P,S3_landing,0.8052143825938968,229,1,False,False,uncertain_completion,,0,,,False,,,,
839.4,38,2P,S3_landing,0.7864321394836075,229,1,False,False,uncertain_completion,,0,,,False,,,,
839.6666666666666,38,2P,S3_landing,0.7647425310725902,229,1,False,False,uncertain_completion,,0,,,False,,,,
839.7,38,2P,S3_landing,0.7709733273132142,205,1,False,False,uncertain_completion,,0,,,False,,,,
839.7333333333333,38,2P,S3_landing,0.7731875553151609,205,1,False,False,uncertain_completion,,0,,,False,,,,
839.7666666666667,38,2P,S3_landing,0.7708801522219154,205,1,False,False,uncertain_completion,,0,,,False,,,,
840.0333333333333,38,2P,S3_landing,0.7708801522219154,205,1,False,False,uncertain_completion,,0,,,False,,,,
840.1666666666666,38,2P,S3_landing,0.7840983786478343,205,1,False,False,uncertain_completion,,0,,,False,,,,
840.4333333333333,38,2P,S3_landing,0.7796114449242435,205,1,False,False,uncertain_completion,,0,,,False,,,,
840.4666666666667,38,2P,S3_landing,0.7847734398335217,205,1,False,False,uncertain_completion,,0,,,False,,,,
840.5,38,2P,S3_landing,0.7814739232927355,205,1,False,False,uncertain_completion,,0,,,False,,,,
840.5333333333333,38,2P,S3_landing,0.7650630771318374,205,1,False,False,uncertain_completion,,0,,,False,,,,
840.7666666666667,38,2P,S3_landing,0.7599828400919524,205,1,False,False,uncertain_completion,,0,,,False,,,,
841.0666666666667,38,2P,S3_landing,0.7745131698278491,169,1,False,False,uncertain_completion,,0,,,False,,,,
841.1,38,2P,S3_landing,0.7782431704291993,169,1,False,False,uncertain_completion,,0,,,False,,,,
841.1333333333333,38,2P,S3_landing,0.7775636149904084,169,1,False,False,uncertain_completion,,0,,,False,,,,
841.1666666666666,38,2P,S3_landing,0.7681994942463634,169,1,False,False,uncertain_completion,,0,,,False,,,,
841.4666666666667,38,2P,S3_landing,0.7681994942463634,169,1,False,False,uncertain_completion,,0,,,False,,,,
841.5333333333333,38,2P,S3_landing,0.6736786097612486,169,1,False,False,uncertain_completion,,0,,,False,,,,
841.8,38,2P,S3_landing,0.683831247657009,169,1,False,False,uncertain_completion,,0,,,False,,,,
841.8333333333334,38,2P,S3_landing,0.6842697542710096,169,1,False,False,uncertain_completion,,0,,,False,,,,
841.8666666666667,38,2P,S3_landing,0.6720396877591165,169,1,False,False,uncertain_completion,,0,,,False,,,,
841.9,38,2P,S3_landing,0.669098205594568,169,1,False,False,uncertain_completion,,0,,,False,,,,
842.2,38,2P,S3_landing,0.669098205594568,169,1,False,False,uncertain_completion,,0,,,False,,,,
842.3,38,2P,S3_landing,0.6817736688555718,169,1,False,False,uncertain_completion,,0,,,False,,,,
842.4333333333333,38,2P,S3_landing,0.6873392532605863,84,1,False,False,uncertain_completion,,0,,,False,,,,
842.6,38,2P,S3_landing,0.689284487719079,84,1,False,False,uncertain_completion,,0,,,False,,,,
842.6333333333333,38,2P,S3_landing,0.6582977905813542,84,1,False,False,uncertain_completion,,0,,,False,,,,
842.6666666666666,38,2P,S3_landing,0.6925149000354544,84,1,False,False,uncertain_completion,,0,,,False,,,,
842.7,38,2P,S3_landing,0.6973039292616912,84,1,False,False,uncertain_completion,,0,,,False,,,,
842.8666666666667,38,2P,S3_landing,0.6973039292616912,84,1,False,False,uncertain_completion,,0,,,False,,,,
843.0333333333333,38,2P,S3_landing,0.6928794263860631,84,1,False,False,uncertain_completion,,0,,,False,,,,
843.6,38,2P,S3_landing,0.689773595843994,84,1,False,False,uncertain_completion,,0,,,False,,,,
843.7666666666667,38,2P,S3_landing,0.11845762746739319,0,1,False,False,single_landing,,0,,,False,,,,
843.8,38,2P,S3_landing,0.12056395785144437,0,1,False,False,single_landing,,0,,,False,,,,
843.8333333333334,38,2P,S3_landing,0.1186515670280607,0,1,False,False,single_landing,,0,,,False,,,,
843.8666666666667,38,2P,S3_landing,0.08857774314573741,0,1,False,False,single_landing,,0,,,False,,,,
843.9,38,2P,S3_landing,0.10540554529362738,0,1,False,False,single_landing,,0,,,False,,,,
844.0666666666667,38,2P,S3_landing,0.10540554529362738,0,1,False,False,single_landing,,0,,,False,,,,
844.1333333333333,38,2P,S3_landing,0.11670592728488842,0,1,False,False,single_landing,,0,,,False,,,,
844.4333333333333,38,2P,S3_landing,0.13106249802458317,0,1,False,False,single_landing,,0,,,False,,,,
844.4666666666667,38,2P,S3_landing,0.10458262194377953,0,1,False,False,single_landing,,0,,,False,,,,
844.5,38,2P,S3_landing,0.09763566194472903,0,1,False,False,single_landing,,0,,,False,,,,
844.5333333333333,38,2P,S3_landing,0.10338228893609071,0,1,False,False,single_landing,,0,,,False,,,,
844.8,38,2P,S3_landing,0.10338228893609071,0,1,False,False,single_landing,,0,,,False,,,,
844.8666666666667,38,2P,S3_landing,0.13106249802458317,0,1,False,False,single_landing,,0,,,False,,,,
844.9,38,2P,S3_landing,0.10338228893609071,0,1,False,False,single_landing,,0,,,False,,,,
845.0,38,2P,S3_landing,0.11659162390361787,0,1,False,False,single_landing,,0,,,False,,,,
845.2333333333333,38,2P,S3_landing,0.11659162390361787,0,1,False,False,single_landing,,0,,,False,,,,
845.3,38,2P,S3_landing,0.11385456971008333,0,1,False,False,single_landing,,0,,,False,,,,
845.3333333333334,38,2P,S3_landing,0.1156411891031597,0,1,False,False,single_landing,,0,,,False,,,,
845.3666666666667,38,2P,S3_landing,0.08278322662539997,0,1,False,False,single_landing,,0,,,False,,,,
845.4,38,2P,S3_landing,0.11636993987332425,0,1,False,False,single_landing,,0,,,False,,,,
845.9,38,2P,S3_landing,0.11385456971008333,0,1,False,False,single_landing,,0,,,False,,,,
845.9333333333333,38,2P,S3_landing,0.11425957050467754,0,1,False,False,single_landing,,0,,,False,,,,
845.9666666666667,38,2P,S3_landing,0.11636993987332425,0,1,False,False,single_landing,,0,,,False,,,,
846.0666666666667,38,2P,S3_landing,0.11636993987332425,0,1,False,False,single_landing,,0,,,False,,,,
846.3,38,2P,S3_landing,0.11385456971008333,0,1,False,False,single_landing,,0,,,False,,,,
846.4333333333333,38,2P,S3_landing,0.10578337334178742,0,1,False,False,single_landing,,0,,,False,,,,
846.6,38,2P,S3_landing,0.10578337334178742,0,1,False,False,single_landing,,0,,,False,,,,
846.7333333333333,38,2P,S3_landing,0.09777203853948822,0,1,False,False,single_landing,,0,,,False,,,,
846.8666666666667,38,2P,S3_landing,0.08682696727967529,0,1,False,False,single_landing,,0,,,False,,,,
846.9,38,2P,S3_landing,0.08682696727967529,0,1,False,False,single_landing,,0,,,False,,,,
847.0,38,2P,S3_landing,0.09395195931911965,0,1,False,False,single_landing,,0,,,False,,,,
847.0333333333333,38,2P,S3_landing,0.1001444769812466,0,1,False,False,single_landing,,0,,,False,,,,
847.0666666666667,38,2P,S3_landing,0.09395195931911965,0,1,False,False,single_landing,,0,,,False,,,,
847.1,38,2P,S3_landing,0.09037187688955005,0,1,False,False,single_landing,,0,,,False,,,,
847.3666666666667,38,2P,S3_landing,0.09387756569223979,0,1,False,False,single_landing,,0,,,False,,,,
847.6333333333333,38,2P,S3_landing,0.09387756569223979,0,1,False,False,single_landing,,0,,,False,,,,
847.9333333333333,38,2P,S3_landing,0.11167215532328777,0,1,False,False,single_landing,,0,,,False,,,,
848.0333333333333,38,2P,S3_landing,0.0681890668319751,0,1,False,False,single_landing,,0,,,False,,,,
848.0666666666667,38,2P,S3_landing,0.07036503152966206,0,1,False,False,single_landing,,0,,,False,,,,
848.1,38,2P,S3_landing,0.06482692034759722,0,1,False,False,single_landing,,0,,,False,,,,
848.3666666666667,38,2P,unavoidable_death,0.02,0,1,False,False,single_landing,,0,,848.3666666666667,False,,,,
848.4333333333333,38,2P,unavoidable_death,0.02,0,1,True,False,single_landing,,0,,848.3666666666667,False,,,,
848.6666666666666,38,2P,unavoidable_death,0.02,0,1,True,False,single_landing,,0,,848.3666666666667,False,,,,
848.9,38,2P,unavoidable_death,0.02,0,1,True,False,single_landing,,0,,848.3666666666667,False,,,,
848.9333333333333,38,2P,unavoidable_death,0.02,0,1,True,False,single_landing,,0,,848.3666666666667,False,,,,
848.9666666666667,38,2P,unavoidable_death,0.02,0,1,True,False,single_landing,,0,,848.3666666666667,False,,,,
849.0,38,2P,unavoidable_death,0.02,0,1,True,False,single_landing,,0,,848.3666666666667,False,,,,
849.2666666666667,38,2P,unavoidable_death,0.02,0,1,True,False,single_landing,,0,,848.3666666666667,False,,,,
