t_sec,round,branch,incoming,optimistic_send,maximum_send,cancelled,dropped,remaining,responses
832.5666666666667,1,0,66,7.0,9,9,30,27,277
832.5666666666667,2,0,27,0.0,0.0,0,27,0,50
832.5666666666667,2,1,27,0.0,0.0,0,27,0,25
832.5666666666667,2,2,27,0.0,0.0,0,27,0,50
832.5666666666667,2,3,27,5.0,6,6,21,0,55
832.6,1,0,66,18.0,18.0,18,30,18,262
832.6,2,0,18,0.0,0.0,0,18,0,25
832.6,2,1,18,0.0,0.0,0,18,0,25
832.6,2,2,18,0.0,0.0,0,18,0,25
832.6,2,3,18,0.0,0.0,0,18,0,0
832.6,2,4,18,0.0,0.0,0,18,0,25
832.6,2,5,18,0.0,0.0,0,18,0,25
832.6,2,6,18,0.0,0.0,0,18,0,0
832.6,2,7,18,0.0,0.0,0,18,0,25
832.6,2,8,18,0.0,0.0,0,18,0,0
832.6,2,9,18,0.0,0.0,0,18,0,25
832.6,2,10,18,0.0,0.0,0,18,0,0
832.6,2,11,18,0.0,0.0,0,18,0,25
832.6,2,12,18,0.0,0.0,0,18,0,25
832.6,2,13,18,0.0,0.0,0,18,0,0
832.6,2,14,18,0.0,0.0,0,18,0,25
832.6,2,15,18,0.0,0.0,0,18,0,25
832.6,2,16,18,0.0,0.0,0,18,0,0
832.6,2,17,18,0.0,0.0,0,18,0,25
832.6,2,18,18,0.0,0.0,0,18,0,25
832.6,2,19,18,0.0,0.0,0,18,0,0
832.6,2,20,18,0.0,1,1,17,0,26
832.6,2,21,18,0.0,0.0,0,18,0,25
832.6,2,22,18,0.0,0.0,0,18,0,0
832.6,2,23,18,0.0,0.0,0,18,0,25
832.6,2,24,18,0.0,0.0,0,18,0,25
832.6,2,25,18,0.0,0.0,0,18,0,0
832.6,2,26,18,0.0,0.0,0,18,0,25
832.6,2,27,18,0.0,0.0,0,18,0,25
832.6,2,28,18,0.0,0.0,0,18,0,0
832.6,2,29,18,0.0,0.0,0,18,0,25
832.6,2,30,18,0.0,0.0,0,18,0,25
832.6,2,31,18,0.0,0.0,0,18,0,0
832.6,2,32,18,0.0,1,1,17,0,26
832.6,2,33,18,0.0,0.0,0,18,0,25
832.6,2,34,18,0.0,0.0,0,18,0,0
832.6,2,35,18,0.0,0.0,0,18,0,0
832.6,2,36,18,0.0,0.0,0,18,0,25
832.6,2,37,18,0.0,0.0,0,18,0,0
832.6,2,38,18,0.0,0.0,0,18,0,25
832.6,2,39,18,0.0,0.0,0,18,0,0
832.6,2,40,18,0.0,1,1,17,0,26
832.6,2,41,18,0.0,0.0,0,18,0,0
832.6,2,42,18,0.0,0.0,0,18,0,0
832.6,2,43,18,0.0,0.0,0,18,0,0
832.6,2,44,18,0.0,0.0,0,18,0,0
832.6,2,45,18,0.0,0.0,0,18,0,0
832.6,2,46,18,0.0,0.0,0,18,0,0
832.6,2,47,18,0.0,0.0,0,18,0,0
832.6,2,48,18,0.0,0.0,0,18,0,0
832.6,2,49,18,0.0,0.0,0,18,0,0
832.6,2,50,18,0.0,0.0,0,18,0,0
832.6,2,51,18,0.0,0.0,0,18,0,0
832.6,2,52,18,0.0,0.0,0,18,0,0
832.6,2,53,18,0.0,0.0,0,18,0,25
832.6,2,54,18,0.0,0.0,0,18,0,25
832.6,2,55,18,0.0,0.0,0,18,0,25
832.6,2,56,18,0.0,0.0,0,18,0,0
832.6,2,57,18,0.0,0.0,0,18,0,25
832.6,2,58,18,0.0,0.0,0,18,0,0
832.6,2,59,18,0.0,0.0,0,18,0,25
832.6,2,60,18,0.0,0.0,0,18,0,0
832.6,2,61,18,0.0,0.0,0,18,0,0
832.6,2,62,18,0.0,0.0,0,18,0,25
832.6,2,63,18,0.0,0.0,0,18,0,25
832.6,2,64,18,0.0,0.0,0,18,0,0
832.6,2,65,18,0.0,0.0,0,18,0,25
832.6,2,66,18,0.0,0.0,0,18,0,0
832.6,2,67,18,0.0,0.0,0,18,0,0
832.6,2,68,18,0.0,1,1,17,0,26
832.6,2,69,18,0.0,0.0,0,18,0,0
832.6,2,70,18,0.0,2,2,16,0,30
832.7333333333333,1,0,66,1.0,2,2,30,34,143
832.7333333333333,2,0,34,0.0,0.0,0,30,4,25
832.7333333333333,2,1,34,0.0,0.0,0,30,4,25
832.7333333333333,2,2,34,0.0,0.0,0,30,4,25
832.7333333333333,2,3,34,0.0,0.0,0,30,4,0
832.7333333333333,2,4,34,0.0,1,1,30,3,26
832.7333333333333,2,5,34,0.0,0.0,0,30,4,0
832.7333333333333,2,6,34,0.0,0.0,0,30,4,25
832.7333333333333,2,7,34,0.0,0.0,0,30,4,0
832.7333333333333,2,8,34,0.0,0.0,0,30,4,25
832.7333333333333,2,9,34,0.0,0.0,0,30,4,25
832.7333333333333,2,10,34,0.0,0.0,0,30,4,0
832.7333333333333,2,11,34,0.0,0.0,0,30,4,50
832.7333333333333,2,12,34,0.0,0.0,0,30,4,25
832.7333333333333,2,13,34,0.0,0.0,0,30,4,0
832.7333333333333,2,14,34,1.0,2,2,30,2,26
832.7333333333333,2,15,34,0.0,0.0,0,30,4,25
832.7333333333333,2,16,34,0.0,0.0,0,30,4,0
832.7333333333333,2,17,34,0.0,0.0,0,30,4,0
832.7333333333333,2,18,34,1.0,2,2,30,2,26
832.7333333333333,2,19,34,0.0,0.0,0,30,4,0
832.7333333333333,2,20,34,0.0,0.0,0,30,4,25
832.7333333333333,2,21,34,0.0,0.0,0,30,4,25
832.7333333333333,2,22,34,0.0,0.0,0,30,4,0
832.7333333333333,2,23,34,1.0,2,2,30,2,26
832.7333333333333,2,24,34,0.0,0.0,0,30,4,25
832.7333333333333,2,25,34,0.0,0.0,0,30,4,0
832.7333333333333,2,26,34,0.0,0.0,0,30,4,0
832.7333333333333,2,27,34,0.0,0.0,0,30,4,0
832.7333333333333,2,28,34,0.0,0.0,0,30,4,0
832.7333333333333,2,29,34,0.0,0.0,0,30,4,0
832.7333333333333,2,30,34,0.0,0.0,0,30,4,0
832.7333333333333,2,31,34,0.0,0.0,0,30,4,0
832.7333333333333,2,32,34,0.0,1,1,30,3,26
832.7333333333333,2,33,34,1.0,2,2,30,2,26
832.7333333333333,2,34,34,0.0,0.0,0,30,4,0
832.7333333333333,2,35,34,1.0,2,2,30,2,26
832.7333333333333,2,36,34,0.0,0.0,0,30,4,0
832.7333333333333,2,37,34,0.0,0.0,0,30,4,0
832.7333333333333,2,38,34,0.0,0.0,0,30,4,0
832.7333333333333,2,39,34,0.0,0.0,0,30,4,0
832.7333333333333,2,40,34,0.0,0.0,0,30,4,0
832.7333333333333,2,41,34,0.0,0.0,0,30,4,25
832.7333333333333,2,42,34,0.0,0.0,0,30,4,0
832.7333333333333,2,43,34,1.0,8,8,26,0,26
832.7333333333333,2,44,34,0.0,0.0,0,30,4,0
832.7333333333333,2,45,34,0.0,0.0,0,30,4,0
832.7333333333333,2,46,34,0.0,0.0,0,30,4,0
832.7333333333333,2,47,34,0.0,0.0,0,30,4,0
832.7333333333333,2,48,34,0.0,0.0,0,30,4,0
832.7333333333333,2,49,34,0.0,0.0,0,30,4,0
832.7333333333333,2,50,34,0.0,0.0,0,30,4,0
832.7333333333333,2,51,34,0.0,0.0,0,30,4,25
832.7333333333333,2,52,34,0.0,0.0,0,30,4,25
832.7333333333333,2,53,34,0.0,0.0,0,30,4,0
832.7333333333333,2,54,34,0.0,0.0,0,30,4,25
832.7333333333333,2,55,34,0.0,0.0,0,30,4,0
832.7333333333333,2,56,34,0.0,0.0,0,30,4,0
832.7333333333333,2,57,34,1.0,3,3,30,1,26
832.7333333333333,2,58,34,0.0,0.0,0,30,4,0
832.7333333333333,2,59,34,0.0,0.0,0,30,4,0
832.7333333333333,2,60,34,0.0,0.0,0,30,4,0
832.7333333333333,2,61,34,0.0,0.0,0,30,4,0
832.7333333333333,2,62,34,0.0,0.0,0,30,4,0
832.7666666666667,1,0,66,18.0,19,19,30,17,113
832.7666666666667,2,0,17,0.0,0.0,0,17,0,25
832.7666666666667,2,1,17,0.0,0.0,0,17,0,25
832.7666666666667,2,2,17,1.0,2,2,15,0,55
