t_sec,game,net_balance_capped,forecast_p1,total_dropped_to_p1,total_dropped_to_p2,finalized_count_p1,finalized_count_p2,chain_total_score_p1,chain_total_score_p2,1P_state,1P_score,1P_next_slide_motion,1P_displayed,1P_formula,1P_visible,1P_trigger,1P_count,1P_mechanism,2P_state,2P_score,2P_next_slide_motion,2P_displayed,2P_formula,2P_visible,2P_trigger,2P_count,2P_mechanism
2755.016666666667,3,-5,5,12,14,2,3,45,365,CHAIN,29565,False,,35920,True,2751.2833333333333,9,formula_read,CHAIN,2828,False,2828,1320,False,2754.116666666667,3,formula_read
2755.05,3,-5,5,12,14,2,3,45,365,CHAIN,29565,False,,35920,True,2751.2833333333333,9,formula_read,CHAIN,2828,False,2828,1320,False,2754.116666666667,3,formula_read
2755.0833333333335,3,-5,5,12,14,2,3,45,365,CHAIN,29565,False,,35920,True,2751.2833333333333,9,formula_read,CHAIN,2828,False,2828,1320,False,2754.116666666667,3,formula_read
2755.116666666667,3,-5,5,12,14,2,3,45,365,CHAIN,29565,False,,35920,True,2751.2833333333333,9,formula_read,CHAIN,2828,False,2828,1320,False,2754.116666666667,3,formula_read
2755.15,3,-5,5,12,14,2,3,45,365,CHAIN,29565,False,,35920,True,2751.2833333333333,9,formula_read,CHAIN,2828,False,2828,1320,False,2754.116666666667,3,formula_read
2755.1833333333334,3,-5,5,12,14,2,3,45,365,CHAIN,29565,False,,35920,True,2751.2833333333333,9,formula_read,CHAIN,2828,False,2828,1320,False,2754.116666666667,3,formula_read
2755.2166666666667,3,-5,5,12,14,2,3,45,365,CHAIN,29565,False,,35920,True,2751.2833333333333,9,formula_read,CHAIN,2828,False,2828,1320,False,2754.116666666667,3,formula_read
2755.25,3,-5,5,12,14,2,3,45,365,CHAIN,29565,False,,35920,True,2751.2833333333333,9,formula_read,CHAIN,2828,False,2828,1320,False,2754.116666666667,3,formula_read
2755.2833333333333,3,-5,5,12,14,2,3,45,365,CHAIN,29565,False,,35920,True,2751.2833333333333,9,formula_read,CHAIN,2828,False,2828,1320,False,2754.116666666667,3,formula_read
2755.3166666666666,3,-5,5,12,14,2,3,45,365,CHAIN,29565,False,,35920,True,2751.2833333333333,9,formula_read,CHAIN,2828,False,2828,1320,False,2754.116666666667,3,formula_read
2755.35,3,-5,5,12,14,2,3,45,365,CHAIN,29565,False,,35920,True,2751.2833333333333,9,formula_read,CHAIN,2828,False,2828,1320,False,2754.116666666667,3,formula_read
2755.383333333333,3,-5,5,12,14,2,3,45,365,CHAIN,29565,False,,35920,True,2751.2833333333333,9,formula_read,CHAIN,2828,False,,1320,True,2754.116666666667,3,formula_read
2755.4166666666665,3,-5,5,12,14,2,3,45,365,CHAIN,29565,False,,35920,True,2751.2833333333333,9,formula_read,GRAVITY_SETTLE,2828,True,,2600,True,,,
2755.45,3,-5,5,12,14,2,3,45,365,CHAIN,29565,False,,35920,True,2751.2833333333333,9,formula_read,CHAIN,2828,False,,2600,True,2755.45,4,formula_read
2755.483333333333,3,-5,5,12,14,2,3,45,365,CHAIN,29565,False,,35920,True,2751.2833333333333,9,formula_read,CHAIN,2828,False,,2600,True,2755.45,4,formula_read
2755.516666666667,3,-5,5,12,14,2,3,45,365,CHAIN,29565,False,,35920,True,2751.2833333333333,9,formula_read,CHAIN,2828,False,,2600,True,2755.45,4,formula_read
2755.55,3,-5,5,12,14,2,3,45,365,CHAIN,29565,False,,35920,True,2751.2833333333333,9,formula_read,CHAIN,2828,False,,2600,True,2755.45,4,formula_read
2755.5833333333335,3,-5,5,12,14,2,3,45,365,CHAIN,29565,False,,35920,True,2751.2833333333333,9,formula_read,CHAIN,2828,False,,2600,True,2755.45,4,formula_read
2755.616666666667,3,-5,5,12,14,2,3,45,365,CHAIN,37245,False,37245,35920,False,2751.2833333333333,9,formula_read,CHAIN,2828,False,,2600,True,2755.45,4,formula_read
2755.65,3,-5,5,12,14,2,3,45,365,CHAIN,37245,False,37245,35920,False,2751.2833333333333,9,formula_read,CHAIN,2828,False,,2600,True,2755.45,4,formula_read
2755.6833333333334,3,-5,5,12,14,2,3,45,365,CHAIN,37245,False,37245,35920,False,2751.2833333333333,9,formula_read,CHAIN,2828,False,,2600,True,2755.45,4,formula_read
2755.7166666666667,3,-5,5,12,14,2,3,45,365,CHAIN,37245,False,37245,35920,False,2751.2833333333333,9,formula_read,CHAIN,2828,False,,2600,True,2755.45,4,formula_read
2755.75,3,-5,5,12,14,2,3,45,365,CHAIN,37245,False,37245,35920,False,2751.2833333333333,9,formula_read,CHAIN,2828,False,,2600,True,2755.45,4,formula_read
2755.7833333333333,3,-5,5,12,14,2,3,45,365,CHAIN,37245,False,37245,35920,False,2751.2833333333333,9,formula_read,CHAIN,2828,False,,2600,True,2755.45,4,formula_read
2755.8166666666666,3,-5,5,12,14,2,3,45,365,CHAIN,37245,False,37245,35920,False,2751.2833333333333,9,formula_read,CHAIN,2828,False,,2600,True,2755.45,4,formula_read
2755.85,3,-5,5,12,14,2,3,45,365,CHAIN,37245,False,37245,35920,False,2751.2833333333333,9,formula_read,CHAIN,2828,False,,2600,True,2755.45,4,formula_read
2755.883333333333,3,-5,5,12,14,2,3,45,365,CHAIN,37245,False,37245,35920,False,2751.2833333333333,9,formula_read,CHAIN,2828,False,,2600,True,2755.45,4,formula_read
2755.9166666666665,3,-5,5,12,14,2,3,45,365,CHAIN,37245,False,37245,35920,False,2751.2833333333333,9,formula_read,CHAIN,2828,False,,2600,True,2755.45,4,formula_read
2755.95,3,-5,5,12,14,2,3,45,365,CHAIN,37245,False,37245,35920,False,2751.2833333333333,9,formula_read,CHAIN,2828,False,,2600,True,2755.45,4,formula_read
2755.983333333333,3,-5,5,12,14,2,3,45,365,CHAIN,37245,False,37245,35920,False,2751.2833333333333,9,formula_read,CHAIN,2828,False,,2600,True,2755.45,4,formula_read
2756.016666666667,3,-5,5,12,14,2,3,45,365,CHAIN,37245,False,,35920,True,2751.2833333333333,9,formula_read,CHAIN,2828,False,,2600,True,2755.45,4,formula_read
2756.05,3,-5,5,12,14,2,3,45,365,CHAIN,37245,False,,47220,True,2751.2833333333333,10,formula_read,CHAIN,2828,False,,2600,True,2755.45,4,formula_read
2756.0833333333335,3,-5,5,12,14,2,3,45,365,CHAIN,37245,False,,47220,True,2751.2833333333333,10,formula_read,CHAIN,2828,False,,2600,True,2755.45,4,formula_read
2756.116666666667,3,-5,5,12,14,2,3,45,365,CHAIN,37245,False,,47220,True,2751.2833333333333,10,formula_read,CHAIN,2828,False,,2600,True,2755.45,4,formula_read
2756.15,3,-5,5,12,14,2,3,45,365,CHAIN,37245,False,,47220,True,2751.2833333333333,10,formula_read,CHAIN,2828,False,,2600,True,2755.45,4,formula_read
2756.1833333333334,3,-5,5,12,14,2,3,45,365,CHAIN,37245,False,,47220,True,2751.2833333333333,10,formula_read,CHAIN,2828,False,,2600,True,2755.45,4,formula_read
2756.2166666666667,3,-5,5,12,14,2,3,45,365,CHAIN,37245,False,,47220,True,2751.2833333333333,10,formula_read,CHAIN,2828,False,,2600,True,2755.45,4,formula_read
2756.25,3,-5,5,12,14,2,3,45,365,CHAIN,37245,False,,47220,True,2751.2833333333333,10,formula_read,CHAIN,2828,False,,2600,True,2755.45,4,formula_read
2756.2833333333333,3,-5,5,12,14,2,3,45,365,CHAIN,37245,False,,47220,True,2751.2833333333333,10,formula_read,CHAIN,2828,False,,2600,True,2755.45,4,formula_read
2756.3166666666666,3,-5,5,12,14,2,3,45,365,CHAIN,37245,False,,47220,True,2751.2833333333333,10,formula_read,CHAIN,4108,False,4108,2600,False,2755.45,4,formula_read
2756.35,3,-5,5,12,14,2,3,45,365,CHAIN,37245,False,,47220,True,2751.2833333333333,10,formula_read,CHAIN,4108,False,4108,2600,False,2755.45,4,formula_read
2756.383333333333,3,-5,5,12,14,2,3,45,365,CHAIN,37245,False,,47220,True,2751.2833333333333,10,formula_read,CHAIN,4108,False,4108,2600,False,2755.45,4,formula_read
2756.4166666666665,3,-5,5,12,14,2,3,45,365,CHAIN,37245,False,,47220,True,2751.2833333333333,10,formula_read,CHAIN,4108,False,4108,2600,False,2755.45,4,formula_read
2756.45,3,-5,5,12,14,2,3,45,365,CHAIN,37245,False,,47220,True,2751.2833333333333,10,formula_read,CHAIN,4108,False,4108,2600,False,2755.45,4,formula_read
2756.483333333333,3,-5,5,12,14,2,3,45,365,CHAIN,37245,False,,47220,True,2751.2833333333333,10,formula_read,CHAIN,4108,False,4108,2600,False,2755.45,4,formula_read
2756.516666666667,3,-5,5,12,14,2,3,45,365,CHAIN,37245,False,,47220,True,2751.2833333333333,10,formula_read,CHAIN,4108,False,4108,2600,False,2755.45,4,formula_read
2756.55,3,-5,5,12,14,2,3,45,365,CHAIN,37245,False,,47220,False,2751.2833333333333,10,formula_read,CHAIN,4108,False,4108,2600,False,2755.45,4,formula_read
2756.5833333333335,3,-5,5,12,14,2,3,45,365,CHAIN,37245,False,,47220,False,2751.2833333333333,10,formula_read,CHAIN,4108,False,4108,2600,False,2755.45,4,formula_read
2756.616666666667,3,-5,5,12,14,2,3,45,365,CHAIN,37245,False,,47220,False,2751.2833333333333,10,formula_read,CHAIN,4108,False,4108,2600,False,2755.45,4,formula_read
2756.65,3,-5,5,12,14,2,3,45,365,CHAIN,37245,False,,47220,False,2751.2833333333333,10,formula_read,CHAIN,4108,False,4108,2600,False,2755.45,4,formula_read
2756.6833333333334,3,-5,5,12,14,2,3,45,365,CHAIN,37245,False,,47220,False,2751.2833333333333,10,formula_read,CHAIN,4108,False,4108,2600,False,2755.45,4,formula_read
2756.7166666666667,3,-5,5,12,14,2,3,45,365,CHAIN,37245,False,,47220,False,2751.2833333333333,10,formula_read,GRAVITY_SETTLE,4108,True,,2600,True,,,
2756.75,3,-5,5,12,14,2,3,45,365,CHAIN,37245,False,,47220,False,2751.2833333333333,10,formula_read,CHAIN,4108,False,,5160,True,2756.75,5,formula_read
2756.7833333333333,3,-5,5,12,14,2,3,45,365,CHAIN,37245,False,,47220,False,2751.2833333333333,10,formula_read,CHAIN,4108,False,,5160,True,2756.75,5,formula_read
2756.8166666666666,3,-5,5,12,14,2,3,45,365,CHAIN,37245,False,,47220,False,2751.2833333333333,10,formula_read,CHAIN,4108,False,,5160,True,2756.75,5,formula_read
2756.85,3,-5,5,12,14,2,3,45,365,CHAIN,37245,False,,47220,True,2751.2833333333333,10,formula_read,CHAIN,4108,False,,5160,True,2756.75,5,formula_read
2756.883333333333,3,-5,5,12,14,2,3,45,365,CHAIN,37245,False,,47220,True,2751.2833333333333,10,formula_read,CHAIN,4108,False,,5160,True,2756.75,5,formula_read
2756.9166666666665,3,-5,5,12,14,2,3,45,365,CHAIN,37245,False,,47220,True,2751.2833333333333,10,formula_read,CHAIN,4108,False,,5160,True,2756.75,5,formula_read
2756.95,3,-5,5,12,14,2,3,45,365,CHAIN,48545,False,48545,47220,False,2751.2833333333333,10,formula_read,CHAIN,4108,False,,5160,True,2756.75,5,formula_read
2756.983333333333,3,-5,5,12,14,2,3,45,365,CHAIN,48545,False,48545,47220,False,2751.2833333333333,10,formula_read,CHAIN,4108,False,,5160,True,2756.75,5,formula_read
2757.016666666667,3,-5,5,12,14,2,3,45,365,CHAIN,48545,False,48545,47220,False,2751.2833333333333,10,formula_read,CHAIN,4108,False,,5160,True,2756.75,5,formula_read
2757.05,3,-5,5,12,14,2,3,45,365,CHAIN,48545,False,48545,47220,False,2751.2833333333333,10,formula_read,CHAIN,4108,False,,5160,True,2756.75,5,formula_read
2757.0833333333335,3,-5,5,12,14,2,3,45,365,CHAIN,48545,False,48545,47220,False,2751.2833333333333,10,formula_read,CHAIN,4108,False,,5160,True,2756.75,5,formula_read
2757.116666666667,3,-5,5,12,14,2,3,45,365,CHAIN,48545,False,48545,47220,False,2751.2833333333333,10,formula_read,CHAIN,4108,False,,5160,True,2756.75,5,formula_read
2757.15,3,-5,5,12,14,2,3,45,365,CHAIN,48545,False,48545,47220,False,2751.2833333333333,10,formula_read,CHAIN,4108,False,,5160,True,2756.75,5,formula_read
2757.1833333333334,3,-5,5,12,14,2,3,45,365,CHAIN,48545,False,48545,47220,False,2751.2833333333333,10,formula_read,CHAIN,4108,False,,5160,True,2756.75,5,formula_read
2757.2166666666667,3,-5,5,12,14,2,3,45,365,CHAIN,48545,False,48545,47220,False,2751.2833333333333,10,formula_read,CHAIN,4108,False,,5160,True,2756.75,5,formula_read
2757.25,3,-5,5,12,14,2,3,45,365,CHAIN,48545,False,48545,47220,False,2751.2833333333333,10,formula_read,CHAIN,4108,False,,5160,True,2756.75,5,formula_read
2757.2833333333333,3,-5,5,12,14,2,3,45,365,CHAIN,48545,False,48545,47220,False,2751.2833333333333,10,formula_read,CHAIN,4108,False,,5160,True,2756.75,5,formula_read
2757.3166666666666,3,-5,5,12,14,2,3,45,365,CHAIN,48545,False,48545,47220,False,2751.2833333333333,10,formula_read,CHAIN,4108,False,,5160,True,2756.75,5,formula_read
2757.35,3,-5,5,12,14,2,3,45,365,CHAIN,48545,False,,47220,True,2751.2833333333333,10,formula_read,CHAIN,4108,False,,5160,True,2756.75,5,formula_read
2757.383333333333,3,-5,5,12,14,2,3,45,365,CHAIN,48545,False,,57460,True,2751.2833333333333,11,formula_read,CHAIN,4108,False,,5160,True,2756.75,5,formula_read
2757.4166666666665,3,-5,5,12,14,2,3,45,365,CHAIN,48545,False,,57460,True,2751.2833333333333,11,formula_read,CHAIN,4108,False,,5160,True,2756.75,5,formula_read
2757.45,3,-5,5,12,14,2,3,45,365,CHAIN,48545,False,,57460,True,2751.2833333333333,11,formula_read,CHAIN,4108,False,,5160,True,2756.75,5,formula_read
2757.483333333333,3,-5,5,12,14,2,3,45,365,CHAIN,48545,False,,57460,True,2751.2833333333333,11,formula_read,CHAIN,4108,False,,5160,True,2756.75,5,formula_read
2757.516666666667,3,-5,5,12,14,2,3,45,365,CHAIN,48545,False,,57460,True,2751.2833333333333,11,formula_read,CHAIN,4108,False,,5160,True,2756.75,5,formula_read
2757.55,3,-5,5,12,14,2,3,45,365,CHAIN,48545,False,,57460,True,2751.2833333333333,11,formula_read,CHAIN,4108,False,,5160,True,2756.75,5,formula_read
2757.5833333333335,3,-5,5,12,14,2,3,45,365,CHAIN,48545,False,,57460,True,2751.2833333333333,11,formula_read,CHAIN,4108,False,,5160,True,2756.75,5,formula_read
2757.616666666667,3,-5,5,12,14,2,3,45,365,CHAIN,48545,False,,57460,True,2751.2833333333333,11,formula_read,CHAIN,4108,False,,5160,True,2756.75,5,formula_read
2757.65,3,-5,5,12,14,2,3,45,365,CHAIN,48545,False,,57460,True,2751.2833333333333,11,formula_read,CHAIN,6668,False,6668,5160,False,2756.75,5,formula_read
2757.6833333333334,3,-5,5,12,14,2,3,45,365,CHAIN,48545,False,,57460,True,2751.2833333333333,11,formula_read,CHAIN,6668,False,6668,5160,False,2756.75,5,formula_read
2757.7166666666667,3,-5,5,12,14,2,3,45,365,CHAIN,48545,False,,57460,True,2751.2833333333333,11,formula_read,CHAIN,6668,False,6668,5160,False,2756.75,5,formula_read
2757.75,3,-5,5,12,14,2,3,45,365,CHAIN,48545,False,,57460,True,2751.2833333333333,11,formula_read,CHAIN,6668,False,6668,5160,False,2756.75,5,formula_read
2757.7833333333333,3,-5,5,12,14,2,3,45,365,CHAIN,48545,False,,57460,True,2751.2833333333333,11,formula_read,CHAIN,6668,False,6668,5160,False,2756.75,5,formula_read
2757.8166666666666,3,-5,5,12,14,2,3,45,365,CHAIN,48545,False,,57460,True,2751.2833333333333,11,formula_read,CHAIN,6668,False,6668,5160,False,2756.75,5,formula_read
2757.85,3,-5,5,12,14,2,3,45,365,CHAIN,48545,False,,57460,True,2751.2833333333333,11,formula_read,CHAIN,6668,False,6668,5160,False,2756.75,5,formula_read
2757.883333333333,3,-5,5,12,14,2,3,45,365,CHAIN,48545,False,,57460,True,2751.2833333333333,11,formula_read,CHAIN,6668,False,6668,5160,False,2756.75,5,formula_read
2757.9166666666665,3,-5,5,12,14,2,3,45,365,CHAIN,48545,False,,57460,True,2751.2833333333333,11,formula_read,CHAIN,6668,False,6668,5160,False,2756.75,5,formula_read
2757.95,3,-5,5,12,14,2,3,45,365,CHAIN,48545,False,,57460,True,2751.2833333333333,11,formula_read,CHAIN,6668,False,6668,5160,False,2756.75,5,formula_read
2757.983333333333,3,-5,5,12,14,2,3,45,365,CHAIN,48545,False,,57460,True,2751.2833333333333,11,formula_read,CHAIN,6668,False,6668,5160,False,2756.75,5,formula_read
2758.016666666667,3,-5,5,12,14,2,3,45,365,CHAIN,48545,False,,57460,True,2751.2833333333333,11,formula_read,CHAIN,6668,False,6668,5160,False,2756.75,5,formula_read
2758.05,3,-5,5,12,14,2,3,45,365,CHAIN,48545,False,,57460,True,2751.2833333333333,11,formula_read,GRAVITY_SETTLE,6668,True,6668,5160,False,,,
2758.0833333333335,3,-5,5,12,14,2,3,45,365,CHAIN,48545,False,,57460,True,2751.2833333333333,11,formula_read,STABLE,6668,False,6668,5160,False,,,
2758.116666666667,3,-5,5,12,14,2,3,45,365,CHAIN,48545,False,,57460,True,2751.2833333333333,11,formula_read,STABLE,6668,False,,5160,True,,,
2758.15,3,-5,5,12,14,2,3,45,365,CHAIN,48545,False,,57460,True,2751.2833333333333,11,formula_read,CHAIN,6668,False,,9000,True,2758.15,6,formula_read
2758.1833333333334,3,-5,5,12,14,2,3,45,365,CHAIN,48545,False,,57460,True,2751.2833333333333,11,formula_read,CHAIN,6668,False,,9000,True,2758.15,6,formula_read
2758.2166666666667,3,-5,5,12,14,2,3,45,365,CHAIN,48545,False,,57460,True,2751.2833333333333,11,formula_read,CHAIN,6668,False,,9000,True,2758.15,6,formula_read
2758.25,3,-5,5,12,14,2,3,45,365,CHAIN,48545,False,,57460,True,2751.2833333333333,11,formula_read,CHAIN,6668,False,,9000,True,2758.15,6,formula_read
2758.2833333333333,3,-5,5,12,14,2,3,45,365,CHAIN,58785,False,58785,57460,False,2751.2833333333333,11,formula_read,CHAIN,6668,False,,9000,True,2758.15,6,formula_read
2758.3166666666666,3,-5,5,12,14,2,3,45,365,CHAIN,58785,False,58785,57460,False,2751.2833333333333,11,formula_read,CHAIN,6668,False,,9000,True,2758.15,6,formula_read
2758.35,3,-5,5,12,14,2,3,45,365,CHAIN,58785,False,58785,57460,False,2751.2833333333333,11,formula_read,CHAIN,6668,False,,9000,True,2758.15,6,formula_read
2758.383333333333,3,-5,5,12,14,2,3,45,365,CHAIN,58785,False,58785,57460,False,2751.2833333333333,11,formula_read,CHAIN,6668,False,,9000,True,2758.15,6,formula_read
2758.4166666666665,3,-5,5,12,14,2,3,45,365,CHAIN,58785,False,58785,57460,False,2751.2833333333333,11,formula_read,CHAIN,6668,False,,9000,True,2758.15,6,formula_read
2758.45,3,-5,5,12,14,2,3,45,365,CHAIN,58785,False,58785,57460,False,2751.2833333333333,11,formula_read,CHAIN,6668,False,,9000,True,2758.15,6,formula_read
2758.483333333333,3,-5,5,12,14,2,3,45,365,CHAIN,58785,False,58785,57460,False,2751.2833333333333,11,formula_read,CHAIN,6668,False,,9000,True,2758.15,6,formula_read
2758.516666666667,3,-5,5,12,14,2,3,45,365,CHAIN,58785,False,58785,57460,False,2751.2833333333333,11,formula_read,CHAIN,6668,False,,9000,True,2758.15,6,formula_read
2758.55,3,-5,5,12,14,2,3,45,365,CHAIN,58785,False,58785,57460,False,2751.2833333333333,11,formula_read,CHAIN,6668,False,,9000,True,2758.15,6,formula_read
2758.5833333333335,3,-5,5,12,14,2,3,45,365,CHAIN,58785,False,58785,57460,False,2751.2833333333333,11,formula_read,CHAIN,6668,False,,9000,True,2758.15,6,formula_read
2758.616666666667,3,-5,5,12,14,2,3,45,365,CHAIN,58785,False,58785,57460,False,2751.2833333333333,11,formula_read,CHAIN,6668,False,,9000,True,2758.15,6,formula_read
2758.65,3,-5,5,12,14,2,3,45,365,CHAIN,58785,False,58785,57460,False,2751.2833333333333,11,formula_read,CHAIN,6668,False,,9000,True,2758.15,6,formula_read
2758.6833333333334,3,-5,5,12,14,2,3,45,365,CHAIN,58785,False,58785,57460,False,2751.2833333333333,11,formula_read,CHAIN,6668,False,,9000,True,2758.15,6,formula_read
2758.7166666666667,3,-5,5,12,14,2,3,45,365,CHAIN,58785,False,,57460,True,2751.2833333333333,11,formula_read,CHAIN,6668,False,,9000,True,2758.15,6,formula_read
2758.75,3,-5,5,12,14,2,3,45,365,CHAIN,58785,False,,74920,True,2751.2833333333333,12,formula_read,CHAIN,6668,False,,9000,True,2758.15,6,formula_read
2758.7833333333333,3,-5,5,12,14,2,3,45,365,CHAIN,58785,False,,74920,True,2751.2833333333333,12,formula_read,CHAIN,6668,False,,9000,True,2758.15,6,formula_read
2758.8166666666666,3,-5,5,12,14,2,3,45,365,CHAIN,58785,False,,74920,True,2751.2833333333333,12,formula_read,CHAIN,6668,False,,9000,True,2758.15,6,formula_read
2758.85,3,-5,5,12,14,2,3,45,365,CHAIN,58785,False,,74920,True,2751.2833333333333,12,formula_read,CHAIN,6668,False,,9000,True,2758.15,6,formula_read
2758.883333333333,3,-5,5,12,14,2,3,45,365,CHAIN,58785,False,,74920,True,2751.2833333333333,12,formula_read,CHAIN,6668,False,,9000,True,2758.15,6,formula_read
2758.9166666666665,3,-5,5,12,14,2,3,45,365,CHAIN,58785,False,,74920,True,2751.2833333333333,12,formula_read,CHAIN,6668,False,,9000,True,2758.15,6,formula_read
2758.95,3,-5,5,12,14,2,3,45,365,CHAIN,58785,False,,74920,True,2751.2833333333333,12,formula_read,CHAIN,6668,False,,9000,True,2758.15,6,formula_read
2758.983333333333,3,-5,5,12,14,2,3,45,365,CHAIN,58785,False,,74920,True,2751.2833333333333,12,formula_read,CHAIN,6668,False,,9000,True,2758.15,6,formula_read
2759.016666666667,3,-5,5,12,14,2,3,45,365,CHAIN,58785,False,,74920,True,2751.2833333333333,12,formula_read,CHAIN,6668,False,,9000,True,2758.15,6,formula_read
2759.05,3,-5,5,12,14,2,3,45,365,CHAIN,58785,False,,74920,True,2751.2833333333333,12,formula_read,CHAIN,10508,False,10508,9000,False,2758.15,6,formula_read
2759.0833333333335,3,-5,5,12,14,2,3,45,365,CHAIN,58785,False,,74920,True,2751.2833333333333,12,formula_read,CHAIN,10508,False,10508,9000,False,2758.15,6,formula_read
2759.116666666667,3,-5,5,12,14,2,3,45,365,CHAIN,58785,False,,74920,True,2751.2833333333333,12,formula_read,CHAIN,10508,False,10508,9000,False,2758.15,6,formula_read
2759.15,3,-5,5,12,14,2,3,45,365,CHAIN,58785,False,,74920,True,2751.2833333333333,12,formula_read,CHAIN,10508,False,10508,9000,False,2758.15,6,formula_read
2759.1833333333334,3,-5,5,12,14,2,3,45,365,CHAIN,58785,False,,74920,True,2751.2833333333333,12,formula_read,CHAIN,10508,False,10508,9000,False,2758.15,6,formula_read
2759.2166666666667,3,-5,5,12,14,2,3,45,365,CHAIN,58785,False,,74920,True,2751.2833333333333,12,formula_read,CHAIN,10508,False,10508,9000,False,2758.15,6,formula_read
2759.25,3,-5,5,12,14,2,3,45,365,CHAIN,58785,False,,74920,True,2751.2833333333333,12,formula_read,CHAIN,10508,False,10508,9000,False,2758.15,6,formula_read
2759.2833333333333,3,-5,5,12,14,2,3,45,365,CHAIN,58785,False,,74920,True,2751.2833333333333,12,formula_read,CHAIN,10508,False,10508,9000,False,2758.15,6,formula_read
2759.3166666666666,3,-5,5,12,14,2,3,45,365,CHAIN,58785,False,,74920,True,2751.2833333333333,12,formula_read,CHAIN,10508,False,10508,9000,False,2758.15,6,formula_read
2759.35,3,-5,5,12,14,2,3,45,365,CHAIN,58785,False,,74920,True,2751.2833333333333,12,formula_read,CHAIN,10508,False,10508,9000,False,2758.15,6,formula_read
2759.383333333333,3,-5,5,12,14,2,3,45,365,CHAIN,58785,False,,74920,True,2751.2833333333333,12,formula_read,CHAIN,10508,False,10508,9000,False,2758.15,6,formula_read
2759.4166666666665,3,-5,5,12,14,2,3,45,365,CHAIN,58785,False,,74920,True,2751.2833333333333,12,formula_read,GRAVITY_SETTLE,10508,True,10508,9000,False,,,
2759.45,3,-5,5,12,14,2,3,45,365,CHAIN,58785,False,,74920,True,2751.2833333333333,12,formula_read,GRAVITY_SETTLE,10508,False,10508,9000,False,,,
2759.483333333333,3,-5,5,12,14,2,3,45,365,CHAIN,58785,False,,74920,True,2751.2833333333333,12,formula_read,GRAVITY_SETTLE,10508,False,,9000,True,,,
2759.516666666667,3,-5,5,12,14,2,3,45,365,CHAIN,58785,False,,74920,True,2751.2833333333333,12,formula_read,CHAIN,10508,False,,15500,True,2759.516666666667,7,formula_read
2759.55,3,-5,5,12,14,2,3,45,365,CHAIN,58785,False,,74920,True,2751.2833333333333,12,formula_read,CHAIN,10508,False,,15500,True,2759.516666666667,7,formula_read
2759.5833333333335,3,-5,5,12,14,2,3,45,365,CHAIN,58785,False,,74920,True,2751.2833333333333,12,formula_read,CHAIN,10508,False,,15500,True,2759.516666666667,7,formula_read
2759.616666666667,3,-5,5,12,14,2,3,45,365,CHAIN,58785,False,,74920,True,2751.2833333333333,12,formula_read,CHAIN,10508,False,,15500,True,2759.516666666667,7,formula_read
2759.65,3,-5,5,12,14,2,3,45,365,CHAIN,76245,False,76245,74920,False,2751.2833333333333,12,formula_read,CHAIN,10508,False,,15500,True,2759.516666666667,7,formula_read
2759.6833333333334,3,-5,5,12,14,2,3,45,365,CHAIN,76245,False,76245,74920,False,2751.2833333333333,12,formula_read,CHAIN,10508,False,,15500,True,2759.516666666667,7,formula_read
2759.7166666666667,3,-5,5,12,14,2,3,45,365,CHAIN,76245,False,76245,74920,False,2751.2833333333333,12,formula_read,CHAIN,10508,False,,15500,True,2759.516666666667,7,formula_read
2759.75,3,-5,5,12,14,2,3,45,365,CHAIN,76245,False,76245,74920,False,2751.2833333333333,12,formula_read,CHAIN,10508,False,,15500,True,2759.516666666667,7,formula_read
2759.7833333333333,3,-5,5,12,14,2,3,45,365,CHAIN,76245,False,76245,74920,False,2751.2833333333333,12,formula_read,CHAIN,10508,False,,15500,True,2759.516666666667,7,formula_read
2759.8166666666666,3,-5,5,12,14,2,3,45,365,CHAIN,76245,False,76245,74920,False,2751.2833333333333,12,formula_read,CHAIN,10508,False,,15500,True,2759.516666666667,7,formula_read
2759.85,3,-5,5,12,14,2,3,45,365,CHAIN,76245,False,76245,74920,False,2751.2833333333333,12,formula_read,CHAIN,10508,False,,15500,True,2759.516666666667,7,formula_read
2759.883333333333,3,-5,5,12,14,2,3,45,365,CHAIN,76245,False,76245,74920,False,2751.2833333333333,12,formula_read,CHAIN,10508,False,,15500,True,2759.516666666667,7,formula_read
2759.9166666666665,3,-5,5,12,14,2,3,45,365,CHAIN,76245,False,76245,74920,False,2751.2833333333333,12,formula_read,CHAIN,10508,False,,15500,True,2759.516666666667,7,formula_read
2759.95,3,-5,5,12,14,2,3,45,365,CHAIN,76245,False,76245,74920,False,2751.2833333333333,12,formula_read,CHAIN,10508,False,,15500,True,2759.516666666667,7,formula_read
2759.983333333333,3,-5,5,12,14,2,3,45,365,CHAIN,76245,False,76245,74920,False,2751.2833333333333,12,formula_read,CHAIN,10508,False,,15500,True,2759.516666666667,7,formula_read
2760.016666666667,3,-5,5,12,14,2,3,45,365,CHAIN,76245,False,76245,74920,False,2751.2833333333333,12,formula_read,CHAIN,10508,False,,15500,True,2759.516666666667,7,formula_read
2760.05,3,-5,5,12,14,2,3,45,365,CHAIN,76245,False,76245,74920,False,2751.2833333333333,12,formula_read,CHAIN,10508,False,,15500,True,2759.516666666667,7,formula_read
2760.0833333333335,3,-5,5,12,14,2,3,45,365,CHAIN,76245,False,,74920,True,2751.2833333333333,12,formula_read,CHAIN,10508,False,,15500,True,2759.516666666667,7,formula_read
2760.116666666667,3,-5,5,12,14,2,3,45,365,CHAIN,76245,False,,87720,True,2751.2833333333333,13,formula_read,CHAIN,10508,False,,15500,True,2759.516666666667,7,formula_read
2760.15,3,-5,5,12,14,2,3,45,365,CHAIN,76245,False,,87720,True,2751.2833333333333,13,formula_read,CHAIN,10508,False,,15500,True,2759.516666666667,7,formula_read
2760.1833333333334,3,-5,5,12,14,2,3,45,365,CHAIN,76245,False,,87720,True,2751.2833333333333,13,formula_read,CHAIN,10508,False,,15500,True,2759.516666666667,7,formula_read
2760.2166666666667,3,-5,5,12,14,2,3,45,365,CHAIN,76245,False,,87720,True,2751.2833333333333,13,formula_read,CHAIN,10508,False,,15500,True,2759.516666666667,7,formula_read
2760.25,3,-5,5,12,14,2,3,45,365,CHAIN,76245,False,,87720,True,2751.2833333333333,13,formula_read,CHAIN,10508,False,,15500,True,2759.516666666667,7,formula_read
2760.2833333333333,3,-5,5,12,14,2,3,45,365,CHAIN,76245,False,,87720,True,2751.2833333333333,13,formula_read,CHAIN,10508,False,,15500,True,2759.516666666667,7,formula_read
2760.3166666666666,3,-5,5,12,14,2,3,45,365,CHAIN,76245,False,,87720,True,2751.2833333333333,13,formula_read,CHAIN,10508,False,,15500,True,2759.516666666667,7,formula_read
2760.35,3,-5,5,12,14,2,3,45,365,CHAIN,76245,False,,87720,True,2751.2833333333333,13,formula_read,CHAIN,10508,False,,15500,True,2759.516666666667,7,formula_read
2760.383333333333,3,-5,5,12,14,2,3,45,365,CHAIN,76245,False,,87720,True,2751.2833333333333,13,formula_read,CHAIN,10508,False,,15500,True,2759.516666666667,7,formula_read
2760.4166666666665,3,-5,5,12,14,2,3,45,365,CHAIN,76245,False,,87720,True,2751.2833333333333,13,formula_read,CHAIN,17008,False,17008,15500,False,2759.516666666667,7,formula_read
2760.45,3,-5,5,12,14,2,3,45,365,CHAIN,76245,False,,87720,True,2751.2833333333333,13,formula_read,CHAIN,17008,False,17008,15500,False,2759.516666666667,7,formula_read
2760.483333333333,3,-5,5,12,14,2,3,45,365,CHAIN,76245,False,,87720,True,2751.2833333333333,13,formula_read,CHAIN,17008,False,17008,15500,False,2759.516666666667,7,formula_read
2760.516666666667,3,-5,5,12,14,2,3,45,365,CHAIN,76245,False,,87720,True,2751.2833333333333,13,formula_read,CHAIN,17008,False,17008,15500,False,2759.516666666667,7,formula_read
2760.55,3,-5,5,12,14,2,3,45,365,CHAIN,76245,False,,87720,True,2751.2833333333333,13,formula_read,CHAIN,17008,False,17008,15500,False,2759.516666666667,7,formula_read
2760.5833333333335,3,-5,5,12,14,2,3,45,365,CHAIN,76245,False,,87720,True,2751.2833333333333,13,formula_read,CHAIN,17008,False,17008,15500,False,2759.516666666667,7,formula_read
2760.616666666667,3,-5,5,12,14,2,3,45,365,CHAIN,76245,False,,87720,True,2751.2833333333333,13,formula_read,CHAIN,17008,False,17008,15500,False,2759.516666666667,7,formula_read
2760.65,3,-5,5,12,14,2,3,45,365,CHAIN,76245,False,,87720,True,2751.2833333333333,13,formula_read,CHAIN,17008,False,17008,15500,False,2759.516666666667,7,formula_read
2760.6833333333334,3,-5,5,12,14,2,3,45,365,CHAIN,76245,False,,87720,True,2751.2833333333333,13,formula_read,CHAIN,17008,False,17008,15500,False,2759.516666666667,7,formula_read
2760.7166666666667,3,-5,5,12,14,2,3,45,365,CHAIN,76245,False,,87720,True,2751.2833333333333,13,formula_read,CHAIN,17008,False,17008,15500,False,2759.516666666667,7,formula_read
2760.75,3,-5,5,12,14,2,3,45,365,CHAIN,76245,False,,87720,True,2751.2833333333333,13,formula_read,CHAIN,17008,False,17008,15500,False,2759.516666666667,7,formula_read
2760.7833333333333,3,-5,5,12,14,2,3,45,365,CHAIN,76245,False,,87720,True,2751.2833333333333,13,formula_read,GRAVITY_SETTLE,17008,True,17008,15500,False,,,
2760.8166666666666,3,-5,5,12,14,2,3,45,365,CHAIN,76245,False,,87720,True,2751.2833333333333,13,formula_read,GRAVITY_SETTLE,17008,False,17008,15500,False,,,
2760.85,3,-5,5,12,14,2,3,45,365,CHAIN,76245,False,,87720,True,2751.2833333333333,13,formula_read,GRAVITY_SETTLE,17008,False,,15500,True,,,
2760.883333333333,3,-5,5,12,14,2,3,45,365,CHAIN,76245,False,,87720,True,2751.2833333333333,13,formula_read,CHAIN,17008,False,,21900,True,2760.883333333333,8,formula_read
2760.9166666666665,3,-5,5,12,14,2,3,45,365,CHAIN,76245,False,,87720,True,2751.2833333333333,13,formula_read,CHAIN,17008,False,,21900,True,2760.883333333333,8,formula_read
2760.95,3,-5,5,12,14,2,3,45,365,CHAIN,76245,False,,87720,True,2751.2833333333333,13,formula_read,CHAIN,17008,False,,21900,True,2760.883333333333,8,formula_read
2760.983333333333,3,-5,5,12,14,2,3,45,365,CHAIN,76245,False,,87720,True,2751.2833333333333,13,formula_read,CHAIN,17008,False,,21900,True,2760.883333333333,8,formula_read
2761.016666666667,3,-5,5,12,14,2,3,45,365,CHAIN,89045,False,89045,87720,False,2751.2833333333333,13,formula_read,CHAIN,17008,False,,21900,True,2760.883333333333,8,formula_read
2761.05,3,-5,5,12,14,2,3,45,365,CHAIN,89045,False,89045,87720,False,2751.2833333333333,13,formula_read,CHAIN,17008,False,,21900,True,2760.883333333333,8,formula_read
2761.0833333333335,3,-5,5,12,14,2,3,45,365,CHAIN,89045,False,89045,87720,False,2751.2833333333333,13,formula_read,CHAIN,17008,False,,21900,True,2760.883333333333,8,formula_read
2761.116666666667,3,-5,5,12,14,2,3,45,365,CHAIN,89045,False,89045,87720,False,2751.2833333333333,13,formula_read,CHAIN,17008,False,,21900,True,2760.883333333333,8,formula_read
2761.15,3,-5,5,12,14,2,3,45,365,CHAIN,89045,False,89045,87720,False,2751.2833333333333,13,formula_read,CHAIN,17008,False,,21900,True,2760.883333333333,8,formula_read
2761.1833333333334,3,-5,5,12,14,2,3,45,365,CHAIN,89045,False,89045,87720,False,2751.2833333333333,13,formula_read,CHAIN,17008,False,,21900,True,2760.883333333333,8,formula_read
2761.2166666666667,3,-5,5,12,14,2,3,45,365,CHAIN,89045,False,89045,87720,False,2751.2833333333333,13,formula_read,CHAIN,17008,False,,21900,True,2760.883333333333,8,formula_read
2761.25,3,-5,5,12,14,2,3,45,365,CHAIN,89045,False,89045,87720,False,2751.2833333333333,13,formula_read,CHAIN,17008,False,,21900,True,2760.883333333333,8,formula_read
2761.2833333333333,3,-5,5,12,14,2,3,45,365,CHAIN,89045,False,89045,87720,False,2751.2833333333333,13,formula_read,CHAIN,17008,False,,21900,True,2760.883333333333,8,formula_read
2761.3166666666666,3,-5,5,12,14,2,3,45,365,CHAIN,89045,False,89045,87720,False,2751.2833333333333,13,formula_read,CHAIN,17008,False,,21900,True,2760.883333333333,8,formula_read
2761.35,3,-5,5,12,14,2,3,45,365,CHAIN,89045,False,89045,87720,False,2751.2833333333333,13,formula_read,CHAIN,17008,False,,21900,True,2760.883333333333,8,formula_read
2761.383333333333,3,-5,5,12,14,2,3,45,365,CHAIN,89045,False,89045,87720,False,2751.2833333333333,13,formula_read,CHAIN,17008,False,,21900,True,2760.883333333333,8,formula_read
2761.4166666666665,3,-5,5,12,14,2,3,45,365,CHAIN,89045,False,89045,87720,False,2751.2833333333333,13,formula_read,CHAIN,17008,False,,21900,True,2760.883333333333,8,formula_read
2761.45,3,-5,5,12,14,2,3,45,365,CHAIN,89045,False,89045,87720,False,2751.2833333333333,13,formula_read,CHAIN,17008,False,,21900,True,2760.883333333333,8,formula_read
2761.483333333333,3,-5,5,12,14,2,3,45,365,CHAIN,89045,False,89045,87720,False,2751.2833333333333,13,formula_read,CHAIN,17008,False,,21900,True,2760.883333333333,8,formula_read
2761.516666666667,3,-5,5,12,14,2,3,45,365,GRAVITY_SETTLE,89045,True,89045,87720,False,,,,CHAIN,17008,False,,21900,True,2760.883333333333,8,formula_read
2761.55,3,-5,5,12,14,2,3,45,365,GRAVITY_SETTLE,89045,False,89045,87720,False,,,,CHAIN,17008,False,,21900,True,2760.883333333333,8,formula_read
2761.5833333333335,3,-5,5,12,14,2,3,45,365,GRAVITY_SETTLE,89045,False,89045,87720,False,,,,CHAIN,17008,False,,21900,True,2760.883333333333,8,formula_read
2761.616666666667,3,-5,5,12,14,2,3,45,365,GRAVITY_SETTLE,89045,False,89045,87720,False,,,,CHAIN,17008,False,,21900,True,2760.883333333333,8,formula_read
2761.65,3,-5,5,12,14,2,3,45,365,GRAVITY_SETTLE,89045,False,89045,87720,False,,,,CHAIN,17008,False,,21900,True,2760.883333333333,8,formula_read
2761.6833333333334,3,-5,5,12,14,2,3,45,365,GRAVITY_SETTLE,89046,False,89046,87720,False,,,,CHAIN,17008,False,,21900,True,2760.883333333333,8,formula_read
2761.7166666666667,3,-5,5,12,14,2,3,45,365,GRAVITY_SETTLE,89047,False,89047,87720,False,,,,CHAIN,17008,False,,21900,True,2760.883333333333,8,formula_read
2761.75,3,-5,5,12,14,2,3,45,365,GRAVITY_SETTLE,89048,False,89048,87720,False,,,,CHAIN,17008,False,,21900,True,2760.883333333333,8,formula_read
2761.7833333333333,3,-5,5,12,14,2,3,45,365,OJAMA_FALL,89049,False,89049,87720,False,,,,CHAIN,23408,False,23408,21900,False,2760.883333333333,8,formula_read
2761.8166666666666,3,-5,5,12,14,2,3,45,365,OJAMA_FALL,89050,False,89050,87720,False,,,,CHAIN,23408,False,23408,21900,False,2760.883333333333,8,formula_read
2761.85,3,-5,5,12,14,2,3,45,365,OJAMA_FALL,89051,False,89051,87720,False,,,,CHAIN,23408,False,23408,21900,False,2760.883333333333,8,formula_read
2761.883333333333,3,-5,5,12,14,2,3,45,365,OJAMA_FALL,89052,False,89052,87720,False,,,,CHAIN,23408,False,23408,21900,False,2760.883333333333,8,formula_read
2761.9166666666665,3,-5,5,12,14,2,3,45,365,OJAMA_FALL,89053,False,89053,87720,False,,,,CHAIN,23408,False,23408,21900,False,2760.883333333333,8,formula_read
2761.95,3,-5,5,12,14,2,3,45,365,OJAMA_FALL,89054,False,89054,87720,False,,,,CHAIN,23408,False,23408,21900,False,2760.883333333333,8,formula_read
2761.983333333333,3,-5,5,12,14,2,3,45,365,OJAMA_FALL,89054,False,89054,87720,False,,,,CHAIN,23408,False,23408,21900,False,2760.883333333333,8,formula_read
2762.016666666667,3,-5,5,12,14,2,3,45,365,OJAMA_FALL,89054,False,89054,87720,False,,,,CHAIN,23408,False,23408,21900,False,2760.883333333333,8,formula_read
2762.05,3,-5,5,12,14,2,3,45,365,OJAMA_FALL,89055,False,89055,87720,False,,,,CHAIN,23408,False,23408,21900,False,2760.883333333333,8,formula_read
2762.0833333333335,3,-5,5,12,14,2,3,45,365,OJAMA_FALL,89055,False,89055,87720,False,,,,CHAIN,23408,False,23408,21900,False,2760.883333333333,8,formula_read
2762.116666666667,3,-5,5,12,14,2,3,45,365,STABLE,89055,False,89055,87720,False,,,,CHAIN,23408,False,23408,21900,False,2760.883333333333,8,formula_read
2762.15,3,-5,5,12,14,2,3,45,365,STABLE,89055,False,89055,87720,False,,,,CHAIN,23408,False,23408,21900,False,2760.883333333333,8,formula_read
2762.1833333333334,3,-5,5,12,14,2,3,45,365,STABLE,89055,False,89055,87720,False,,,,CHAIN,23408,False,23408,21900,False,2760.883333333333,8,formula_read
2762.2166666666667,3,-5,5,12,14,2,3,45,365,STABLE,89055,False,89055,87720,False,,,,CHAIN,23408,False,23408,21900,False,2760.883333333333,8,formula_read
2762.25,3,-5,5,12,14,2,3,45,365,STABLE,89055,False,89055,87720,False,,,,CHAIN,23408,False,,21900,True,2760.883333333333,8,formula_read
2762.2833333333333,3,-5,5,12,14,2,3,45,365,STABLE,89055,True,89055,87720,False,,,,CHAIN,23408,False,,29580,True,2760.883333333333,9,formula_read
2762.3166666666666,3,-5,5,12,14,2,3,45,365,STABLE,89055,False,89055,87720,False,,,,CHAIN,23408,False,,29580,True,2760.883333333333,9,formula_read
2762.35,3,-5,5,12,14,2,3,45,365,STABLE,89055,False,89055,87720,False,,,,CHAIN,23408,False,,29580,True,2760.883333333333,9,formula_read
2762.383333333333,3,-5,5,12,14,2,3,45,365,STABLE,89055,False,89055,87720,False,,,,CHAIN,23408,False,,29580,True,2760.883333333333,9,formula_read
2762.4166666666665,3,-5,5,12,14,2,3,45,365,STABLE,89055,False,89055,87720,False,,,,CHAIN,23408,False,,29580,True,2760.883333333333,9,formula_read
2762.45,3,-5,5,12,14,2,3,45,365,TSUMO_FALL,89055,False,89055,87720,False,,,,CHAIN,23408,False,,29580,True,2760.883333333333,9,formula_read
2762.483333333333,3,-5,5,12,14,2,3,45,365,TSUMO_FALL,89055,False,89055,87720,False,,,,CHAIN,23408,False,,29580,True,2760.883333333333,9,formula_read
2762.516666666667,3,0,0,17,14,2,3,45,365,STABLE,89056,False,89056,87720,False,,,,CHAIN,23408,False,,29580,True,2760.883333333333,9,formula_read
2762.55,3,0,0,17,14,2,3,45,365,STABLE,89057,False,89057,87720,False,,,,CHAIN,23408,False,,29580,True,2760.883333333333,9,formula_read
2762.5833333333335,3,0,0,17,14,2,3,45,365,STABLE,89058,False,89058,87720,False,,,,CHAIN,23408,False,,29580,True,2760.883333333333,9,formula_read
2762.616666666667,3,0,0,17,14,2,3,45,365,STABLE,89059,False,89059,87720,False,,,,CHAIN,23408,False,,29580,True,2760.883333333333,9,formula_read
2762.65,3,0,0,17,14,2,3,45,365,STABLE,89060,False,89060,87720,False,,,,CHAIN,23408,False,,29580,True,2760.883333333333,9,formula_read
2762.6833333333334,3,0,0,17,14,2,3,45,365,STABLE,89061,False,89061,87720,False,,,,CHAIN,23408,False,,29580,True,2760.883333333333,9,formula_read
2762.7166666666667,3,0,0,17,14,2,3,45,365,STABLE,89062,False,89062,87720,False,,,,CHAIN,23408,False,,29580,True,2760.883333333333,9,formula_read
2762.75,3,0,0,17,14,2,3,45,365,TSUMO_FALL,89063,False,89063,87720,False,,,,CHAIN,23408,False,,29580,True,2760.883333333333,9,formula_read
2762.7833333333333,3,0,0,17,14,2,3,45,365,TSUMO_FALL,89064,False,89064,87720,False,,,,CHAIN,23408,False,,29580,True,2760.883333333333,9,formula_read
2762.8166666666666,3,0,0,17,14,2,3,45,365,TSUMO_FALL,89065,False,89065,87720,False,,,,CHAIN,23408,False,,29580,True,2760.883333333333,9,formula_read
2762.85,3,0,0,17,14,2,3,45,365,TSUMO_FALL,89067,False,89067,87720,False,,,,CHAIN,23408,False,,29580,True,2760.883333333333,9,formula_read
2762.883333333333,3,0,0,17,14,2,3,45,365,TSUMO_FALL,89067,False,89067,87720,False,,,,CHAIN,23408,False,,29580,True,2760.883333333333,9,formula_read
2762.9166666666665,3,0,0,17,14,2,3,45,365,TSUMO_FALL,89067,False,89067,87720,False,,,,CHAIN,23408,False,,29580,True,2760.883333333333,9,formula_read
2762.95,3,0,0,17,14,2,3,45,365,TSUMO_FALL,89067,False,89067,87720,False,,,,CHAIN,23408,False,,29580,True,2760.883333333333,9,formula_read
2762.983333333333,3,0,0,17,14,2,3,45,365,TSUMO_FALL,89067,False,89067,87720,False,,,,CHAIN,23408,False,,29580,True,2760.883333333333,9,formula_read
2763.016666666667,3,0,0,17,14,2,3,45,365,TSUMO_FALL,89067,False,89067,87720,False,,,,CHAIN,23408,False,,29580,True,2760.883333333333,9,formula_read
2763.05,3,0,0,17,14,2,3,45,365,TSUMO_FALL,89067,False,89067,87720,False,,,,CHAIN,23408,False,,29580,True,2760.883333333333,9,formula_read
2763.0833333333335,3,0,0,17,14,2,3,45,365,TSUMO_FALL,89067,False,89067,87720,False,,,,CHAIN,23408,False,,29580,True,2760.883333333333,9,formula_read
2763.116666666667,3,0,0,17,14,2,3,45,365,TSUMO_FALL,89067,False,89067,87720,False,,,,CHAIN,23408,False,,29580,True,2760.883333333333,9,formula_read
2763.15,3,0,0,17,14,2,3,45,365,TSUMO_FALL,89067,False,89067,87720,False,,,,CHAIN,23408,False,,29580,True,2760.883333333333,9,formula_read
2763.1833333333334,3,0,0,17,14,2,3,45,365,OJAMA_FALL,89067,True,89067,87720,False,,,,CHAIN,31088,False,31088,29580,False,2760.883333333333,9,formula_read
2763.2166666666667,3,0,0,17,14,2,3,45,365,OJAMA_FALL,89067,False,89067,87720,False,,,,CHAIN,31088,False,31088,29580,False,2760.883333333333,9,formula_read
2763.25,3,0,0,17,14,2,3,45,365,OJAMA_FALL,89067,False,89067,87720,False,,,,CHAIN,31088,False,31088,29580,False,2760.883333333333,9,formula_read
2763.2833333333333,3,0,0,17,14,2,3,45,365,OJAMA_FALL,89067,False,89067,87720,False,,,,CHAIN,31088,False,31088,29580,False,2760.883333333333,9,formula_read
2763.3166666666666,3,0,0,17,14,2,3,45,365,OJAMA_FALL,89067,False,89067,87720,False,,,,CHAIN,31088,False,31088,29580,False,2760.883333333333,9,formula_read
2763.35,3,0,0,17,14,2,3,45,365,STABLE,89068,False,89068,87720,False,,,,CHAIN,31088,False,31088,29580,False,2760.883333333333,9,formula_read
2763.383333333333,3,0,0,17,14,2,3,45,365,STABLE,89069,False,89069,87720,False,,,,CHAIN,31088,False,31088,29580,False,2760.883333333333,9,formula_read
2763.4166666666665,3,0,0,17,14,2,3,45,365,TSUMO_FALL,89070,False,89070,87720,False,,,,CHAIN,31088,False,31088,29580,False,2760.883333333333,9,formula_read
2763.45,3,0,0,17,14,2,3,45,365,STABLE,89071,False,89071,87720,False,,,,CHAIN,31088,False,31088,29580,False,2760.883333333333,9,formula_read
2763.483333333333,3,0,0,17,14,2,3,45,365,STABLE,89072,False,89072,87720,False,,,,CHAIN,31088,False,31088,29580,False,2760.883333333333,9,formula_read
2763.516666666667,3,0,0,17,14,2,3,45,365,STABLE,89072,False,89072,87720,False,,,,CHAIN,31088,False,31088,29580,False,2760.883333333333,9,formula_read
2763.55,3,0,0,17,14,2,3,45,365,STABLE,89073,False,89073,87720,False,,,,CHAIN,31088,False,31088,29580,False,2760.883333333333,9,formula_read
2763.5833333333335,3,0,0,17,14,2,3,45,365,STABLE,89074,False,89074,87720,False,,,,CHAIN,31088,False,,29580,True,2760.883333333333,9,formula_read
2763.616666666667,3,0,0,17,14,2,3,45,365,STABLE,89075,False,89075,87720,False,,,,CHAIN,31088,False,,40880,True,2760.883333333333,10,formula_read
2763.65,3,0,0,17,14,2,3,45,365,STABLE,89075,False,89075,87720,False,,,,CHAIN,31088,False,,40880,True,2760.883333333333,10,formula_read
2763.6833333333334,3,0,0,17,14,2,3,45,365,STABLE,89075,False,89075,87720,False,,,,CHAIN,31088,False,,40880,True,2760.883333333333,10,formula_read
2763.7166666666667,3,0,0,17,14,2,3,45,365,STABLE,89076,False,89076,87720,False,,,,CHAIN,31088,False,,40880,True,2760.883333333333,10,formula_read
2763.75,3,0,0,17,14,2,3,45,365,STABLE,89076,False,89076,87720,False,,,,CHAIN,31088,False,,40880,True,2760.883333333333,10,formula_read
2763.7833333333333,3,0,0,17,14,2,3,45,365,STABLE,89076,False,89076,87720,False,,,,CHAIN,31088,False,,40880,True,2760.883333333333,10,formula_read
2763.8166666666666,3,0,0,17,14,2,3,45,365,TSUMO_FALL,89076,False,89076,87720,False,,,,CHAIN,31088,False,,40880,True,2760.883333333333,10,formula_read
2763.85,3,0,0,17,14,2,3,45,365,STABLE,89076,False,89076,87720,False,,,,CHAIN,31088,False,,40880,True,2760.883333333333,10,formula_read
2763.883333333333,3,0,0,17,14,2,3,45,365,STABLE,89076,False,89076,87720,False,,,,CHAIN,31088,False,,40880,True,2760.883333333333,10,formula_read
2763.9166666666665,3,0,0,17,14,2,3,45,365,STABLE,89076,False,89076,87720,False,,,,CHAIN,31088,False,,40880,True,2760.883333333333,10,formula_read
2763.95,3,0,0,17,14,2,3,45,365,STABLE,89076,True,89076,87720,False,,,,CHAIN,31088,False,,40880,True,2760.883333333333,10,formula_read
2763.983333333333,3,0,0,17,14,2,3,45,365,STABLE,89076,False,89076,87720,False,,,,CHAIN,31088,False,,40880,True,2760.883333333333,10,formula_read
2764.016666666667,3,0,0,17,14,2,3,45,365,STABLE,89076,False,89076,87720,False,,,,CHAIN,31088,False,,40880,True,2760.883333333333,10,formula_read
2764.05,3,0,0,17,14,2,3,45,365,STABLE,89076,False,89076,87720,False,,,,CHAIN,31088,False,,40880,True,2760.883333333333,10,formula_read
2764.0833333333335,3,0,0,17,14,2,3,45,365,TSUMO_FALL,89076,False,89076,87720,False,,,,CHAIN,31088,False,,40880,True,2760.883333333333,10,formula_read
2764.116666666667,3,0,0,17,14,2,3,45,365,TSUMO_FALL,89076,False,89076,87720,False,,,,CHAIN,31088,False,,40880,False,2760.883333333333,10,formula_read
2764.15,3,0,0,17,14,2,3,45,365,TSUMO_FALL,89076,False,89076,87720,False,,,,CHAIN,31088,False,,40880,False,2760.883333333333,10,formula_read
2764.1833333333334,3,0,0,17,14,2,3,45,365,STABLE,89077,False,89077,87720,False,,,,CHAIN,31088,False,,40880,False,2760.883333333333,10,formula_read
2764.2166666666667,3,0,0,17,14,2,3,45,365,STABLE,89078,False,89078,87720,False,,,,CHAIN,31088,False,,40880,False,2760.883333333333,10,formula_read
2764.25,3,0,0,17,14,2,3,45,365,STABLE,89079,False,89079,87720,False,,,,CHAIN,31088,False,,40880,False,2760.883333333333,10,formula_read
2764.2833333333333,3,0,0,17,14,2,3,45,365,STABLE,89080,False,89080,87720,False,,,,CHAIN,31088,False,,40880,False,2760.883333333333,10,formula_read
2764.3166666666666,3,0,0,17,14,2,3,45,365,STABLE,89081,False,89081,87720,False,,,,CHAIN,31088,False,,40880,False,2760.883333333333,10,formula_read
2764.35,3,0,0,17,14,2,3,45,365,STABLE,89082,False,89082,87720,False,,,,CHAIN,31088,False,,40880,False,2760.883333333333,10,formula_read
2764.383333333333,3,0,0,17,14,2,3,45,365,STABLE,89083,False,89083,87720,False,,,,CHAIN,31088,False,,40880,False,2760.883333333333,10,formula_read
2764.4166666666665,3,0,0,17,14,2,3,45,365,STABLE,89084,False,89084,87720,False,,,,CHAIN,31088,False,,40880,True,2760.883333333333,10,formula_read
2764.45,3,0,0,17,14,2,3,45,365,STABLE,89084,False,89084,87720,False,,,,CHAIN,31088,False,,40880,True,2760.883333333333,10,formula_read
2764.483333333333,3,0,0,17,14,2,3,45,365,STABLE,89085,False,89085,87720,False,,,,CHAIN,31088,False,,40880,True,2760.883333333333,10,formula_read
2764.516666666667,3,0,0,17,14,2,3,45,365,OJAMA_FALL,89085,False,89085,87720,False,,,,CHAIN,42388,False,42388,40880,False,2760.883333333333,10,formula_read
2764.55,3,0,0,17,14,2,3,45,365,OJAMA_FALL,89085,False,89085,87720,False,,,,CHAIN,42388,False,42388,40880,False,2760.883333333333,10,formula_read
2764.5833333333335,3,0,0,17,14,2,3,45,365,OJAMA_FALL,89085,False,89085,87720,False,,,,CHAIN,42388,False,42388,40880,False,2760.883333333333,10,formula_read
2764.616666666667,3,0,0,17,14,2,3,45,365,OJAMA_FALL,89085,False,89085,87720,False,,,,CHAIN,42388,False,42388,40880,False,2760.883333333333,10,formula_read
2764.65,3,0,0,17,14,2,3,45,365,OJAMA_FALL,89085,False,89085,87720,False,,,,CHAIN,42388,False,42388,40880,False,2760.883333333333,10,formula_read
2764.6833333333334,3,0,0,17,14,2,3,45,365,OJAMA_FALL,89085,False,89085,87720,False,,,,CHAIN,42388,False,42388,40880,False,2760.883333333333,10,formula_read
2764.7166666666667,3,0,0,17,14,2,3,45,365,OJAMA_FALL,89085,False,89085,87720,False,,,,CHAIN,42388,False,42388,40880,False,2760.883333333333,10,formula_read
2764.75,3,0,0,17,14,2,3,45,365,STABLE,89085,True,89085,87720,False,,,,CHAIN,42388,False,42388,40880,False,2760.883333333333,10,formula_read
2764.7833333333333,3,0,0,17,14,2,3,45,365,TSUMO_FALL,89085,False,89085,87720,False,,,,CHAIN,42388,False,42388,40880,False,2760.883333333333,10,formula_read
2764.8166666666666,3,0,0,17,14,2,3,45,365,TSUMO_FALL,89085,False,89085,87720,False,,,,CHAIN,42388,False,42388,40880,False,2760.883333333333,10,formula_read
2764.85,3,0,0,17,14,2,3,45,365,STABLE,89085,False,89085,87720,False,,,,CHAIN,42388,False,42388,40880,False,2760.883333333333,10,formula_read
2764.883333333333,3,0,0,17,14,2,3,45,365,STABLE,89086,False,89086,87720,False,,,,CHAIN,42388,False,42388,40880,False,2760.883333333333,10,formula_read
2764.9166666666665,3,0,0,17,14,2,3,45,365,TSUMO_FALL,89087,False,89087,87720,False,,,,CHAIN,42388,False,,40880,True,2760.883333333333,10,formula_read
2764.95,3,0,0,17,14,2,3,45,365,TSUMO_FALL,89088,False,89088,87720,False,,,,CHAIN,42388,False,,51120,True,2760.883333333333,11,formula_read
2764.983333333333,3,0,0,17,14,2,3,45,365,STABLE,89089,False,89089,87720,False,,,,CHAIN,42388,False,,51120,True,2760.883333333333,11,formula_read
2765.016666666667,3,0,0,17,14,2,3,45,365,STABLE,89090,False,89090,87720,False,,,,CHAIN,42388,False,,51120,True,2760.883333333333,11,formula_read
2765.05,3,0,0,17,14,2,3,45,365,STABLE,89091,False,89091,87720,False,,,,CHAIN,42388,False,,51120,True,2760.883333333333,11,formula_read
2765.0833333333335,3,0,0,17,14,2,3,45,365,STABLE,89092,False,89092,87720,False,,,,CHAIN,42388,False,,51120,True,2760.883333333333,11,formula_read
2765.116666666667,3,0,0,17,14,2,3,45,365,STABLE,89093,False,89093,87720,False,,,,CHAIN,42388,False,,51120,True,2760.883333333333,11,formula_read
2765.15,3,0,0,17,14,2,3,45,365,STABLE,89094,False,89094,87720,False,,,,CHAIN,42388,False,,51120,True,2760.883333333333,11,formula_read
2765.1833333333334,3,0,0,17,14,2,3,45,365,STABLE,89095,False,89095,87720,False,,,,CHAIN,42388,False,,51120,True,2760.883333333333,11,formula_read
2765.2166666666667,3,0,0,17,14,2,3,45,365,STABLE,89096,False,89096,87720,False,,,,CHAIN,42388,False,,51120,True,2760.883333333333,11,formula_read
2765.25,3,0,0,17,14,2,3,45,365,STABLE,89097,False,89097,87720,False,,,,CHAIN,42388,False,,51120,True,2760.883333333333,11,formula_read
2765.2833333333333,3,0,0,17,14,2,3,45,365,STABLE,89097,False,89097,87720,False,,,,CHAIN,42388,False,,51120,True,2760.883333333333,11,formula_read
2765.3166666666666,3,0,0,17,14,2,3,45,365,STABLE,89097,False,89097,87720,False,,,,CHAIN,42388,False,,51120,True,2760.883333333333,11,formula_read
2765.35,3,0,0,17,14,2,3,45,365,STABLE,89097,False,89097,87720,False,,,,CHAIN,42388,False,,51120,True,2760.883333333333,11,formula_read
2765.383333333333,3,0,0,17,14,2,3,45,365,STABLE,89097,False,89097,87720,False,,,,CHAIN,42388,False,,51120,True,2760.883333333333,11,formula_read
2765.4166666666665,3,0,0,17,14,2,3,45,365,STABLE,89097,False,89097,87720,False,,,,CHAIN,42388,False,,51120,True,2760.883333333333,11,formula_read
2765.45,3,0,0,17,14,2,3,45,365,STABLE,89097,False,89097,87720,False,,,,CHAIN,42388,False,,51120,True,2760.883333333333,11,formula_read
2765.483333333333,3,0,0,17,14,2,3,45,365,STABLE,89097,False,89097,87720,False,,,,CHAIN,42388,False,,51120,True,2760.883333333333,11,formula_read
2765.516666666667,3,0,0,17,14,2,3,45,365,STABLE,89097,False,89097,87720,False,,,,CHAIN,42388,False,,51120,True,2760.883333333333,11,formula_read
2765.55,3,0,0,17,14,2,3,45,365,STABLE,89097,True,89097,87720,False,,,,CHAIN,42388,False,,51120,True,2760.883333333333,11,formula_read
2765.5833333333335,3,0,0,17,14,2,3,45,365,STABLE,89097,False,89097,87720,False,,,,CHAIN,42388,False,,51120,True,2760.883333333333,11,formula_read
2765.616666666667,3,0,0,17,14,2,3,45,365,STABLE,89097,False,89097,87720,False,,,,CHAIN,42388,False,,51120,True,2760.883333333333,11,formula_read
2765.65,3,0,0,17,14,2,3,45,365,STABLE,89097,False,89097,87720,False,,,,CHAIN,42388,False,,51120,True,2760.883333333333,11,formula_read
2765.6833333333334,3,0,0,17,14,2,3,45,365,STABLE,89098,False,89098,87720,False,,,,CHAIN,42388,False,,51120,True,2760.883333333333,11,formula_read
2765.7166666666667,3,0,0,17,14,2,3,45,365,TSUMO_FALL,89099,False,89099,87720,False,,,,CHAIN,42388,False,,51120,True,2760.883333333333,11,formula_read
2765.75,3,0,0,17,14,2,3,45,365,TSUMO_FALL,89100,False,89100,87720,False,,,,CHAIN,42388,False,,51120,True,2760.883333333333,11,formula_read
2765.7833333333333,3,0,0,17,14,2,3,45,365,STABLE,89101,False,89101,87720,False,,,,CHAIN,42388,False,,51120,True,2760.883333333333,11,formula_read
2765.8166666666666,3,0,0,17,14,2,3,45,365,STABLE,89102,False,89102,87720,False,,,,CHAIN,42388,False,,51120,True,2760.883333333333,11,formula_read
2765.85,3,0,0,17,14,2,3,45,365,OJAMA_FALL,89103,False,89103,87720,False,,,,CHAIN,52628,False,52628,51120,False,2760.883333333333,11,formula_read
2765.883333333333,3,0,0,17,14,2,3,45,365,STABLE,89104,False,89104,87720,False,,,,CHAIN,52628,False,52628,51120,False,2760.883333333333,11,formula_read
2765.9166666666665,3,0,0,17,14,2,3,45,365,STABLE,89105,False,89105,87720,False,,,,CHAIN,52628,False,52628,51120,False,2760.883333333333,11,formula_read
2765.95,3,0,0,17,14,2,3,45,365,STABLE,89106,False,89106,87720,False,,,,CHAIN,52628,False,52628,51120,False,2760.883333333333,11,formula_read
2765.983333333333,3,0,0,17,14,2,3,45,365,STABLE,89106,False,89106,87720,False,,,,CHAIN,52628,False,52628,51120,False,2760.883333333333,11,formula_read
2766.016666666667,3,0,0,17,14,2,3,45,365,STABLE,89107,False,89107,87720,False,,,,CHAIN,52628,False,52628,51120,False,2760.883333333333,11,formula_read
2766.05,3,0,0,17,14,2,3,45,365,STABLE,89107,False,89107,87720,False,,,,CHAIN,52628,False,52628,51120,False,2760.883333333333,11,formula_read
2766.0833333333335,3,0,0,17,14,2,3,45,365,STABLE,89107,False,89107,87720,False,,,,CHAIN,52628,False,52628,51120,False,2760.883333333333,11,formula_read
2766.116666666667,3,0,0,17,14,2,3,45,365,STABLE,89107,False,89107,87720,False,,,,CHAIN,52628,False,52628,51120,False,2760.883333333333,11,formula_read
2766.15,3,0,0,17,14,2,3,45,365,STABLE,89107,False,89107,87720,False,,,,CHAIN,52628,False,52628,51120,False,2760.883333333333,11,formula_read
2766.1833333333334,3,0,0,17,14,2,3,45,365,STABLE,89107,False,89107,87720,False,,,,CHAIN,52628,False,52628,51120,False,2760.883333333333,11,formula_read
2766.2166666666667,3,0,0,17,14,2,3,45,365,STABLE,89107,False,89107,87720,False,,,,CHAIN,52628,False,52628,51120,False,2760.883333333333,11,formula_read
2766.25,3,0,0,17,14,2,3,45,365,STABLE,89107,False,89107,87720,False,,,,CHAIN,52628,False,52628,51120,False,2760.883333333333,11,formula_read
2766.2833333333333,3,0,0,17,14,2,3,45,365,STABLE,89107,True,89107,87720,False,,,,CHAIN,52628,False,,51120,True,2760.883333333333,11,formula_read
2766.3166666666666,3,0,0,17,14,2,3,45,365,STABLE,89107,False,89107,87720,False,,,,CHAIN,52628,False,,62640,True,2760.883333333333,12,formula_read
2766.35,3,0,0,17,14,2,3,45,365,STABLE,89107,False,89107,87720,False,,,,CHAIN,52628,False,,62640,True,2760.883333333333,12,formula_read
2766.383333333333,3,0,0,17,14,2,3,45,365,STABLE,89107,False,89107,87720,False,,,,CHAIN,52628,False,,62640,True,2760.883333333333,12,formula_read
2766.4166666666665,3,0,0,17,14,2,3,45,365,STABLE,89107,False,89107,87720,False,,,,CHAIN,52628,False,,62640,True,2760.883333333333,12,formula_read
2766.45,3,0,0,17,14,2,3,45,365,TSUMO_FALL,89108,False,89108,87720,False,,,,CHAIN,52628,False,,62640,True,2760.883333333333,12,formula_read
2766.483333333333,3,0,0,17,14,2,3,45,365,TSUMO_FALL,89109,False,89109,87720,False,,,,CHAIN,52628,False,,62640,True,2760.883333333333,12,formula_read
2766.516666666667,3,0,0,17,14,2,3,45,365,TSUMO_FALL,89110,False,89110,87720,False,,,,CHAIN,52628,False,,62640,True,2760.883333333333,12,formula_read
2766.55,3,0,0,17,14,2,3,45,365,STABLE,89111,False,89111,87720,False,,,,CHAIN,52628,False,,62640,True,2760.883333333333,12,formula_read
2766.5833333333335,3,0,0,17,14,2,3,45,365,STABLE,89112,False,89112,87720,False,,,,CHAIN,52628,False,,62640,True,2760.883333333333,12,formula_read
2766.616666666667,3,0,0,17,14,2,3,45,365,STABLE,89113,False,89113,87720,False,,,,CHAIN,52628,False,,62640,True,2760.883333333333,12,formula_read
2766.65,3,0,0,17,14,2,3,45,365,STABLE,89114,False,89114,87720,False,,,,CHAIN,52628,False,,62640,True,2760.883333333333,12,formula_read
2766.6833333333334,3,0,0,17,14,2,3,45,365,STABLE,89115,False,89115,87720,False,,,,CHAIN,52628,False,,62640,True,2760.883333333333,12,formula_read
2766.7166666666667,3,0,0,17,14,2,3,45,365,STABLE,89116,False,89116,87720,False,,,,CHAIN,52628,False,,62640,True,2760.883333333333,12,formula_read
2766.75,3,0,0,17,14,2,3,45,365,TSUMO_FALL,89117,False,89117,87720,False,,,,CHAIN,52628,False,,62640,True,2760.883333333333,12,formula_read
2766.7833333333333,3,0,0,17,14,2,3,45,365,STABLE,89118,False,89118,87720,False,,,,CHAIN,52628,False,,62640,True,2760.883333333333,12,formula_read
2766.8166666666666,3,0,0,17,14,2,3,45,365,STABLE,89120,False,89120,87720,False,,,,CHAIN,52628,False,,62640,True,2760.883333333333,12,formula_read
2766.85,3,0,0,17,14,2,3,45,365,STABLE,89120,False,89120,87720,False,,,,CHAIN,52628,False,,62640,True,2760.883333333333,12,formula_read
2766.883333333333,3,0,0,17,14,2,3,45,365,STABLE,89120,False,89120,87720,False,,,,CHAIN,52628,False,,62640,True,2760.883333333333,12,formula_read
2766.9166666666665,3,0,0,17,14,2,3,45,365,STABLE,89120,False,89120,87720,False,,,,CHAIN,52628,False,,62640,True,2760.883333333333,12,formula_read
2766.95,3,0,0,17,14,2,3,45,365,STABLE,89120,False,89120,87720,False,,,,CHAIN,52628,False,,62640,True,2760.883333333333,12,formula_read
2766.983333333333,3,0,0,17,14,2,3,45,365,STABLE,89120,False,89120,87720,False,,,,CHAIN,52628,False,,62640,True,2760.883333333333,12,formula_read
2767.016666666667,3,0,0,17,14,2,3,45,365,STABLE,89120,False,89120,87720,False,,,,CHAIN,52628,False,,62640,True,2760.883333333333,12,formula_read
2767.05,3,0,0,17,14,2,3,45,365,STABLE,89120,False,89120,87720,False,,,,CHAIN,52628,False,,62640,True,2760.883333333333,12,formula_read
2767.0833333333335,3,0,0,17,14,2,3,45,365,STABLE,89120,False,89120,87720,False,,,,CHAIN,52628,False,,62640,True,2760.883333333333,12,formula_read
2767.116666666667,3,0,0,17,14,2,3,45,365,STABLE,89120,False,89120,87720,False,,,,CHAIN,52628,False,,62640,True,2760.883333333333,12,formula_read
2767.15,3,0,0,17,14,2,3,45,365,STABLE,89120,True,89120,87720,False,,,,CHAIN,52628,False,,62640,True,2760.883333333333,12,formula_read
2767.1833333333334,3,0,0,17,14,2,3,45,365,STABLE,89120,False,89120,87720,False,,,,CHAIN,52628,False,,62640,True,2760.883333333333,12,formula_read
2767.2166666666667,3,0,0,17,14,2,3,45,365,OJAMA_FALL,89120,False,89120,87720,False,,,,CHAIN,64148,False,64148,62640,False,2760.883333333333,12,formula_read
2767.25,3,0,0,17,14,2,3,45,365,OJAMA_FALL,89120,False,89120,87720,False,,,,CHAIN,64148,False,64148,62640,False,2760.883333333333,12,formula_read
2767.2833333333333,3,0,0,17,14,2,3,45,365,OJAMA_FALL,89120,False,89120,87720,False,,,,CHAIN,64148,False,64148,62640,False,2760.883333333333,12,formula_read
2767.3166666666666,3,0,0,17,14,2,3,45,365,OJAMA_FALL,89120,False,89120,87720,False,,,,CHAIN,64148,False,64148,62640,False,2760.883333333333,12,formula_read
2767.35,3,0,0,17,14,2,3,45,365,STABLE,89121,False,89121,87720,False,,,,CHAIN,64148,False,64148,62640,False,2760.883333333333,12,formula_read
2767.383333333333,3,0,0,17,14,2,3,45,365,STABLE,89122,False,89122,87720,False,,,,CHAIN,64148,False,64148,62640,False,2760.883333333333,12,formula_read
2767.4166666666665,3,0,0,17,14,2,3,45,365,TSUMO_FALL,89123,False,89123,87720,False,,,,CHAIN,64148,False,64148,62640,False,2760.883333333333,12,formula_read
2767.45,3,0,0,17,14,2,3,45,365,TSUMO_FALL,89124,False,89124,87720,False,,,,CHAIN,64148,False,64148,62640,False,2760.883333333333,12,formula_read
2767.483333333333,3,0,0,17,14,2,3,45,365,TSUMO_FALL,89125,False,89125,87720,False,,,,CHAIN,64148,False,64148,62640,False,2760.883333333333,12,formula_read
2767.516666666667,3,0,0,17,14,2,3,45,365,STABLE,89126,False,89126,87720,False,,,,CHAIN,64148,False,64148,62640,False,2760.883333333333,12,formula_read
2767.55,3,0,0,17,14,2,3,45,365,STABLE,89127,False,89127,87720,False,,,,CHAIN,64148,False,64148,62640,False,2760.883333333333,12,formula_read
2767.5833333333335,3,0,0,17,14,2,3,45,365,STABLE,89127,False,89127,87720,False,,,,CHAIN,64148,False,64148,62640,False,2760.883333333333,12,formula_read
2767.616666666667,3,0,0,17,14,2,3,45,365,STABLE,89127,False,89127,87720,False,,,,CHAIN,64148,False,64148,62640,False,2760.883333333333,12,formula_read
2767.65,3,0,0,17,14,2,3,45,365,STABLE,89127,False,89127,87720,False,,,,CHAIN,64148,False,,62640,True,2760.883333333333,12,formula_read
2767.6833333333334,3,0,0,17,14,2,3,45,365,STABLE,89127,False,89127,87720,False,,,,CHAIN,64148,False,,75440,True,2760.883333333333,13,formula_read
2767.7166666666667,3,0,0,17,14,2,3,45,365,STABLE,89127,False,89127,87720,False,,,,CHAIN,64148,False,,75440,True,2760.883333333333,13,formula_read
2767.75,3,0,0,17,14,2,3,45,365,STABLE,89127,False,89127,87720,False,,,,CHAIN,64148,False,,75440,True,2760.883333333333,13,formula_read
2767.7833333333333,3,0,0,17,14,2,3,45,365,STABLE,89127,False,89127,87720,False,,,,CHAIN,64148,False,,75440,True,2760.883333333333,13,formula_read
2767.8166666666666,3,0,0,17,14,2,3,45,365,STABLE,89127,False,89127,87720,False,,,,CHAIN,64148,False,,75440,True,2760.883333333333,13,formula_read
2767.85,3,0,0,17,14,2,3,45,365,STABLE,89127,True,89127,87720,False,,,,CHAIN,64148,False,,75440,True,2760.883333333333,13,formula_read
2767.883333333333,3,0,0,17,14,2,3,45,365,STABLE,89127,False,89127,87720,False,,,,CHAIN,64148,False,,75440,True,2760.883333333333,13,formula_read
2767.9166666666665,3,0,0,17,14,2,3,45,365,STABLE,89127,False,89127,87720,False,,,,CHAIN,64148,False,,75440,True,2760.883333333333,13,formula_read
2767.95,3,0,0,17,14,2,3,45,365,STABLE,89127,False,89127,87720,False,,,,CHAIN,64148,False,,75440,True,2760.883333333333,13,formula_read
2767.983333333333,3,0,0,17,14,2,3,45,365,STABLE,89127,False,89127,87720,False,,,,CHAIN,64148,False,,75440,True,2760.883333333333,13,formula_read
2768.016666666667,3,0,0,17,14,2,3,45,365,TSUMO_FALL,89128,False,89128,87720,False,,,,CHAIN,64148,False,,75440,True,2760.883333333333,13,formula_read
2768.05,3,0,0,17,14,2,3,45,365,STABLE,89129,False,89129,87720,False,,,,CHAIN,64148,False,,75440,True,2760.883333333333,13,formula_read
2768.0833333333335,3,0,0,17,14,2,3,45,365,STABLE,89130,False,89130,87720,False,,,,CHAIN,64148,False,,75440,True,2760.883333333333,13,formula_read
2768.116666666667,3,0,0,17,14,2,3,45,365,STABLE,89131,False,89131,87720,False,,,,CHAIN,64148,False,,75440,True,2760.883333333333,13,formula_read
2768.15,3,0,0,17,14,2,3,45,365,STABLE,89132,False,89132,87720,False,,,,CHAIN,64148,False,,75440,True,2760.883333333333,13,formula_read
2768.1833333333334,3,0,0,17,14,2,3,45,365,STABLE,89133,False,89133,87720,False,,,,CHAIN,64148,False,,75440,True,2760.883333333333,13,formula_read
2768.2166666666667,3,0,0,17,14,2,3,45,365,STABLE,89134,False,89134,87720,False,,,,CHAIN,64148,False,,75440,True,2760.883333333333,13,formula_read
2768.25,3,0,0,17,14,2,3,45,365,TSUMO_FALL,89135,False,89135,87720,False,,,,CHAIN,64148,False,,75440,True,2760.883333333333,13,formula_read
2768.2833333333333,3,0,0,17,14,2,3,45,365,TSUMO_FALL,89136,False,89136,87720,False,,,,CHAIN,64148,False,,75440,True,2760.883333333333,13,formula_read
2768.3166666666666,3,0,0,17,14,2,3,45,365,TSUMO_FALL,89137,False,89137,87720,False,,,,CHAIN,64148,False,,75440,True,2760.883333333333,13,formula_read
2768.35,3,0,0,17,14,2,3,45,365,STABLE,89137,False,89137,87720,False,,,,CHAIN,64148,False,,75440,True,2760.883333333333,13,formula_read
2768.383333333333,3,0,0,17,14,2,3,45,365,STABLE,89137,False,89137,87720,False,,,,CHAIN,64148,False,,75440,True,2760.883333333333,13,formula_read
2768.4166666666665,3,0,0,17,14,2,3,45,365,STABLE,89138,False,89138,87720,False,,,,CHAIN,64148,False,,75440,True,2760.883333333333,13,formula_read
2768.45,3,0,0,17,14,2,3,45,365,STABLE,89138,False,89138,87720,False,,,,CHAIN,64148,False,,75440,True,2760.883333333333,13,formula_read
2768.483333333333,3,0,0,17,14,2,3,45,365,STABLE,89138,False,89138,87720,False,,,,CHAIN,64148,False,,75440,True,2760.883333333333,13,formula_read
2768.516666666667,3,0,0,17,14,2,3,45,365,STABLE,89138,False,89138,87720,False,,,,CHAIN,64148,False,,75440,True,2760.883333333333,13,formula_read
2768.55,3,0,0,17,14,2,3,45,365,STABLE,89138,False,89138,87720,False,,,,CHAIN,64148,False,,75440,True,2760.883333333333,13,formula_read
2768.5833333333335,3,0,0,17,14,2,3,45,365,OJAMA_FALL,89138,False,89138,87720,False,,,,CHAIN,76948,False,76948,75440,False,2760.883333333333,13,formula_read
2768.616666666667,3,0,0,17,14,2,3,45,365,OJAMA_FALL,89138,False,89138,87720,False,,,,CHAIN,76948,False,76948,75440,False,2760.883333333333,13,formula_read
2768.65,3,0,0,17,14,2,3,45,365,STABLE,89138,True,89138,87720,False,,,,CHAIN,76948,False,76948,75440,False,2760.883333333333,13,formula_read
2768.6833333333334,3,0,0,17,14,2,3,45,365,STABLE,89138,False,89138,87720,False,,,,CHAIN,76948,False,76948,75440,False,2760.883333333333,13,formula_read
2768.7166666666667,3,0,0,17,14,2,3,45,365,STABLE,89138,False,89138,87720,False,,,,CHAIN,76948,False,76948,75440,False,2760.883333333333,13,formula_read
2768.75,3,0,0,17,14,2,3,45,365,STABLE,89138,False,89138,87720,False,,,,CHAIN,76948,False,76948,75440,False,2760.883333333333,13,formula_read
2768.7833333333333,3,0,0,17,14,2,3,45,365,STABLE,89139,False,89139,87720,False,,,,CHAIN,76948,False,76948,75440,False,2760.883333333333,13,formula_read
2768.8166666666666,3,0,0,17,14,2,3,45,365,TSUMO_FALL,89139,False,89139,87720,False,,,,CHAIN,76948,False,76948,75440,False,2760.883333333333,13,formula_read
2768.85,3,0,0,17,14,2,3,45,365,TSUMO_FALL,89140,False,89140,87720,False,,,,CHAIN,76948,False,76948,75440,False,2760.883333333333,13,formula_read
2768.883333333333,3,0,0,17,14,2,3,45,365,STABLE,89141,False,89141,87720,False,,,,CHAIN,76948,False,76948,75440,False,2760.883333333333,13,formula_read
2768.9166666666665,3,0,0,17,14,2,3,45,365,STABLE,89142,False,89142,87720,False,,,,CHAIN,76948,False,76948,75440,False,2760.883333333333,13,formula_read
2768.95,3,0,0,17,14,2,3,45,365,STABLE,89143,False,89143,87720,False,,,,CHAIN,76948,False,76948,75440,False,2760.883333333333,13,formula_read
2768.983333333333,3,0,0,17,14,2,3,45,365,STABLE,89144,False,89144,87720,False,,,,CHAIN,76948,False,76948,75440,False,2760.883333333333,13,formula_read
2769.016666666667,3,0,0,17,14,2,3,45,365,STABLE,89145,False,89145,87720,False,,,,CHAIN,76948,False,76948,75440,False,2760.883333333333,13,formula_read
2769.05,3,0,0,17,14,2,3,45,365,STABLE,89146,False,89146,87720,False,,,,CHAIN,76948,False,76948,75440,False,2760.883333333333,13,formula_read
2769.0833333333335,3,0,0,17,14,2,3,45,365,STABLE,89148,False,89148,87720,False,,,,CHAIN,76948,False,76948,75440,False,2760.883333333333,13,formula_read
2769.116666666667,3,0,0,17,14,2,3,45,365,STABLE,89148,False,89148,87720,False,,,,CHAIN,76948,False,76948,75440,False,2760.883333333333,13,formula_read
2769.15,3,0,0,17,14,2,3,45,365,STABLE,89148,False,89148,87720,False,,,,CHAIN,76948,False,76948,75440,False,2760.883333333333,13,formula_read
2769.1833333333334,3,0,0,17,14,2,3,45,365,STABLE,89148,False,89148,87720,False,,,,CHAIN,76948,False,76948,75440,False,2760.883333333333,13,formula_read
2769.2166666666667,3,0,0,17,14,2,3,45,365,STABLE,89148,False,89148,87720,False,,,,CHAIN,76948,False,76948,75440,False,2760.883333333333,13,formula_read
2769.25,3,0,0,17,14,2,3,45,365,STABLE,89148,False,89148,87720,False,,,,CHAIN,76948,False,76948,75440,False,2760.883333333333,13,formula_read
2769.2833333333333,3,0,0,17,14,2,3,45,365,STABLE,89148,False,89148,87720,False,,,,CHAIN,76948,False,76948,75440,False,2760.883333333333,13,formula_read
2769.3166666666666,3,0,0,17,14,2,3,45,365,STABLE,89148,False,89148,87720,False,,,,CHAIN,76948,False,76948,75440,False,2760.883333333333,13,formula_read
2769.35,3,0,0,17,14,2,3,45,365,STABLE,89148,False,89148,87720,False,,,,CHAIN,76948,False,76948,75440,False,2760.883333333333,13,formula_read
2769.383333333333,3,0,0,17,14,2,3,45,365,STABLE,89148,False,89148,87720,False,,,,CHAIN,76948,False,76948,75440,False,2760.883333333333,13,formula_read
2769.4166666666665,3,0,0,17,14,2,3,45,365,STABLE,89148,False,89148,87720,False,,,,CHAIN,76948,False,76948,75440,False,2760.883333333333,13,formula_read
2769.45,3,0,0,17,14,2,3,45,365,STABLE,89148,False,89148,87720,False,,,,CHAIN,76948,False,76948,75440,False,2760.883333333333,13,formula_read
2769.483333333333,3,0,0,17,14,2,3,45,365,STABLE,89148,False,89148,87720,False,,,,CHAIN,76948,False,76948,75440,False,2760.883333333333,13,formula_read
2769.516666666667,3,0,0,17,14,2,3,45,365,STABLE,89148,False,89148,87720,False,,,,CHAIN,76948,False,76948,75440,False,2760.883333333333,13,formula_read
2769.55,3,0,0,17,14,2,3,45,365,STABLE,89148,False,89148,87720,False,,,,CHAIN,76948,False,76948,75440,False,2760.883333333333,13,formula_read
2769.5833333333335,3,0,0,17,14,2,3,45,365,STABLE,89148,False,89148,87720,False,,,,CHAIN,76948,False,76948,75440,False,2760.883333333333,13,formula_read
2769.616666666667,3,0,0,17,14,2,3,45,365,STABLE,89148,False,89148,87720,False,,,,CHAIN,76948,False,76948,75440,False,2760.883333333333,13,formula_read
2769.65,3,0,0,17,14,2,3,45,365,STABLE,89148,False,89148,87720,False,,,,CHAIN,76948,False,76948,75440,False,2760.883333333333,13,formula_read
2769.6833333333334,3,0,0,17,14,2,3,45,365,STABLE,89148,False,89148,87720,False,,,,CHAIN,76948,False,76948,75440,False,2760.883333333333,13,formula_read
2769.7166666666667,3,72,0,17,14,3,3,87823,365,STABLE,89148,True,89148,87720,False,,,,CHAIN,76948,False,76948,75440,False,2760.883333333333,13,formula_read
2769.75,3,72,0,17,14,3,3,87823,365,STABLE,89148,False,89148,87720,False,,,,CHAIN,76948,False,76948,75440,False,2760.883333333333,13,formula_read
2769.7833333333333,3,72,0,17,14,3,3,87823,365,STABLE,89148,False,89148,87720,False,,,,CHAIN,76948,False,76948,75440,False,2760.883333333333,13,formula_read
2769.8166666666666,3,72,0,17,14,3,3,87823,365,STABLE,89148,False,89148,87720,False,,,,CHAIN,76948,False,76948,75440,False,2760.883333333333,13,formula_read
2769.85,3,72,0,17,14,3,3,87823,365,STABLE,89148,False,89148,87720,False,,,,CHAIN,76948,False,76948,75440,False,2760.883333333333,13,formula_read
2769.883333333333,3,72,0,17,14,3,3,87823,365,TSUMO_FALL,89148,False,89148,87720,False,,,,CHAIN,76948,False,76948,75440,False,2760.883333333333,13,formula_read
2769.9166666666665,3,72,0,17,14,3,3,87823,365,TSUMO_FALL,89149,False,89149,87720,False,,,,CHAIN,76948,False,76948,75440,False,2760.883333333333,13,formula_read
2769.95,3,72,0,17,14,3,3,87823,365,STABLE,89150,False,89150,87720,False,,,,CHAIN,76948,False,76948,75440,False,2760.883333333333,13,formula_read
2769.983333333333,3,72,0,17,14,3,3,87823,365,STABLE,89151,False,89151,87720,False,,,,CHAIN,76948,False,76948,75440,False,2760.883333333333,13,formula_read
2770.016666666667,3,72,0,17,14,3,3,87823,365,STABLE,89152,False,89152,87720,False,,,,CHAIN,76948,False,76948,75440,False,2760.883333333333,13,formula_read
2770.05,3,72,0,17,14,3,3,87823,365,TSUMO_FALL,89153,False,89153,87720,False,,,,CHAIN,76948,False,76948,75440,False,2760.883333333333,13,formula_read
2770.0833333333335,3,72,0,17,14,3,3,87823,365,TSUMO_FALL,89154,False,89154,87720,False,,,,CHAIN,76948,False,76948,75440,False,2760.883333333333,13,formula_read
2770.116666666667,3,72,0,17,14,3,3,87823,365,TSUMO_FALL,89156,False,89156,87720,False,,,,CHAIN,76948,False,76948,75440,False,2760.883333333333,13,formula_read
2770.15,3,72,0,17,14,3,3,87823,365,TSUMO_FALL,89156,False,89156,87720,False,,,,GRAVITY_SETTLE,76948,True,76948,75440,False,,,
2770.1833333333334,3,72,0,17,14,3,3,87823,365,TSUMO_FALL,89156,False,89156,87720,False,,,,STABLE,76948,False,76948,75440,False,,,
2770.2166666666667,3,72,0,17,14,3,3,87823,365,TSUMO_FALL,89156,False,89156,87720,False,,,,STABLE,76948,False,76948,75440,False,2770.1833333333334,8,baseline
2770.25,3,72,0,17,14,3,3,87823,365,TSUMO_FALL,89156,False,89156,87720,False,,,,OJAMA_FALL,76948,False,76948,75440,False,2770.1833333333334,8,baseline
2770.2833333333333,3,72,0,17,14,3,3,87823,365,TSUMO_FALL,89156,False,89156,87720,False,,,,OJAMA_FALL,76948,False,76948,75440,False,2770.1833333333334,8,baseline
2770.3166666666666,3,72,0,17,14,3,3,87823,365,TSUMO_FALL,89156,False,89156,87720,False,,,,OJAMA_FALL,76948,False,76948,75440,False,2770.1833333333334,8,baseline
2770.35,3,72,0,17,14,3,3,87823,365,TSUMO_FALL,89156,False,89156,87720,False,,,,STABLE,76948,True,76948,75440,False,,,
2770.383333333333,3,72,0,17,14,3,3,87823,365,TSUMO_FALL,89156,False,89156,87720,False,,,,STABLE,76948,False,76948,75440,False,,,
2770.4166666666665,3,72,0,17,14,3,3,87823,365,TSUMO_FALL,89156,True,89156,87720,False,,,,STABLE,76948,False,76948,75440,False,,,
2770.45,3,72,0,17,14,3,3,87823,365,TSUMO_FALL,89156,False,89156,87720,False,,,,STABLE,76948,False,76948,75440,False,,,
2770.483333333333,3,72,0,17,14,3,3,87823,365,TSUMO_FALL,89156,False,89156,87720,False,,,,STABLE,76948,False,76948,75440,False,,,
2770.516666666667,3,72,0,17,14,3,3,87823,365,TSUMO_FALL,89156,False,89156,87720,False,,,,STABLE,76948,False,76948,75440,False,,,
2770.55,3,72,0,17,14,3,3,87823,365,TSUMO_FALL,89156,False,89156,87720,False,,,,STABLE,76948,False,76948,75440,False,,,
2770.5833333333335,3,72,0,17,14,3,3,87823,365,STABLE,89157,False,89157,87720,False,,,,STABLE,76948,True,76948,75440,False,,,
2770.616666666667,3,72,0,17,14,3,3,87823,365,STABLE,89158,False,89158,87720,False,,,,STABLE,76948,False,76948,75440,False,,,
2770.65,3,72,0,17,14,3,3,87823,365,TSUMO_FALL,89159,False,89159,87720,False,,,,STABLE,76948,False,76948,75440,False,,,
2770.6833333333334,3,72,0,17,14,3,3,87823,365,TSUMO_FALL,89160,False,89160,87720,False,,,,STABLE,76948,False,76948,75440,False,,,
2770.7166666666667,3,72,0,17,14,3,3,87823,365,TSUMO_FALL,89161,False,89161,87720,False,,,,STABLE,76948,False,76948,75440,False,,,
2770.75,3,72,0,17,14,3,3,87823,365,TSUMO_FALL,89162,False,89162,87720,False,,,,STABLE,76948,False,76948,75440,False,,,
2770.7833333333333,3,72,0,17,14,3,3,87823,365,TSUMO_FALL,89163,False,89163,87720,False,,,,STABLE,76948,False,76948,75440,False,,,
2770.8166666666666,3,-72,216,17,14,3,4,87823,75440,TSUMO_FALL,89164,False,89164,87720,False,,,,STABLE,76948,False,76948,75440,False,,,
2770.85,3,-72,186,47,14,3,4,87823,75440,STABLE,89164,False,89164,87720,False,,,,STABLE,76948,False,76948,75440,False,,,
2770.883333333333,3,-72,186,47,14,3,4,87823,75440,STABLE,89164,False,89164,87720,False,,,,STABLE,76948,False,76948,75440,False,,,
2770.9166666666665,3,-72,186,47,14,3,4,87823,75440,STABLE,89164,False,89164,87720,False,,,,STABLE,76950,False,76950,75440,False,,,
2770.95,3,-72,186,47,14,3,4,87823,75440,STABLE,89164,False,89164,87720,False,,,,STABLE,76950,False,76950,75440,False,,,
2770.983333333333,3,-72,186,47,14,3,4,87823,75440,STABLE,89164,False,89164,87720,False,,,,STABLE,76951,False,76951,75440,False,,,
