video_c96	KmRmSHe7DPg	【第2回新おいうリーグS級リーグ最終戦】「delta vs のらすけ」「live vs ちゃるめらー」「ともくん vs ゆうき」30先 #ぷよぷよ #ぷよぷよeスポーツ #おいうリーグ
video_c97	qQPN_WH0rsE	【S級リーグ】ともくん vs delta 30先(解説：ヨダソウマ)【第2回新おいうリーグ】#ぷよぷよ #ぷよぷよeスポーツ #おいうリーグ
video_c98	11yd57NnD3k	【S級リーグ】ちゃるめらー vs ゆうき 30先(解説：ALF)【第2回新おいうリーグ】#ぷよぷよ #ぷよぷよeスポーツ #おいうリーグ
video_c99	AUkdmRo3cA4	【S級リーグ】のらすけ vs live 30先(解説：fron)【第2回新おいうリーグ】#ぷよぷよ #ぷよぷよeスポーツ #おいうリーグ
video_c100	cwj247CtYtw	【S級リーグ】ともくん vs のらすけ 30先(解説：sym)【第2回新おいうリーグ】#ぷよぷよ #ぷよぷよeスポーツ #おいうリーグ
video_c101	04hTIbmuhl0	【S級リーグ】delta vs live 30先(解説：クサノアニマル)【第2回新おいうリーグ】#ぷよぷよ #ぷよぷよeスポーツ #おいうリーグ
video_c102	oFra5QBFxUU	【S級リーグ】ともくん vs live 30先(実況：もこう、解説：Tom)【第2回新おいうリーグ】#ぷよぷよ #ぷよぷよeスポーツ #おいうリーグ
video_c103	MA2Xq6smpbY	【S級リーグ】のらすけ vs ちゃるめらー 30先(解説：fron)【第2回新おいうリーグ】#ぷよぷよ #ぷよぷよeスポーツ #おいうリーグ
video_c104	-w9ziMGve40	【S級リーグ】delta vs ちゃるめらー 30先(解説：ALF)【第2回新おいうリーグ】#ぷよぷよ #ぷよぷよeスポーツ #おいうリーグ
video_c105	hJezrrCbkDg	【S級リーグ】のらすけ vs ゆうき 30先(解説：sym)【第2回新おいうリーグ】#ぷよぷよ #ぷよぷよeスポーツ #おいうリーグ
video_c106	ABm5FumO_vQ	【S級リーグ】live vs ゆうき 30先(解説：クサノアニマル)【第2回新おいうリーグ】#ぷよぷよ #ぷよぷよeスポーツ #おいうリーグ
video_c107	DAGNxVGFsE4	【S級リーグ】ともくん vs ちゃるめらー 30先(解説：ヨダソウマ)【第2回新おいうリーグ】#ぷよぷよ #ぷよぷよeスポーツ #おいうリーグ
video_c108	F5UyYct4veI	【S級リーグ】delta vs ゆうき 30先(解説：sym)【第2回新おいうリーグ】#ぷよぷよ #ぷよぷよeスポーツ #おいうリーグ
video_c109	OUkub5_6Zts	【S級リーグ】最終戦特別オフライン開催「やまだ vs のらすけ」「ともくん vs delta」30先【新おいうリーグ】#ぷよぷよ #ぷよぷよeスポーツ
video_c110	zB8d1FuCStU	【修正版】【S級リーグ】のらすけ vs ともくん 30先(解説：ALF)【新おいうリーグ】#ぷよぷよ #ぷよぷよeスポーツ
video_c111	d1i38E4gE1s	【S級リーグ】delta vs やまだ 30先(解説：ヨダソウマ)【新おいうリーグ】#ぷよぷよ #ぷよぷよeスポーツ
video_c112	iZZyNGtJ3G8	【S級リーグ】のらすけ vs ともくん 30先(解説：ALF)【新おいうリーグ】#ぷよぷよ #ぷよぷよeスポーツ
video_c113	kOWy50IddfI	【S級リーグ】delta vs のらすけ 30先(解説：sym)【新おいうリーグ】#ぷよぷよ #ぷよぷよeスポーツ
video_c114	scbjMU8m7QA	【S級リーグ】やまだ vs ともくん 30先(解説：ヨダソウマ)【新おいうリーグ】#ぷよぷよ #ぷよぷよeスポーツ
video_c115	QzVwMcD2U3k	【A級・6ブロック】なしー vs べーこん 30先(解説：スラさん)【第3回新おいうリーグ】#ぷよぷよ #ぷよぷよeスポーツ
video_c116	KmuHx9_EFm0	【A級・1ブロック】にくじゃが vs ペペペマン 30先(解説：MASA)【第3回新おいうリーグ】#ぷよぷよ #ぷよぷよeスポーツ
video_c117	7pYaBQjlyCU	【A級・9ブロック】Neese vs PRR 30先(解説：やまだ)【第3回新おいうリーグ】#ぷよぷよ #ぷよぷよeスポーツ
video_c118	gBLtkwkPQxU	【A級・6ブロック】なしー vs にゃんきち 30先(解説：やまだ)【第3回新おいうリーグ】#ぷよぷよ #ぷよぷよeスポーツ
video_c119	8PpIsMkQEAg	【A級・8ブロック】しの vs るた 30先(解説：やまだ)【第3回新おいうリーグ】#ぷよぷよ #ぷよぷよeスポーツ
video_c120	p7Yd9r4RUUA	【A級・8ブロック】とりいぬ vs るた 30先(解説：やまだ)【第3回新おいうリーグ】#ぷよぷよ #ぷよぷよeスポーツ
video_c121	1707CzKmXPg	【A級・5ブロック】light vs ひまこ 30先(解説：みる)【第3回新おいうリーグ】#ぷよぷよ #ぷよぷよeスポーツ
video_c122	kfIfWQZksNk	【A級・6ブロック】クラウド vs にゃんきち 30先(解説：MASA)【第3回新おいうリーグ】#ぷよぷよ #ぷよぷよeスポーツ
video_c123	TkvXHB-Bqcw	【A級・1ブロック】いつき vs ぺぺぺマン 30先(解説：クサノアニマル)【第3回新おいうリーグ】#ぷよぷよ #ぷよぷよeスポーツ
video_c124	-_bVIlk0nVw	【A級・9ブロック】PRR vs ゆうりん 30先(解説：クサノアニマル)【第3回新おいうリーグ】#ぷよぷよ #ぷよぷよeスポーツ
video_c125	9uLeoQeZ73s	【A級・6ブロック】MGR vs にゃんきち 30先(解説：クサノアニマル)【第3回新おいうリーグ】#ぷよぷよ #ぷよぷよeスポーツ
video_c126	-J6inVQlV8k	【A級・1ブロック】いつき vs にくじゃが 30先(解説：クサノアニマル)【第3回新おいうリーグ】#ぷよぷよ #ぷよぷよeスポーツ
video_c127	-yJuHp62gT8	【A級・4ブロック】タイタン vs れれ 30先(解説：SAKI)【第3回新おいうリーグ】#ぷよぷよ #ぷよぷよeスポーツ
video_c128	XPGPLXyKoak	【A級・4ブロック】MATTYAN vs きーくん 30先(解説：ぴぽにあ)【第3回新おいうリーグ】#ぷよぷよ #ぷよぷよeスポーツ
video_c129	SHUxfLEUngg	【A級・5ブロック】DIO vs light 30先(解説：MASA)【第3回新おいうリーグ】#ぷよぷよ #ぷよぷよeスポーツ
video_c130	OjGK19LpVs0	【A級・2ブロック】ふくいん vs ゆうりん 30先(解説：なしー)【第2回新おいうリーグ】#ぷよぷよ #ぷよぷよeスポーツ
video_c131	MjmYdYM5QIU	【A級・1ブロック】coo vs なしー 30先(解説：MASA)【第2回新おいうリーグ】#ぷよぷよ #ぷよぷよeスポーツ
video_c132	_qJod5PzH3s	【A級・3ブロック】とりぱん vs ぶーけ 30先(解説：椎野)【第2回新おいうリーグ】#ぷよぷよ #ぷよぷよeスポーツ
video_c133	jVsu05HNgFo	【A級・7ブロック】teva vs ユニ 30先(解説：ライカ)【第2回新おいうリーグ】#ぷよぷよ #ぷよぷよeスポーツ
video_c134	6ViO4xH70gQ	【A級・9ブロック】えぬむら vs akinari 30先(解説：クサノアニマル)【第2回新おいうリーグ】#ぷよぷよ #ぷよぷよeスポーツ
video_c135	DWllSSML7YY	【A級・9ブロック】なおこれ vs akinari  30先(解説：DIO)【第2回新おいうリーグ】#ぷよぷよ #ぷよぷよeスポーツ
video_c136	hqpoHjN4Lx0	【A級・9ブロック】いさな vs もんぬ 30先(解説：クサノアニマル)【第2回新おいうリーグ】#ぷよぷよ #ぷよぷよeスポーツ
video_c137	56l3ooNJfs8	【A級・3ブロック】ぶーけ vs れたす 30先(解説：なしー)【第2回新おいうリーグ】#ぷよぷよ #ぷよぷよeスポーツ
video_c138	Z-VMWHmxeao	【A級・6ブロック】スラさん vs にゃんきち 30先(解説：MASA)【第2回新おいうリーグ】#ぷよぷよ #ぷよぷよeスポーツ
video_c139	Dgla5UVL1DY	【A級・4ブロック】RIC vs ねも 30先(解説：reoru)【第2回新おいうリーグ】#ぷよぷよ #ぷよぷよeスポーツ
video_c140	Be0HyETJ47w	【A級・8ブロック】light vs MATTYAN 30先(解説：なしー)【第2回新おいうリーグ】#ぷよぷよ #ぷよぷよeスポーツ
video_c141	R7vU1wQ4BxI	【A級・6ブロック】No_name vs るた 30先(解説：なしー)【第2回新おいうリーグ】#ぷよぷよ #ぷよぷよeスポーツ
video_c142	7J1VkyPLsi8	【A級・9ブロック】えぬむら vs もんぬ 30先(解説：MASA)【第2回新おいうリーグ】#ぷよぷよ #ぷよぷよeスポーツ
video_c143	Lz1nXzQh9pc	【A級・2ブロック】ferro vs ゆうりん 30先(解説：スラさん)【第2回新おいうリーグ】#ぷよぷよ #ぷよぷよeスポーツ
video_c144	mlXw2lyptuE	【A級・8ブロック】light vs Neese 30先(解説：reoru)【第2回新おいうリーグ】#ぷよぷよ #ぷよぷよeスポーツ
