video_idx	playlist	playlist_idx	video_id	duration	title
29	plC	1	xX4qC3im26w	3305	【マスター・3ブロック】SAKI vs あん 30先(解説：やまたけプロ)【第2回新おいうリーグ】#ぷよぷよ #ぷよぷよeスポーツ
30	plC	2	HtCsJm9uwyA	3157	【マスター・3ブロック】light vs あん 30先(解説：クサノアニマル)【第2回新おいうリーグ】#ぷよぷよ #ぷよぷよeスポーツ
31	plC	3	YgYh8sXFHFE	3298	【マスター・1ブロック】まじぇす vs レイン 30先(解説：reoru)【第2回新おいうリーグ】#ぷよぷよ #ぷよぷよeスポーツ
32	plC	4	fhlUO3xhvr4	3528	【マスター・2ブロック】いさな vs TS 30先(解説：reoru)【第2回新おいうリーグ】#ぷよぷよ #ぷよぷよeスポーツ
33	plC	5	IohzpJf4qD0	3374	【マスター・4ブロック】hov vs むー 30先(解説：スラさん)【第2回新おいうリーグ】#ぷよぷよ #ぷよぷよeスポーツ
34	plC	6	Du64HhfN6iI	2632	【マスター・3ブロック】SAKI vs タイタン 30先(解説：クサノアニマル)【第2回新おいうリーグ】#ぷよぷよ #ぷよぷよeスポーツ
35	plD	1	JvMRe830fQE	3667	【マスター進出決定トーナメント・Aブロック】ひまこ vs まじぇす  30先(解説：fron)【第2回新おいうリーグ】#ぷよぷよ #ぷよぷよeスポーツ
36	plD	2	c2ZJSOOA2qk	3434	【マスター進出決定トーナメント・Cブロック】カキ様 vs とりいぬ 30先(解説：やまたけプロ)【第2回新おいうリーグ】#ぷよぷよ #ぷよぷよeスポーツ
37	plD	3	bQ_BO0umm_0	3532	【マスター進出決定トーナメント・Bブロック】やまゆう vs 3  30先(解説：reoru)【第2回新おいうリーグ】#ぷよぷよ #ぷよぷよeスポーツ
38	plD	4	Pl804jhzOl8	3300	【マスター進出決定トーナメント・Aブロック】なしー vs ひまこ  30先(解説：スラさん)【第2回新おいうリーグ】#ぷよぷよ #ぷよぷよeスポーツ
39	plD	5	RNUJjULeHJI	3147	【マスター進出決定トーナメント・Bブロック】Yoshi100_Aus vs やまゆう 30先(解説：MASA)【第2回新おいうリーグ】#ぷよぷよ #ぷよぷよeスポーツ
40	plD	6	54ohUB70Koo	3267	【マスター進出決定トーナメント・Cブロック】なおこれ vs とりいぬ 30先(解説：fron)【第2回新おいうリーグ】#ぷよぷよ #ぷよぷよeスポーツ
42	plB	8	c4uuX0N0KR8	3632	【A・B1級複合決勝トーナメント準々決勝】DIO vs PRR  30先(解説：MASA)【第2回新おいうリーグ】#ぷよぷよ #ぷよぷよeスポーツ
43	plB	9	ApH_cBMWpTU	2884	【A・B1級複合決勝トーナメント準々決勝】teva vs ばたし 30先(解説：ライカ)【第2回新おいうリーグ】#ぷよぷよ #ぷよぷよeスポーツ
48	plC	8	JvvJQcL7iR4	3226	【マスター・1ブロック】sym vs まじぇす 30先(解説：reoru)【第2回新おいうリーグ】#ぷよぷよ #ぷよぷよeスポーツ
49	plC	9	GqBH999cQyU	3563	【マスター・3ブロック】タイタン vs ぷにちゃん 30先(解説：クサノアニマル)【第2回新おいうリーグ】#ぷよぷよ #ぷよぷよeスポーツ
50	plC	10	enHxRrKeAAs	2972	【マスター・2ブロック】3 vs いさな 30先(解説：スラさん)【第2回新おいうリーグ】#ぷよぷよ #ぷよぷよeスポーツ
52	plC	12	3DhPCYMdlAE	2927	【マスター・2ブロック】:o vs いさな 30先(解説：こんけあ)【第2回新おいうリーグ】#ぷよぷよ #ぷよぷよeスポーツ
57	plC	17	iR75tB73Pps	3510	【マスター・1ブロック】selva vs とりぱん 30先(解説：スラさん)【第2回新おいうリーグ】#ぷよぷよ #ぷよぷよeスポーツ
54	plC	14	QHLwBYhUppg	3758	【マスター・4ブロック】hov vs Ponderion 30先(解説：クサノアニマル)【第2回新おいうリーグ】#ぷよぷよ #ぷよぷよeスポーツ
61	plC	21	8pVEmxvEQ18	2982	【マスター・1ブロック】とりいぬ vs まじぇす 30先(解説：スラさん)【第2回新おいうリーグ】#ぷよぷよ #ぷよぷよeスポーツ
51	plC	11	175kntUk2xA	1996	【マスター・3ブロック】light vs SAKI 30先(解説：こんけあ)【第2回新おいうリーグ】#ぷよぷよ #ぷよぷよeスポーツ
63	plC	23	DSsxaZk2ckI	3122	【マスター・4ブロック】Ponderion vs reoru 30先(解説：delta)【第2回新おいうリーグ】#ぷよぷよ #ぷよぷよeスポーツ
66	plC	26	krlszUFRO-Y	3489	【マスター・1ブロック】とりぱん vs まじぇす 30先(解説：MASA)【第2回新おいうリーグ】#ぷよぷよ #ぷよぷよeスポーツ
64	plC	24	gzDjjWFL_Qo	3313	【マスター・3ブロック】light vs タイタン 30先(解説：ライカ)【第2回新おいうリーグ】#ぷよぷよ #ぷよぷよeスポーツ
70	plC	30	YuF9QarQra4	3626	【マスター・1ブロック】selva vs まじぇす 30先(解説：クサノアニマル)【第2回新おいうリーグ】#ぷよぷよ #ぷよぷよeスポーツ
71	plC	31	MLQuKjTWrdw	3458	【マスター・3ブロック】SAKI vs スラさん 30先(解説：ようかん)【第2回新おいうリーグ】#ぷよぷよ #ぷよぷよeスポーツ
74	plC	34	7GzyjbnMJYs	3161	【マスター・3ブロック】light vs スラさん 30先(解説：MASA)【第2回新おいうリーグ】#ぷよぷよ #ぷよぷよeスポーツ
73	plC	33	DuEjyy3w3CI	3599	【マスター・3ブロック】スラさん vs タイタン 30先(解説：やまたけプロ)【第2回新おいうリーグ】#ぷよぷよ #ぷよぷよeスポーツ
65	plC	25	g_bFvlXeJks	2815	【マスター・4ブロック】Ponderion vs むー 30先(解説：やまたけプロ)【第2回新おいうリーグ】#ぷよぷよ #ぷよぷよeスポーツ
77	plC	37	h1GpiHbFgR4	3201	【マスター・4ブロック】Ponderion vs syakegohan 30先(解説：delta)【第2回新おいうリーグ】#ぷよぷよ #ぷよぷよeスポーツ
75	plC	35	Ju76d7CJ46U	3420	【マスター・1ブロック】とりいぬ vs とりぱん 30先(解説：クサノアニマル)【第2回新おいうリーグ】#ぷよぷよ #ぷよぷよeスポーツ
79	plC	39	cYiFD-jlFBc	3230	【マスター・3ブロック】SAKI vs ぷにちゃん 30先(解説：MASA)【第2回新おいうリーグ】#ぷよぷよ #ぷよぷよeスポーツ
82	plC	42	-mCImzUDQkQ	3424	【マスター・4ブロック】reoru vs むー 30先(解説：ようかん)【第2回新おいうリーグ】#ぷよぷよ #ぷよぷよeスポーツ
81	plC	41	DBfHe3dA244	3141	【マスター・1ブロック】selva vs レイン 30先(解説：クサノアニマル)【第2回新おいうリーグ】#ぷよぷよ #ぷよぷよeスポーツ
80	plC	40	lGFYrIe65ps	3542	【マスター・2ブロック】MGR vs TS 30先(解説：スラさん)【第2回新おいうリーグ】#ぷよぷよ #ぷよぷよeスポーツ
78	plC	38	1QoAmAQsROs	3657	【マスター・2ブロック】MGR vs ゆが 30先(解説：クサノアニマル)【第2回新おいうリーグ】#ぷよぷよ #ぷよぷよeスポーツ
86	plC	46	HSy0Kj8HNoI	3603	【マスター・2ブロック】3 vs MGR 30先(解説：やまたけプロ)【第2回新おいうリーグ】#ぷよぷよ #ぷよぷよeスポーツ
84	plC	44	lcMK9XEFx5o	3385	【マスター・3ブロック】light vs ぷにちゃん 30先(解説：やまたけプロ)【第2回新おいうリーグ】#ぷよぷよ #ぷよぷよeスポーツ
89	plC	49	H9uHCNGqBqk	3849	【マスター・3ブロック】あん vs ぷにちゃん 30先(解説：MASA)【第2回新おいうリーグ】#ぷよぷよ #ぷよぷよeスポーツ
92	plC	52	Hl2QlK8dAwo	3685	【マスター・2ブロック】3 vs ゆが 30先(解説：DIO)【第2回新おいうリーグ】#ぷよぷよ #ぷよぷよeスポーツ
90	plC	50	dWchqPaeEc4	3182	【マスター・1ブロック】とりぱん vs レイン 30先(解説：Shiyota)【第2回新おいうリーグ】#ぷよぷよ #ぷよぷよeスポーツ
93	plC	53	6asLcTglLQI	3565	【マスター・2ブロック】:o vs 3 30先(解説：やまたけプロ)【第2回新おいうリーグ】#ぷよぷよ #ぷよぷよeスポーツ
94	plC	54	UsMva_S3LAQ	3353	【マスター・1ブロック】とりいぬ vs レイン 30先(解説：MASA)【第2回新おいうリーグ】#ぷよぷよ #ぷよぷよeスポーツ
91	plC	51	IrCNnxwWa1o	3131	【マスター・4ブロック】reoru vs syakegohan 30先(解説：ヨダソウマ)【第2回新おいうリーグ】#ぷよぷよ #ぷよぷよeスポーツ
95	plC	7	al2ayeqbxyI	2368	【マスター・2ブロック】TS vs ゆが 30先(解説：やまたけプロ)【第2回新おいうリーグ】#ぷよぷよ #ぷよぷよeスポーツ
