video_name	video_id	duration_sec	title	tier	source_file	on_disk
video_01				UNCONFIRMED		1
video_02				UNCONFIRMED		1
video_03				UNCONFIRMED		1
video_04				UNCONFIRMED		1
video_05				UNCONFIRMED		1
video_06				UNCONFIRMED		1
video_07				UNCONFIRMED		1
video_08				UNCONFIRMED		1
video_09				UNCONFIRMED		1
video_10				UNCONFIRMED		1
video_100				UNCONFIRMED		1
video_101				UNCONFIRMED		1
video_102				UNCONFIRMED		1
video_103				UNCONFIRMED		1
video_104				UNCONFIRMED		1
video_105				UNCONFIRMED		1
video_106				UNCONFIRMED		1
video_107				UNCONFIRMED		1
video_108				UNCONFIRMED		1
video_109				UNCONFIRMED		1
video_11				UNCONFIRMED		1
video_110				UNCONFIRMED		1
video_111				UNCONFIRMED		1
video_112				UNCONFIRMED		1
video_113				UNCONFIRMED		1
video_114				UNCONFIRMED		1
video_115				UNCONFIRMED		1
video_116				UNCONFIRMED		1
video_117				UNCONFIRMED		1
video_118				UNCONFIRMED		1
video_119				UNCONFIRMED		1
video_12				UNCONFIRMED		1
video_120				UNCONFIRMED		1
video_121				UNCONFIRMED		1
video_122				UNCONFIRMED		1
video_123				UNCONFIRMED		1
video_13				UNCONFIRMED		1
video_14				UNCONFIRMED		1
video_15				UNCONFIRMED		1
video_16				UNCONFIRMED		1
video_17				UNCONFIRMED		1
video_18				UNCONFIRMED		1
video_19				UNCONFIRMED		1
video_20				UNCONFIRMED		1
video_21				UNCONFIRMED		1
video_22				UNCONFIRMED		1
video_23				UNCONFIRMED		1
video_24				UNCONFIRMED		1
video_25				UNCONFIRMED		1
video_26				UNCONFIRMED		1
video_27				UNCONFIRMED		1
video_28				UNCONFIRMED		1
video_29	xX4qC3im26w	3305	【マスター・3ブロック】SAKI vs あん 30先(解説：やまたけプロ)【第2回新おいうリーグ】#ぷよぷよ #ぷよぷよeスポーツ	マスター	data/phase_e_dl_index.tsv	1
video_30	HtCsJm9uwyA	3157	【マスター・3ブロック】light vs あん 30先(解説：クサノアニマル)【第2回新おいうリーグ】#ぷよぷよ #ぷよぷよeスポーツ	マスター	data/phase_e_dl_index.tsv	1
video_31	YgYh8sXFHFE	3298	【マスター・1ブロック】まじぇす vs レイン 30先(解説：reoru)【第2回新おいうリーグ】#ぷよぷよ #ぷよぷよeスポーツ	マスター	data/phase_e_dl_index.tsv	1
video_32	fhlUO3xhvr4	3528	【マスター・2ブロック】いさな vs TS 30先(解説：reoru)【第2回新おいうリーグ】#ぷよぷよ #ぷよぷよeスポーツ	マスター	data/phase_e_dl_index.tsv	1
video_33	IohzpJf4qD0	3374	【マスター・4ブロック】hov vs むー 30先(解説：スラさん)【第2回新おいうリーグ】#ぷよぷよ #ぷよぷよeスポーツ	マスター	data/phase_e_dl_index.tsv	1
video_34	Du64HhfN6iI	2632	【マスター・3ブロック】SAKI vs タイタン 30先(解説：クサノアニマル)【第2回新おいうリーグ】#ぷよぷよ #ぷよぷよeスポーツ	マスター	data/phase_e_dl_index.tsv	1
video_35	JvMRe830fQE	3667	【マスター進出決定トーナメント・Aブロック】ひまこ vs まじぇす  30先(解説：fron)【第2回新おいうリーグ】#ぷよぷよ #ぷよぷよeスポーツ	マスター	data/phase_e_dl_index.tsv	1
video_36	c2ZJSOOA2qk	3434	【マスター進出決定トーナメント・Cブロック】カキ様 vs とりいぬ 30先(解説：やまたけプロ)【第2回新おいうリーグ】#ぷよぷよ #ぷよぷよeスポーツ	マスター	data/phase_e_dl_index.tsv	1
video_37	bQ_BO0umm_0	3532	【マスター進出決定トーナメント・Bブロック】やまゆう vs 3  30先(解説：reoru)【第2回新おいうリーグ】#ぷよぷよ #ぷよぷよeスポーツ	マスター	data/phase_e_dl_index.tsv	1
video_38	Pl804jhzOl8	3300	【マスター進出決定トーナメント・Aブロック】なしー vs ひまこ  30先(解説：スラさん)【第2回新おいうリーグ】#ぷよぷよ #ぷよぷよeスポーツ	マスター	data/phase_e_dl_index.tsv	1
video_39	RNUJjULeHJI	3147	【マスター進出決定トーナメント・Bブロック】Yoshi100_Aus vs やまゆう 30先(解説：MASA)【第2回新おいうリーグ】#ぷよぷよ #ぷよぷよeスポーツ	マスター	data/phase_e_dl_index.tsv	1
video_40	54ohUB70Koo	3267	【マスター進出決定トーナメント・Cブロック】なおこれ vs とりいぬ 30先(解説：fron)【第2回新おいうリーグ】#ぷよぷよ #ぷよぷよeスポーツ	マスター	data/phase_e_dl_index.tsv	1
video_41				UNCONFIRMED		1
video_42	c4uuX0N0KR8	3632	【A・B1級複合決勝トーナメント準々決勝】DIO vs PRR  30先(解説：MASA)【第2回新おいうリーグ】#ぷよぷよ #ぷよぷよeスポーツ	その他大会系	data/phase_e_dl_index.tsv	1
video_43	ApH_cBMWpTU	2884	【A・B1級複合決勝トーナメント準々決勝】teva vs ばたし 30先(解説：ライカ)【第2回新おいうリーグ】#ぷよぷよ #ぷよぷよeスポーツ	その他大会系	data/phase_e_dl_index.tsv	1
video_48	JvvJQcL7iR4	3226	【マスター・1ブロック】sym vs まじぇす 30先(解説：reoru)【第2回新おいうリーグ】#ぷよぷよ #ぷよぷよeスポーツ	マスター	data/phase_e_dl_index.tsv	0
video_49	GqBH999cQyU	3563	【マスター・3ブロック】タイタン vs ぷにちゃん 30先(解説：クサノアニマル)【第2回新おいうリーグ】#ぷよぷよ #ぷよぷよeスポーツ	マスター	data/phase_e_dl_index.tsv	0
video_50	enHxRrKeAAs	2972	【マスター・2ブロック】3 vs いさな 30先(解説：スラさん)【第2回新おいうリーグ】#ぷよぷよ #ぷよぷよeスポーツ	マスター	data/phase_e_dl_index.tsv	0
video_51	175kntUk2xA	1996	【マスター・3ブロック】light vs SAKI 30先(解説：こんけあ)【第2回新おいうリーグ】#ぷよぷよ #ぷよぷよeスポーツ	マスター	data/phase_e_dl_index.tsv	1
video_52	3DhPCYMdlAE	2927	【マスター・2ブロック】:o vs いさな 30先(解説：こんけあ)【第2回新おいうリーグ】#ぷよぷよ #ぷよぷよeスポーツ	マスター	data/phase_e_dl_index.tsv	1
video_54	QHLwBYhUppg	3758	【マスター・4ブロック】hov vs Ponderion 30先(解説：クサノアニマル)【第2回新おいうリーグ】#ぷよぷよ #ぷよぷよeスポーツ	マスター	data/phase_e_dl_index.tsv	0
video_57	iR75tB73Pps	3510	【マスター・1ブロック】selva vs とりぱん 30先(解説：スラさん)【第2回新おいうリーグ】#ぷよぷよ #ぷよぷよeスポーツ	マスター	data/phase_e_dl_index.tsv	0
video_61	8pVEmxvEQ18	2982	【マスター・1ブロック】とりいぬ vs まじぇす 30先(解説：スラさん)【第2回新おいうリーグ】#ぷよぷよ #ぷよぷよeスポーツ	マスター	data/phase_e_dl_index.tsv	0
video_63	DSsxaZk2ckI	3122	【マスター・4ブロック】Ponderion vs reoru 30先(解説：delta)【第2回新おいうリーグ】#ぷよぷよ #ぷよぷよeスポーツ	マスター	data/phase_e_dl_index.tsv	0
video_64	gzDjjWFL_Qo	3313	【マスター・3ブロック】light vs タイタン 30先(解説：ライカ)【第2回新おいうリーグ】#ぷよぷよ #ぷよぷよeスポーツ	マスター	data/phase_e_dl_index.tsv	0
video_65	g_bFvlXeJks	2815	【マスター・4ブロック】Ponderion vs むー 30先(解説：やまたけプロ)【第2回新おいうリーグ】#ぷよぷよ #ぷよぷよeスポーツ	マスター	data/phase_e_dl_index.tsv	0
video_66	krlszUFRO-Y	3489	【マスター・1ブロック】とりぱん vs まじぇす 30先(解説：MASA)【第2回新おいうリーグ】#ぷよぷよ #ぷよぷよeスポーツ	マスター	data/phase_e_dl_index.tsv	0
video_70	YuF9QarQra4	3626	【マスター・1ブロック】selva vs まじぇす 30先(解説：クサノアニマル)【第2回新おいうリーグ】#ぷよぷよ #ぷよぷよeスポーツ	マスター	data/phase_e_dl_index.tsv	0
video_71	MLQuKjTWrdw	3458	【マスター・3ブロック】SAKI vs スラさん 30先(解説：ようかん)【第2回新おいうリーグ】#ぷよぷよ #ぷよぷよeスポーツ	マスター	data/phase_e_dl_index.tsv	0
video_73	DuEjyy3w3CI	3599	【マスター・3ブロック】スラさん vs タイタン 30先(解説：やまたけプロ)【第2回新おいうリーグ】#ぷよぷよ #ぷよぷよeスポーツ	マスター	data/phase_e_dl_index.tsv	0
video_74	7GzyjbnMJYs	3161	【マスター・3ブロック】light vs スラさん 30先(解説：MASA)【第2回新おいうリーグ】#ぷよぷよ #ぷよぷよeスポーツ	マスター	data/phase_e_dl_index.tsv	0
video_75	Ju76d7CJ46U	3420	【マスター・1ブロック】とりいぬ vs とりぱん 30先(解説：クサノアニマル)【第2回新おいうリーグ】#ぷよぷよ #ぷよぷよeスポーツ	マスター	data/phase_e_dl_index.tsv	0
video_77	h1GpiHbFgR4	3201	【マスター・4ブロック】Ponderion vs syakegohan 30先(解説：delta)【第2回新おいうリーグ】#ぷよぷよ #ぷよぷよeスポーツ	マスター	data/phase_e_dl_index.tsv	0
video_78	1QoAmAQsROs	3657	【マスター・2ブロック】MGR vs ゆが 30先(解説：クサノアニマル)【第2回新おいうリーグ】#ぷよぷよ #ぷよぷよeスポーツ	マスター	data/phase_e_dl_index.tsv	0
video_79	cYiFD-jlFBc	3230	【マスター・3ブロック】SAKI vs ぷにちゃん 30先(解説：MASA)【第2回新おいうリーグ】#ぷよぷよ #ぷよぷよeスポーツ	マスター	data/phase_e_dl_index.tsv	0
video_80	lGFYrIe65ps	3542	【マスター・2ブロック】MGR vs TS 30先(解説：スラさん)【第2回新おいうリーグ】#ぷよぷよ #ぷよぷよeスポーツ	マスター	data/phase_e_dl_index.tsv	0
video_81	DBfHe3dA244	3141	【マスター・1ブロック】selva vs レイン 30先(解説：クサノアニマル)【第2回新おいうリーグ】#ぷよぷよ #ぷよぷよeスポーツ	マスター	data/phase_e_dl_index.tsv	0
video_82	-mCImzUDQkQ	3424	【マスター・4ブロック】reoru vs むー 30先(解説：ようかん)【第2回新おいうリーグ】#ぷよぷよ #ぷよぷよeスポーツ	マスター	data/phase_e_dl_index.tsv	0
video_84	lcMK9XEFx5o	3385	【マスター・3ブロック】light vs ぷにちゃん 30先(解説：やまたけプロ)【第2回新おいうリーグ】#ぷよぷよ #ぷよぷよeスポーツ	マスター	data/phase_e_dl_index.tsv	0
video_86	HSy0Kj8HNoI	3603	【マスター・2ブロック】3 vs MGR 30先(解説：やまたけプロ)【第2回新おいうリーグ】#ぷよぷよ #ぷよぷよeスポーツ	マスター	data/phase_e_dl_index.tsv	0
video_89	H9uHCNGqBqk	3849	【マスター・3ブロック】あん vs ぷにちゃん 30先(解説：MASA)【第2回新おいうリーグ】#ぷよぷよ #ぷよぷよeスポーツ	マスター	data/phase_e_dl_index.tsv	0
video_90	dWchqPaeEc4	3182	【マスター・1ブロック】とりぱん vs レイン 30先(解説：Shiyota)【第2回新おいうリーグ】#ぷよぷよ #ぷよぷよeスポーツ	マスター	data/phase_e_dl_index.tsv	0
video_91	IrCNnxwWa1o	3131	【マスター・4ブロック】reoru vs syakegohan 30先(解説：ヨダソウマ)【第2回新おいうリーグ】#ぷよぷよ #ぷよぷよeスポーツ	マスター	data/phase_e_dl_index.tsv	0
video_92	Hl2QlK8dAwo	3685	【マスター・2ブロック】3 vs ゆが 30先(解説：DIO)【第2回新おいうリーグ】#ぷよぷよ #ぷよぷよeスポーツ	マスター	data/phase_e_dl_index.tsv	0
video_93	6asLcTglLQI	3565	【マスター・2ブロック】:o vs 3 30先(解説：やまたけプロ)【第2回新おいうリーグ】#ぷよぷよ #ぷよぷよeスポーツ	マスター	data/phase_e_dl_index.tsv	0
video_94	UsMva_S3LAQ	3353	【マスター・1ブロック】とりいぬ vs レイン 30先(解説：MASA)【第2回新おいうリーグ】#ぷよぷよ #ぷよぷよeスポーツ	マスター	data/phase_e_dl_index.tsv	0
video_95	al2ayeqbxyI	2368	【マスター・2ブロック】TS vs ゆが 30先(解説：やまたけプロ)【第2回新おいうリーグ】#ぷよぷよ #ぷよぷよeスポーツ	マスター	data/phase_e_dl_index.tsv	0
video_96				UNCONFIRMED		1
video_97				UNCONFIRMED		1
video_98				UNCONFIRMED		1
video_99				UNCONFIRMED		1
video_c1	kETyIUk_Vb8			チャレンジャー	scripts/_dl_tier_avc1.sh	1
video_c10	m2qfYVCQzDQ	3257.0	【チャレンジャー・Bブロック】ヨダソウマ vs ゆうき 30先【新おいうリーグ】#ぷよぷよ #ぷよぷよeスポーツ	チャレンジャー	data/pl_new_missing.tsv	1
video_c100	cwj247CtYtw		【S級リーグ】ともくん vs のらすけ 30先(解説：sym)【第2回新おいうリーグ】#ぷよぷよ #ぷよぷよeスポーツ #おいうリーグ	S級	data/_dl_expand2_2026-08-07.tsv	0
video_c101	04hTIbmuhl0		【S級リーグ】delta vs live 30先(解説：クサノアニマル)【第2回新おいうリーグ】#ぷよぷよ #ぷよぷよeスポーツ #おいうリーグ	S級	data/_dl_expand2_2026-08-07.tsv	0
video_c102	oFra5QBFxUU		【S級リーグ】ともくん vs live 30先(実況：もこう、解説：Tom)【第2回新おいうリーグ】#ぷよぷよ #ぷよぷよeスポーツ #おいうリーグ	S級	data/_dl_expand2_2026-08-07.tsv	0
video_c103	MA2Xq6smpbY		【S級リーグ】のらすけ vs ちゃるめらー 30先(解説：fron)【第2回新おいうリーグ】#ぷよぷよ #ぷよぷよeスポーツ #おいうリーグ	S級	data/_dl_expand2_2026-08-07.tsv	0
video_c104	-w9ziMGve40		【S級リーグ】delta vs ちゃるめらー 30先(解説：ALF)【第2回新おいうリーグ】#ぷよぷよ #ぷよぷよeスポーツ #おいうリーグ	S級	data/_dl_expand2_2026-08-07.tsv	0
video_c105	hJezrrCbkDg		【S級リーグ】のらすけ vs ゆうき 30先(解説：sym)【第2回新おいうリーグ】#ぷよぷよ #ぷよぷよeスポーツ #おいうリーグ	S級	data/_dl_expand2_2026-08-07.tsv	0
video_c106	ABm5FumO_vQ		【S級リーグ】live vs ゆうき 30先(解説：クサノアニマル)【第2回新おいうリーグ】#ぷよぷよ #ぷよぷよeスポーツ #おいうリーグ	S級	data/_dl_expand2_2026-08-07.tsv	0
video_c107	DAGNxVGFsE4		【S級リーグ】ともくん vs ちゃるめらー 30先(解説：ヨダソウマ)【第2回新おいうリーグ】#ぷよぷよ #ぷよぷよeスポーツ #おいうリーグ	S級	data/_dl_expand2_2026-08-07.tsv	0
video_c108	F5UyYct4veI		【S級リーグ】delta vs ゆうき 30先(解説：sym)【第2回新おいうリーグ】#ぷよぷよ #ぷよぷよeスポーツ #おいうリーグ	S級	data/_dl_expand2_2026-08-07.tsv	0
video_c109	OUkub5_6Zts		【S級リーグ】最終戦特別オフライン開催「やまだ vs のらすけ」「ともくん vs delta」30先【新おいうリーグ】#ぷよぷよ #ぷよぷよeスポーツ	S級	data/_dl_expand2_2026-08-07.tsv	0
video_c11	AccHEU_5024	3102.0	【チャレンジャー・Aブロック】Shiyota vs かき 30先【新おいうリーグ】#ぷよぷよ #ぷよぷよeスポーツ	チャレンジャー	data/pl_new_missing.tsv	1
video_c110	zB8d1FuCStU		【修正版】【S級リーグ】のらすけ vs ともくん 30先(解説：ALF)【新おいうリーグ】#ぷよぷよ #ぷよぷよeスポーツ	S級	data/_dl_expand2_2026-08-07.tsv	0
video_c111	d1i38E4gE1s		【S級リーグ】delta vs やまだ 30先(解説：ヨダソウマ)【新おいうリーグ】#ぷよぷよ #ぷよぷよeスポーツ	S級	data/_dl_expand2_2026-08-07.tsv	0
video_c112	iZZyNGtJ3G8		【S級リーグ】のらすけ vs ともくん 30先(解説：ALF)【新おいうリーグ】#ぷよぷよ #ぷよぷよeスポーツ	S級	data/_dl_expand2_2026-08-07.tsv	0
video_c113	kOWy50IddfI		【S級リーグ】delta vs のらすけ 30先(解説：sym)【新おいうリーグ】#ぷよぷよ #ぷよぷよeスポーツ	S級	data/_dl_expand2_2026-08-07.tsv	0
video_c114	scbjMU8m7QA		【S級リーグ】やまだ vs ともくん 30先(解説：ヨダソウマ)【新おいうリーグ】#ぷよぷよ #ぷよぷよeスポーツ	S級	data/_dl_expand2_2026-08-07.tsv	0
video_c115	QzVwMcD2U3k		【A級・6ブロック】なしー vs べーこん 30先(解説：スラさん)【第3回新おいうリーグ】#ぷよぷよ #ぷよぷよeスポーツ	A級	data/_dl_expand2_2026-08-07.tsv	0
video_c116	KmuHx9_EFm0		【A級・1ブロック】にくじゃが vs ペペペマン 30先(解説：MASA)【第3回新おいうリーグ】#ぷよぷよ #ぷよぷよeスポーツ	A級	data/_dl_expand2_2026-08-07.tsv	0
video_c117	7pYaBQjlyCU		【A級・9ブロック】Neese vs PRR 30先(解説：やまだ)【第3回新おいうリーグ】#ぷよぷよ #ぷよぷよeスポーツ	A級	data/_dl_expand2_2026-08-07.tsv	0
video_c118	gBLtkwkPQxU		【A級・6ブロック】なしー vs にゃんきち 30先(解説：やまだ)【第3回新おいうリーグ】#ぷよぷよ #ぷよぷよeスポーツ	A級	data/_dl_expand2_2026-08-07.tsv	0
video_c119	8PpIsMkQEAg		【A級・8ブロック】しの vs るた 30先(解説：やまだ)【第3回新おいうリーグ】#ぷよぷよ #ぷよぷよeスポーツ	A級	data/_dl_expand2_2026-08-07.tsv	0
video_c12	ioXOuiCztJQ	3934.0	【チャレンジャー・Aブロック】ゆがるむ vs やまだ 30先【新おいうリーグ】#ぷよぷよ #ぷよぷよeスポーツ	チャレンジャー	data/pl_new_missing.tsv	1
video_c120	p7Yd9r4RUUA		【A級・8ブロック】とりいぬ vs るた 30先(解説：やまだ)【第3回新おいうリーグ】#ぷよぷよ #ぷよぷよeスポーツ	A級	data/_dl_expand2_2026-08-07.tsv	0
video_c121	1707CzKmXPg		【A級・5ブロック】light vs ひまこ 30先(解説：みる)【第3回新おいうリーグ】#ぷよぷよ #ぷよぷよeスポーツ	A級	data/_dl_expand2_2026-08-07.tsv	0
video_c122	kfIfWQZksNk		【A級・6ブロック】クラウド vs にゃんきち 30先(解説：MASA)【第3回新おいうリーグ】#ぷよぷよ #ぷよぷよeスポーツ	A級	data/_dl_expand2_2026-08-07.tsv	0
video_c123	TkvXHB-Bqcw		【A級・1ブロック】いつき vs ぺぺぺマン 30先(解説：クサノアニマル)【第3回新おいうリーグ】#ぷよぷよ #ぷよぷよeスポーツ	A級	data/_dl_expand2_2026-08-07.tsv	0
video_c124	-_bVIlk0nVw		【A級・9ブロック】PRR vs ゆうりん 30先(解説：クサノアニマル)【第3回新おいうリーグ】#ぷよぷよ #ぷよぷよeスポーツ	A級	data/_dl_expand2_2026-08-07.tsv	0
video_c125	9uLeoQeZ73s		【A級・6ブロック】MGR vs にゃんきち 30先(解説：クサノアニマル)【第3回新おいうリーグ】#ぷよぷよ #ぷよぷよeスポーツ	A級	data/_dl_expand2_2026-08-07.tsv	0
video_c126	-J6inVQlV8k		【A級・1ブロック】いつき vs にくじゃが 30先(解説：クサノアニマル)【第3回新おいうリーグ】#ぷよぷよ #ぷよぷよeスポーツ	A級	data/_dl_expand2_2026-08-07.tsv	0
video_c127	-yJuHp62gT8		【A級・4ブロック】タイタン vs れれ 30先(解説：SAKI)【第3回新おいうリーグ】#ぷよぷよ #ぷよぷよeスポーツ	A級	data/_dl_expand2_2026-08-07.tsv	0
video_c128	XPGPLXyKoak		【A級・4ブロック】MATTYAN vs きーくん 30先(解説：ぴぽにあ)【第3回新おいうリーグ】#ぷよぷよ #ぷよぷよeスポーツ	A級	data/_dl_expand2_2026-08-07.tsv	0
video_c129	SHUxfLEUngg		【A級・5ブロック】DIO vs light 30先(解説：MASA)【第3回新おいうリーグ】#ぷよぷよ #ぷよぷよeスポーツ	A級	data/_dl_expand2_2026-08-07.tsv	0
video_c13	sxIU0Cr_iSQ	3328.0	【チャレンジャー・Bブロック】のらすけ vs ぬえ 30先【新おいうリーグ】#ぷよぷよ #ぷよぷよeスポーツ	チャレンジャー	data/pl_new_missing.tsv	1
video_c130	OjGK19LpVs0		【A級・2ブロック】ふくいん vs ゆうりん 30先(解説：なしー)【第2回新おいうリーグ】#ぷよぷよ #ぷよぷよeスポーツ	A級	data/_dl_expand2_2026-08-07.tsv	0
video_c131	MjmYdYM5QIU		【A級・1ブロック】coo vs なしー 30先(解説：MASA)【第2回新おいうリーグ】#ぷよぷよ #ぷよぷよeスポーツ	A級	data/_dl_expand2_2026-08-07.tsv	0
video_c132	_qJod5PzH3s		【A級・3ブロック】とりぱん vs ぶーけ 30先(解説：椎野)【第2回新おいうリーグ】#ぷよぷよ #ぷよぷよeスポーツ	A級	data/_dl_expand2_2026-08-07.tsv	0
video_c133	jVsu05HNgFo		【A級・7ブロック】teva vs ユニ 30先(解説：ライカ)【第2回新おいうリーグ】#ぷよぷよ #ぷよぷよeスポーツ	A級	data/_dl_expand2_2026-08-07.tsv	0
video_c134	6ViO4xH70gQ		【A級・9ブロック】えぬむら vs akinari 30先(解説：クサノアニマル)【第2回新おいうリーグ】#ぷよぷよ #ぷよぷよeスポーツ	A級	data/_dl_expand2_2026-08-07.tsv	0
video_c135	DWllSSML7YY		【A級・9ブロック】なおこれ vs akinari  30先(解説：DIO)【第2回新おいうリーグ】#ぷよぷよ #ぷよぷよeスポーツ	A級	data/_dl_expand2_2026-08-07.tsv	0
video_c136	hqpoHjN4Lx0		【A級・9ブロック】いさな vs もんぬ 30先(解説：クサノアニマル)【第2回新おいうリーグ】#ぷよぷよ #ぷよぷよeスポーツ	A級	data/_dl_expand2_2026-08-07.tsv	0
video_c137	56l3ooNJfs8		【A級・3ブロック】ぶーけ vs れたす 30先(解説：なしー)【第2回新おいうリーグ】#ぷよぷよ #ぷよぷよeスポーツ	A級	data/_dl_expand2_2026-08-07.tsv	0
video_c138	Z-VMWHmxeao		【A級・6ブロック】スラさん vs にゃんきち 30先(解説：MASA)【第2回新おいうリーグ】#ぷよぷよ #ぷよぷよeスポーツ	A級	data/_dl_expand2_2026-08-07.tsv	0
video_c139	Dgla5UVL1DY		【A級・4ブロック】RIC vs ねも 30先(解説：reoru)【第2回新おいうリーグ】#ぷよぷよ #ぷよぷよeスポーツ	A級	data/_dl_expand2_2026-08-07.tsv	0
video_c14	1fGg0yjkrlw	3272.0	【チャレンジャー・Bブロック】SAKI vs ゆうき 30先(解説:momoken)【新おいうリーグ】#ぷよぷよ #ぷよぷよeスポーツ	チャレンジャー	data/pl_new_missing.tsv	1
video_c140	Be0HyETJ47w		【A級・8ブロック】light vs MATTYAN 30先(解説：なしー)【第2回新おいうリーグ】#ぷよぷよ #ぷよぷよeスポーツ	A級	data/_dl_expand2_2026-08-07.tsv	0
video_c141	R7vU1wQ4BxI		【A級・6ブロック】No_name vs るた 30先(解説：なしー)【第2回新おいうリーグ】#ぷよぷよ #ぷよぷよeスポーツ	A級	data/_dl_expand2_2026-08-07.tsv	0
video_c142	7J1VkyPLsi8		【A級・9ブロック】えぬむら vs もんぬ 30先(解説：MASA)【第2回新おいうリーグ】#ぷよぷよ #ぷよぷよeスポーツ	A級	data/_dl_expand2_2026-08-07.tsv	0
video_c143	Lz1nXzQh9pc		【A級・2ブロック】ferro vs ゆうりん 30先(解説：スラさん)【第2回新おいうリーグ】#ぷよぷよ #ぷよぷよeスポーツ	A級	data/_dl_expand2_2026-08-07.tsv	0
video_c144	mlXw2lyptuE		【A級・8ブロック】light vs Neese 30先(解説：reoru)【第2回新おいうリーグ】#ぷよぷよ #ぷよぷよeスポーツ	A級	data/_dl_expand2_2026-08-07.tsv	0
video_c15	JbKPscv0njs	3857.0	【チャレンジャー・Aブロック】live vs やまだ 30先(解説:なしー)【新おいうリーグ】#ぷよぷよ #ぷよぷよeスポーツ	チャレンジャー	data/pl_new_missing.tsv	1
video_c16	qpyaqOUkl1U	3445.0	【チャレンジャー・Bブロック】のらすけ vs ヨダソウマ 30先(解説:reoru)【新おいうリーグ】#ぷよぷよ #ぷよぷよeスポーツ	チャレンジャー	data/pl_new_missing.tsv	1
video_c17	7wehbuHr74U	3129.0	【チャレンジャー・Bブロック】ぬえ vs ともくん 30先(解説:こんけあ)【新おいうリーグ】#ぷよぷよ #ぷよぷよeスポーツ	チャレンジャー	data/pl_new_missing.tsv	1
video_c18	sOkUhL3cdHM	3644.0	【チャレンジャー・Aブロック】かき vs やまだ 30先(解説:ユニ)【新おいうリーグ】#ぷよぷよ #ぷよぷよeスポーツ	チャレンジャー	data/pl_new_missing.tsv	1
video_c19	q5Kz8GzF3kQ	2910.0	【チャレンジャー・Aブロック】live vs ゆがるむ 30先(解説:reoru)【新おいうリーグ】#ぷよぷよ #ぷよぷよeスポーツ	チャレンジャー	data/pl_new_missing.tsv	1
video_c2	Lw6Z8Nzguo4			チャレンジャー	scripts/_dl_tier_avc1.sh	1
video_c20	LzZUb8JnECE	3463.0	【チャレンジャー・Bブロック】SAKI vs ヨダソウマ 30先(解説:スラさん)【新おいうリーグ】#ぷよぷよ #ぷよぷよeスポーツ	チャレンジャー	data/pl_new_missing.tsv	1
video_c21	mAUBFZANAZM	3837.0	【チャレンジャー・Aブロック】Shiyota vs ゆがるむ 30先(解説:ようかん)【新おいうリーグ】#ぷよぷよ #ぷよぷよeスポーツ	チャレンジャー	data/pl_new_missing.tsv	1
video_c22	l2yAlnzMIDo	4243.0	【チャレンジャー・Bブロック】ともくん vs ゆうき 30先(解説:ヨダソウマ)【新おいうリーグ】#ぷよぷよ #ぷよぷよeスポーツ	チャレンジャー	data/pl_new_missing.tsv	1
video_c23	I8kNracPWCA	4047.0	【チャレンジャー・Aブロック】delta vs やまだ 30先(解説:ALF)【新おいうリーグ】#ぷよぷよ #ぷよぷよeスポーツ	チャレンジャー	data/pl_new_missing.tsv	1
video_c24	GJMvphfqs6U	3254.0	【チャレンジャー・Aブロック】Shiyota vs live 30先(解説:こんけあ)【新おいうリーグ】#ぷよぷよ #ぷよぷよeスポーツ	チャレンジャー	data/pl_new_missing.tsv	1
video_c25	Ei_Uu8B8KE8	3549.0	【チャレンジャー・Bブロック】ぬえ vs ヨダソウマ 30先(解説:shocole)【新おいうリーグ】#ぷよぷよ #ぷよぷよeスポーツ	チャレンジャー	data/pl_new_missing.tsv	1
video_c26	FW5FWAP8nQ4	3009.0	【チャレンジャー・Bブロック】SAKI vs のらすけ 30先(解説:ようかん)【新おいうリーグ】#ぷよぷよ #ぷよぷよeスポーツ	チャレンジャー	data/pl_new_missing.tsv	1
video_c27	LNsVtiZHalo	4562.0	【チャレンジャー・Bブロック】ぬえ vs ゆうき 30先(解説:ALF)【新おいうリーグ】#ぷよぷよ #ぷよぷよeスポーツ	チャレンジャー	data/pl_new_missing.tsv	1
video_c28	VOH8TuaUIf0	2883.0	【チャレンジャー・Bブロック】SAKI vs ともくん 30先(解説:やまたけプロ)【新おいうリーグ】#ぷよぷよ #ぷよぷよeスポーツ	チャレンジャー	data/pl_new_missing.tsv	1
video_c29	k-k2zImnp8U	3263.0	【チャレンジャー・Aブロック】delta vs ゆがるむ 30先(解説:スラさん)【新おいうリーグ】#ぷよぷよ #ぷよぷよeスポーツ	チャレンジャー	data/pl_new_missing.tsv	1
video_c3	fIIDFPCD2w0			チャレンジャー	scripts/_dl_tier_avc1.sh	1
video_c30	X9uQ6eZy8is	3603.0	【チャレンジャー・Aブロック】Shiyota vs delta 30先(解説:ようかん)【新おいうリーグ】#ぷよぷよ #ぷよぷよeスポーツ	チャレンジャー	data/pl_new_missing.tsv	1
video_c31	80W5JXVxM7U	3330.0	【チャレンジャー・Aブロック】live vs かき 30先(解説:fron)【新おいうリーグ】#ぷよぷよ #ぷよぷよeスポーツ	チャレンジャー	data/pl_new_missing.tsv	1
video_c32	3ImrF1TrjIo	3301.0	【チャレンジャー・Aブロック】live vs delta 30先(解説:なしー)【新おいうリーグ】#ぷよぷよ #ぷよぷよeスポーツ	チャレンジャー	data/pl_new_missing.tsv	1
video_c33	hboIZroeCbc	3853.0	【チャレンジャー・Bブロック】のらすけ vs ともくん 30先(解説:ヨダソウマ)【新おいうリーグ】#ぷよぷよ #ぷよぷよeスポーツ	チャレンジャー	data/pl_new_missing.tsv	1
video_c34	al2ayeqbxyI		【マスター・2ブロック】TS vs ゆが 30先(解説：やまたけプロ)【第2回新おいうリーグ】#ぷよぷよ #ぷよぷよeスポーツ	マスター	data/_dl_expand.tsv	1
video_c35	JvvJQcL7iR4		【マスター・1ブロック】sym vs まじぇす 30先(解説：reoru)【第2回新おいうリーグ】#ぷよぷよ #ぷよぷよeスポーツ	マスター	data/_dl_expand.tsv	1
video_c36	GqBH999cQyU		【マスター・3ブロック】タイタン vs ぷにちゃん 30先(解説：クサノアニマル)【第2回新おいうリーグ】#ぷよぷよ #ぷよぷよeスポーツ	マスター	data/_dl_expand.tsv	1
video_c37	enHxRrKeAAs		【マスター・2ブロック】3 vs いさな 30先(解説：スラさん)【第2回新おいうリーグ】#ぷよぷよ #ぷよぷよeスポーツ	マスター	data/_dl_expand.tsv	1
video_c38	175kntUk2xA		【マスター・3ブロック】light vs SAKI 30先(解説：こんけあ)【第2回新おいうリーグ】#ぷよぷよ #ぷよぷよeスポーツ	マスター	data/_dl_expand.tsv	0
video_c39	3DhPCYMdlAE		【マスター・2ブロック】:o vs いさな 30先(解説：こんけあ)【第2回新おいうリーグ】#ぷよぷよ #ぷよぷよeスポーツ	マスター	data/_dl_expand.tsv	0
video_c4	wouZ3tbIC5c	3864.0	【チャレンジャー・Bブロック】ヨダソウマ vs ともくん 30先【新おいうリーグ】#ぷよぷよ #ぷよぷよeスポーツ	チャレンジャー	data/pl_new_missing.tsv	1
video_c40	y2L18kd4yHg		【マスター・1ブロック】selva vs とりいぬ 30先(解説：MASA)【第2回新おいうリーグ】#ぷよぷよ #ぷよぷよeスポーツ	マスター	data/_dl_expand.tsv	1
video_c41	QHLwBYhUppg		【マスター・4ブロック】hov vs Ponderion 30先(解説：クサノアニマル)【第2回新おいうリーグ】#ぷよぷよ #ぷよぷよeスポーツ	マスター	data/_dl_expand.tsv	1
video_c42	YdMfDXC9tyM		【マスター・1ブロック】sym vs レイン 30先(解説：ぴぽにあ)【第2回新おいうリーグ】#ぷよぷよ #ぷよぷよeスポーツ	マスター	data/_dl_expand.tsv	1
video_c43	CxAc3ARv-kw		【マスター・4ブロック】hov vs syakegohan 30先(解説：MASA)【第2回新おいうリーグ】#ぷよぷよ #ぷよぷよeスポーツ	マスター	data/_dl_expand.tsv	1
video_c44	iR75tB73Pps		【マスター・1ブロック】selva vs とりぱん 30先(解説：スラさん)【第2回新おいうリーグ】#ぷよぷよ #ぷよぷよeスポーツ	マスター	data/_dl_expand.tsv	1
video_c45	CalCkF7vmGM		【マスター・2ブロック】:o vs MGR 30先(解説：MASA)【第2回新おいうリーグ】#ぷよぷよ #ぷよぷよeスポーツ	マスター	data/_dl_expand.tsv	1
video_c46	aMS7lXLjWOY		【マスター・2ブロック】:o vs TS 30先(解説：クサノアニマル)【第2回新おいうリーグ】#ぷよぷよ #ぷよぷよeスポーツ	マスター	data/_dl_expand.tsv	1
video_c47	UeL0qoCwIV4		【マスター・4ブロック】syakegohan vs むー 30先(解説：スラさん)【第2回新おいうリーグ】#ぷよぷよ #ぷよぷよeスポーツ	マスター	data/_dl_expand.tsv	1
video_c48	8pVEmxvEQ18		【マスター・1ブロック】とりいぬ vs まじぇす 30先(解説：スラさん)【第2回新おいうリーグ】#ぷよぷよ #ぷよぷよeスポーツ	マスター	data/_dl_expand.tsv	1
video_c49	EvOgrAMBmfM		【マスター・2ブロック】いさな vs ゆが 30先(解説：ライカ)【第2回新おいうリーグ】#ぷよぷよ #ぷよぷよeスポーツ	マスター	data/_dl_expand.tsv	1
video_c5	BxP6e4i353k	4077.0	【チャレンジャー・Aブロック】Shiyota vs やまだ 30先【新おいうリーグ】#ぷよぷよ #ぷよぷよeスポーツ	チャレンジャー	data/pl_new_missing.tsv	1
video_c50	DSsxaZk2ckI		【マスター・4ブロック】Ponderion vs reoru 30先(解説：delta)【第2回新おいうリーグ】#ぷよぷよ #ぷよぷよeスポーツ	マスター	data/_dl_expand.tsv	1
video_c51	gzDjjWFL_Qo		【マスター・3ブロック】light vs タイタン 30先(解説：ライカ)【第2回新おいうリーグ】#ぷよぷよ #ぷよぷよeスポーツ	マスター	data/_dl_expand.tsv	1
video_c52	g_bFvlXeJks		【マスター・4ブロック】Ponderion vs むー 30先(解説：やまたけプロ)【第2回新おいうリーグ】#ぷよぷよ #ぷよぷよeスポーツ	マスター	data/_dl_expand.tsv	1
video_c53	krlszUFRO-Y		【マスター・1ブロック】とりぱん vs まじぇす 30先(解説：MASA)【第2回新おいうリーグ】#ぷよぷよ #ぷよぷよeスポーツ	マスター	data/_dl_expand.tsv	1
video_c54	x5q4BbkKlH0		【マスター・4ブロック】hov vs reoru 30先(解説：fron)【第2回新おいうリーグ】#ぷよぷよ #ぷよぷよeスポーツ	マスター	data/_dl_expand.tsv	1
video_c55	wYzxAjo-hi4		【マスター・2ブロック】3 vs TS 30先(解説：スラさん)【第2回新おいうリーグ】#ぷよぷよ #ぷよぷよeスポーツ	マスター	data/_dl_expand.tsv	1
video_c56	YBKSpohPIxg		【マスター・3ブロック】あん vs タイタン 30先(解説：ライカ)【第2回新おいうリーグ】#ぷよぷよ #ぷよぷよeスポーツ	マスター	data/_dl_expand.tsv	1
video_c57	YuF9QarQra4		【マスター・1ブロック】selva vs まじぇす 30先(解説：クサノアニマル)【第2回新おいうリーグ】#ぷよぷよ #ぷよぷよeスポーツ	マスター	data/_dl_expand.tsv	1
video_c58	MLQuKjTWrdw		【マスター・3ブロック】SAKI vs スラさん 30先(解説：ようかん)【第2回新おいうリーグ】#ぷよぷよ #ぷよぷよeスポーツ	マスター	data/_dl_expand.tsv	1
video_c59	Y40eVLrnwE4		【マスター・3ブロック】スラさん vs ぷにちゃん 30先(解説：MASA)【第2回新おいうリーグ】#ぷよぷよ #ぷよぷよeスポーツ	マスター	data/_dl_expand.tsv	1
video_c6	la1eciFIodo	3533.0	【チャレンジャー・Bブロック】のらすけ vs ゆうき 30先【新おいうリーグ】#ぷよぷよ #ぷよぷよeスポーツ	チャレンジャー	data/pl_new_missing.tsv	1
video_c60	DuEjyy3w3CI		【マスター・3ブロック】スラさん vs タイタン 30先(解説：やまたけプロ)【第2回新おいうリーグ】#ぷよぷよ #ぷよぷよeスポーツ	マスター	data/_dl_expand.tsv	1
video_c61	7GzyjbnMJYs		【マスター・3ブロック】light vs スラさん 30先(解説：MASA)【第2回新おいうリーグ】#ぷよぷよ #ぷよぷよeスポーツ	マスター	data/_dl_expand.tsv	1
video_c62	Ju76d7CJ46U		【マスター・1ブロック】とりいぬ vs とりぱん 30先(解説：クサノアニマル)【第2回新おいうリーグ】#ぷよぷよ #ぷよぷよeスポーツ	マスター	data/_dl_expand.tsv	1
video_c63	uvHXyP5V4-8		【マスター・3ブロック】あん vs スラさん 30先(解説：やまたけプロ)【第2回新おいうリーグ】#ぷよぷよ #ぷよぷよeスポーツ	マスター	data/_dl_expand.tsv	1
video_c64	h1GpiHbFgR4		【マスター・4ブロック】Ponderion vs syakegohan 30先(解説：delta)【第2回新おいうリーグ】#ぷよぷよ #ぷよぷよeスポーツ	マスター	data/_dl_expand.tsv	1
video_c65	1QoAmAQsROs		【マスター・2ブロック】MGR vs ゆが 30先(解説：クサノアニマル)【第2回新おいうリーグ】#ぷよぷよ #ぷよぷよeスポーツ	マスター	data/_dl_expand.tsv	1
video_c66	cYiFD-jlFBc		【マスター・3ブロック】SAKI vs ぷにちゃん 30先(解説：MASA)【第2回新おいうリーグ】#ぷよぷよ #ぷよぷよeスポーツ	マスター	data/_dl_expand.tsv	1
video_c67	lGFYrIe65ps		【マスター・2ブロック】MGR vs TS 30先(解説：スラさん)【第2回新おいうリーグ】#ぷよぷよ #ぷよぷよeスポーツ	マスター	data/_dl_expand.tsv	1
video_c68	DBfHe3dA244		【マスター・1ブロック】selva vs レイン 30先(解説：クサノアニマル)【第2回新おいうリーグ】#ぷよぷよ #ぷよぷよeスポーツ	マスター	data/_dl_expand.tsv	1
video_c69	-mCImzUDQkQ		【マスター・4ブロック】reoru vs むー 30先(解説：ようかん)【第2回新おいうリーグ】#ぷよぷよ #ぷよぷよeスポーツ	マスター	data/_dl_expand.tsv	1
video_c7	Aqa3k4-lU7k	3661.0	【チャレンジャー・Aブロック】ゆがるむ vs かき 30先【新おいうリーグ】#ぷよぷよ #ぷよぷよeスポーツ	チャレンジャー	data/pl_new_missing.tsv	1
video_c70	z_HaEPhxdVU		【マスター・2ブロック】:o vs ゆが 30先(解説：ライカ)【第2回新おいうリーグ】#ぷよぷよ #ぷよぷよeスポーツ	マスター	data/_dl_expand.tsv	1
video_c71	lcMK9XEFx5o		【マスター・3ブロック】light vs ぷにちゃん 30先(解説：やまたけプロ)【第2回新おいうリーグ】#ぷよぷよ #ぷよぷよeスポーツ	マスター	data/_dl_expand.tsv	1
video_c72	CoZ-kfMhF88		【マスター・1ブロック】selva vs sym 30先(解説：なしー)【第2回新おいうリーグ】#ぷよぷよ #ぷよぷよeスポーツ	マスター	data/_dl_expand.tsv	1
video_c73	HSy0Kj8HNoI		【マスター・2ブロック】3 vs MGR 30先(解説：やまたけプロ)【第2回新おいうリーグ】#ぷよぷよ #ぷよぷよeスポーツ	マスター	data/_dl_expand.tsv	1
video_c74	QCx3EPE8yEA		【マスター・1ブロック】sym vs とりぱん 30先(解説：なしー)【第2回新おいうリーグ】#ぷよぷよ #ぷよぷよeスポーツ	マスター	data/_dl_expand.tsv	1
video_c75	mkvVJmt309A		【マスター・2ブロック】MGR vs いさな 30先(解説：MASA)【第2回新おいうリーグ】#ぷよぷよ #ぷよぷよeスポーツ	マスター	data/_dl_expand.tsv	1
video_c76	H9uHCNGqBqk		【マスター・3ブロック】あん vs ぷにちゃん 30先(解説：MASA)【第2回新おいうリーグ】#ぷよぷよ #ぷよぷよeスポーツ	マスター	data/_dl_expand.tsv	1
video_c77	dWchqPaeEc4		【マスター・1ブロック】とりぱん vs レイン 30先(解説：Shiyota)【第2回新おいうリーグ】#ぷよぷよ #ぷよぷよeスポーツ	マスター	data/_dl_expand.tsv	1
video_c78	IrCNnxwWa1o		【マスター・4ブロック】reoru vs syakegohan 30先(解説：ヨダソウマ)【第2回新おいうリーグ】#ぷよぷよ #ぷよぷよeスポーツ	マスター	data/_dl_expand.tsv	1
video_c79	Hl2QlK8dAwo		【マスター・2ブロック】3 vs ゆが 30先(解説：DIO)【第2回新おいうリーグ】#ぷよぷよ #ぷよぷよeスポーツ	マスター	data/_dl_expand.tsv	1
video_c8	6C0koGRlXu0	3949.0	【チャレンジャー・Aブロック】delta vs かき 30先【新おいうリーグ】#ぷよぷよ #ぷよぷよeスポーツ	チャレンジャー	data/pl_new_missing.tsv	1
video_c80	6asLcTglLQI		【マスター・2ブロック】:o vs 3 30先(解説：やまたけプロ)【第2回新おいうリーグ】#ぷよぷよ #ぷよぷよeスポーツ	マスター	data/_dl_expand.tsv	1
video_c81	UsMva_S3LAQ		【マスター・1ブロック】とりいぬ vs レイン 30先(解説：MASA)【第2回新おいうリーグ】#ぷよぷよ #ぷよぷよeスポーツ	マスター	data/_dl_expand.tsv	1
video_c82	04Lb9BZCpP0		【S級決定戦】レイン vs ゆうき 30先(解説：クサノアニマル)【第2回新おいうリーグ】#ぷよぷよ #ぷよぷよeスポーツ	S級	data/_dl_expand.tsv	1
video_c83	UpnGj22itdA		【S級決定戦】ゆが vs レイン 30先(解説：ヨダソウマ)【第2回新おいうリーグ】#ぷよぷよ #ぷよぷよeスポーツ	S級	data/_dl_expand.tsv	1
video_c84	GDfVPnyrfwU		【S級決定戦】ゆが vs ゆうき 30先(解説：Shiyota)【第2回新おいうリーグ】#ぷよぷよ #ぷよぷよeスポーツ	S級	data/_dl_expand.tsv	1
video_c85	2t7OJrYSQgA		【A・B1級複合決勝トーナメント決勝】jig vs いつき  30先(解説：MASA)【第2回新おいうリーグ】#ぷよぷよ #ぷよぷよeスポーツ	その他大会系	data/_dl_expand.tsv	1
video_c86	L7Xy-sAFWHI		【B2・C1級複合決勝トーナメント決勝】くろy vs nuirapa  30先(解説：ぴぽにあ)【第2回新おいうリーグ】#ぷよぷよ #ぷよぷよeスポーツ	その他大会系	data/_dl_expand.tsv	1
video_c87	UE-_a6Sk2WE		【A・B1級複合決勝トーナメント準決勝】いつき vs DIO  30先(解説：さがわ)【第2回新おいうリーグ】#ぷよぷよ #ぷよぷよeスポーツ	その他大会系	data/_dl_expand.tsv	1
video_c88	GmkzmcYgOWI		【A・B1級複合決勝トーナメント準決勝】ばたし vs jig  30先(解説：ライカ)【第2回新おいうリーグ】#ぷよぷよ #ぷよぷよeスポーツ	その他大会系	data/_dl_expand.tsv	1
video_c89	tIBqoRoEgZA		【B1・B2級複合決勝トーナメント】むるむる vs 翔太  30先(解説：さがわ)【第2回新おいうリーグ】#ぷよぷよ #ぷよぷよeスポーツ	その他大会系	data/_dl_expand.tsv	1
video_c9	mtNoLwHSg1A	3609.0	【チャレンジャー・Bブロック】SAKI vs ぬえ 30先【新おいうリーグ】#ぷよぷよ #ぷよぷよeスポーツ	チャレンジャー	data/pl_new_missing.tsv	1
video_c90	V5J4OrCIVD8		【C2・D級複合決勝トーナメント決勝】akane vs ゆなさ(おいう)  20先(解説：ぴぽにあ)【第2回新おいうリーグ】#ぷよぷよ #ぷよぷよeスポーツ	その他大会系	data/_dl_expand.tsv	1
video_c91	RrKO4QJ8ueg		【B2・C1級複合決勝トーナメント決勝】nuirapa vs Mる  30先(解説：ぴぽにあ)【第2回新おいうリーグ】#ぷよぷよ #ぷよぷよeスポーツ	その他大会系	data/_dl_expand.tsv	1
video_c92	v_pziuEthRo		【C1・C2級複合決勝トーナメント決勝】くろけろ vs Ion  20先(解説：ぴぽにあ)【第2回新おいうリーグ】#ぷよぷよ #ぷよぷよeスポーツ	その他大会系	data/_dl_expand.tsv	1
video_c93	2DXvHPrIlwI		【A・B1級複合決勝トーナメント準々決勝】いつき vs ktr  30先(解説：さがわ)【第2回新おいうリーグ】#ぷよぷよ #ぷよぷよeスポーツ	その他大会系	data/_dl_expand.tsv	1
video_c94	TGPsh9xxEVs		【A・B1級複合決勝トーナメント準々決勝】edo vs jig  30先(解説：ぴぽにあ)【第2回新おいうリーグ】#ぷよぷよ #ぷよぷよeスポーツ	その他大会系	data/_dl_expand.tsv	1
video_c95	lWmBXteEbeg		【マスター進出決定トーナメント・Bブロック】3 vsにゃんきち  30先(解説：ヨダソウマ)【第2回新おいうリーグ】#ぷよぷよ #ぷよぷよeスポーツ	マスター	data/_dl_expand.tsv	1
video_c96	KmRmSHe7DPg		【第2回新おいうリーグS級リーグ最終戦】「delta vs のらすけ」「live vs ちゃるめらー」「ともくん vs ゆうき」30先 #ぷよぷよ #ぷよぷよeスポーツ #おいうリーグ	S級	data/_dl_expand2_2026-08-07.tsv	0
video_c97	qQPN_WH0rsE		【S級リーグ】ともくん vs delta 30先(解説：ヨダソウマ)【第2回新おいうリーグ】#ぷよぷよ #ぷよぷよeスポーツ #おいうリーグ	S級	data/_dl_expand2_2026-08-07.tsv	0
video_c98	11yd57NnD3k		【S級リーグ】ちゃるめらー vs ゆうき 30先(解説：ALF)【第2回新おいうリーグ】#ぷよぷよ #ぷよぷよeスポーツ #おいうリーグ	S級	data/_dl_expand2_2026-08-07.tsv	0
video_c99	AUkdmRo3cA4		【S級リーグ】のらすけ vs live 30先(解説：fron)【第2回新おいうリーグ】#ぷよぷよ #ぷよぷよeスポーツ #おいうリーグ	S級	data/_dl_expand2_2026-08-07.tsv	0
video_olRyxDGacbg				UNCONFIRMED		1
video_s1	04Lb9BZCpP0	2902.0	【S級決定戦】レイン vs ゆうき 30先(解説：クサノアニマル)【第2回新おいうリーグ】#ぷよぷよ #ぷよぷよeスポーツ	S級	scripts/_dl_tier_avc1.sh	1
video_s2	UpnGj22itdA	3047.0	【S級決定戦】ゆが vs レイン 30先(解説：ヨダソウマ)【第2回新おいうリーグ】#ぷよぷよ #ぷよぷよeスポーツ	S級	scripts/_dl_tier_avc1.sh	1
video_s3	GDfVPnyrfwU	3891.0	【S級決定戦】ゆが vs ゆうき 30先(解説：Shiyota)【第2回新おいうリーグ】#ぷよぷよ #ぷよぷよeスポーツ	S級	scripts/_dl_tier_avc1.sh	1
