t_sec,incoming,certain,dead,reason,state_safety,proof
2755.4166666666665,471,False,False,uncertain_completion,completion_prefix_unverified,"{""dead"": false, ""reason"": ""uncertain_completion""}"
2755.45,471,False,False,uncertain_completion,completion_prefix_unverified,"{""dead"": false, ""reason"": ""uncertain_completion""}"
2756.05,632,False,False,uncertain_completion,completion_prefix_unverified,"{""dead"": false, ""reason"": ""uncertain_completion""}"
2756.616666666667,632,False,False,uncertain_completion,completion_prefix_unverified,"{""dead"": false, ""reason"": ""uncertain_completion""}"
2756.75,596,False,False,uncertain_completion,completion_prefix_unverified,"{""dead"": false, ""reason"": ""uncertain_completion""}"
2757.3166666666666,596,False,False,uncertain_completion,completion_prefix_unverified,"{""dead"": false, ""reason"": ""uncertain_completion""}"
2757.383333333333,742,False,False,uncertain_completion,completion_prefix_unverified,"{""dead"": false, ""reason"": ""uncertain_completion""}"
2758.05,742,False,False,uncertain_completion,completion_prefix_unverified,"{""dead"": false, ""reason"": ""uncertain_completion""}"
2758.0833333333335,742,False,False,uncertain_completion,completion_prefix_unverified,"{""dead"": false, ""reason"": ""uncertain_completion""}"
2758.15,687,False,False,uncertain_completion,completion_prefix_unverified,"{""dead"": false, ""reason"": ""uncertain_completion""}"
2758.7166666666667,687,False,False,uncertain_completion,completion_prefix_unverified,"{""dead"": false, ""reason"": ""uncertain_completion""}"
2758.75,937,False,False,uncertain_completion,completion_prefix_unverified,"{""dead"": false, ""reason"": ""uncertain_completion""}"
2759.45,937,False,False,uncertain_completion,completion_prefix_unverified,"{""dead"": false, ""reason"": ""uncertain_completion""}"
2759.516666666667,844,False,False,uncertain_completion,completion_prefix_unverified,"{""dead"": false, ""reason"": ""uncertain_completion""}"
2759.9166666666665,844,False,False,uncertain_completion,completion_prefix_unverified,"{""dead"": false, ""reason"": ""uncertain_completion""}"
2760.116666666667,1027,False,False,uncertain_completion,completion_prefix_unverified,"{""dead"": false, ""reason"": ""uncertain_completion""}"
2760.65,1027,False,False,uncertain_completion,completion_prefix_unverified,"{""dead"": false, ""reason"": ""uncertain_completion""}"
2760.883333333333,936,False,False,uncertain_completion,completion_prefix_unverified,"{""dead"": false, ""reason"": ""uncertain_completion""}"
2761.1833333333334,936,False,False,uncertain_completion,completion_prefix_unverified,"{""dead"": false, ""reason"": ""uncertain_completion""}"
2761.9166666666665,936,False,False,uncertain_completion,completion_prefix_unverified,"{""dead"": false, ""reason"": ""uncertain_completion""}"
2761.983333333333,936,False,False,uncertain_completion,completion_prefix_unverified,"{""dead"": false, ""reason"": ""uncertain_completion""}"
2762.116666666667,936,False,False,uncertain_completion,completion_prefix_unverified,"{""dead"": false, ""reason"": ""uncertain_completion""}"
2762.2833333333333,826,False,False,uncertain_completion,completion_prefix_unverified,"{""dead"": false, ""reason"": ""uncertain_completion""}"
2762.3166666666666,826,False,False,uncertain_completion,completion_prefix_unverified,"{""dead"": false, ""reason"": ""uncertain_completion""}"
2762.35,826,False,False,uncertain_completion,completion_prefix_unverified,"{""dead"": false, ""reason"": ""uncertain_completion""}"
2762.383333333333,826,False,False,uncertain_completion,completion_prefix_unverified,"{""dead"": false, ""reason"": ""uncertain_completion""}"
2762.516666666667,826,False,False,uncertain_completion,completion_prefix_unverified,"{""dead"": false, ""reason"": ""uncertain_completion""}"
2762.75,826,False,False,uncertain_completion,completion_prefix_unverified,"{""dead"": false, ""reason"": ""uncertain_completion""}"
2763.35,826,False,False,uncertain_completion,completion_prefix_unverified,"{""dead"": false, ""reason"": ""uncertain_completion""}"
2763.45,826,False,False,uncertain_completion,completion_prefix_unverified,"{""dead"": false, ""reason"": ""uncertain_completion""}"
2763.483333333333,826,False,False,uncertain_completion,completion_prefix_unverified,"{""dead"": false, ""reason"": ""uncertain_completion""}"
2763.616666666667,664,False,False,uncertain_completion,completion_prefix_unverified,"{""dead"": false, ""reason"": ""uncertain_completion""}"
2763.75,664,False,False,uncertain_completion,completion_prefix_unverified,"{""dead"": false, ""reason"": ""uncertain_completion""}"
2763.85,664,False,False,uncertain_completion,completion_prefix_unverified,"{""dead"": false, ""reason"": ""uncertain_completion""}"
2763.95,664,False,False,uncertain_completion,completion_prefix_unverified,"{""dead"": false, ""reason"": ""uncertain_completion""}"
2763.983333333333,664,False,False,uncertain_completion,completion_prefix_unverified,"{""dead"": false, ""reason"": ""uncertain_completion""}"
2764.016666666667,664,False,False,uncertain_completion,completion_prefix_unverified,"{""dead"": false, ""reason"": ""uncertain_completion""}"
2764.05,664,False,False,uncertain_completion,completion_prefix_unverified,"{""dead"": false, ""reason"": ""uncertain_completion""}"
2764.1833333333334,664,False,False,uncertain_completion,completion_prefix_unverified,"{""dead"": false, ""reason"": ""uncertain_completion""}"
2764.45,664,False,False,uncertain_completion,completion_prefix_unverified,"{""dead"": false, ""reason"": ""uncertain_completion""}"
2764.75,664,False,False,uncertain_completion,completion_prefix_unverified,"{""dead"": false, ""reason"": ""uncertain_completion""}"
2764.85,664,False,False,uncertain_completion,completion_prefix_unverified,"{""dead"": false, ""reason"": ""uncertain_completion""}"
2764.95,518,False,False,uncertain_completion,completion_prefix_unverified,"{""dead"": false, ""reason"": ""uncertain_completion""}"
2764.983333333333,518,False,False,uncertain_completion,completion_prefix_unverified,"{""dead"": false, ""reason"": ""uncertain_completion""}"
2765.2166666666667,518,False,False,uncertain_completion,completion_prefix_unverified,"{""dead"": false, ""reason"": ""uncertain_completion""}"
2765.383333333333,518,False,False,uncertain_completion,completion_prefix_unverified,"{""dead"": false, ""reason"": ""uncertain_completion""}"
2765.55,518,False,False,uncertain_completion,completion_prefix_unverified,"{""dead"": false, ""reason"": ""uncertain_completion""}"
2765.5833333333335,518,False,False,uncertain_completion,completion_prefix_unverified,"{""dead"": false, ""reason"": ""uncertain_completion""}"
2765.616666666667,518,False,False,uncertain_completion,completion_prefix_unverified,"{""dead"": false, ""reason"": ""uncertain_completion""}"
2765.65,518,False,False,uncertain_completion,completion_prefix_unverified,"{""dead"": false, ""reason"": ""uncertain_completion""}"
2765.7833333333333,518,False,False,uncertain_completion,completion_prefix_unverified,"{""dead"": false, ""reason"": ""uncertain_completion""}"
2766.2166666666667,518,False,False,uncertain_completion,completion_prefix_unverified,"{""dead"": false, ""reason"": ""uncertain_completion""}"
2766.2833333333333,518,False,False,uncertain_completion,completion_prefix_unverified,"{""dead"": false, ""reason"": ""uncertain_completion""}"
2766.3166666666666,354,False,False,uncertain_completion,completion_prefix_unverified,"{""dead"": false, ""reason"": ""uncertain_completion""}"
2766.35,354,False,False,uncertain_completion,completion_prefix_unverified,"{""dead"": false, ""reason"": ""uncertain_completion""}"
2766.383333333333,354,False,False,uncertain_completion,completion_prefix_unverified,"{""dead"": false, ""reason"": ""uncertain_completion""}"
2766.55,354,False,False,uncertain_completion,completion_prefix_unverified,"{""dead"": false, ""reason"": ""uncertain_completion""}"
2767.15,354,False,False,uncertain_completion,completion_prefix_unverified,"{""dead"": false, ""reason"": ""uncertain_completion""}"
2767.1833333333334,354,False,False,uncertain_completion,completion_prefix_unverified,"{""dead"": false, ""reason"": ""uncertain_completion""}"
2767.35,354,False,False,uncertain_completion,completion_prefix_unverified,"{""dead"": false, ""reason"": ""uncertain_completion""}"
2767.516666666667,354,False,False,uncertain_completion,completion_prefix_unverified,"{""dead"": false, ""reason"": ""uncertain_completion""}"
2767.6833333333334,171,False,False,uncertain_completion,completion_prefix_unverified,"{""dead"": false, ""reason"": ""uncertain_completion""}"
2767.85,171,False,False,uncertain_completion,completion_prefix_unverified,"{""dead"": false, ""reason"": ""uncertain_completion""}"
2767.883333333333,171,False,False,uncertain_completion,completion_prefix_unverified,"{""dead"": false, ""reason"": ""uncertain_completion""}"
2767.9166666666665,171,False,False,uncertain_completion,completion_prefix_unverified,"{""dead"": false, ""reason"": ""uncertain_completion""}"
2767.95,171,False,False,uncertain_completion,completion_prefix_unverified,"{""dead"": false, ""reason"": ""uncertain_completion""}"
2768.05,171,False,False,uncertain_completion,completion_prefix_unverified,"{""dead"": false, ""reason"": ""uncertain_completion""}"
2768.35,171,False,False,uncertain_completion,completion_prefix_unverified,"{""dead"": false, ""reason"": ""uncertain_completion""}"
2768.65,171,False,False,uncertain_completion,completion_prefix_unverified,"{""dead"": false, ""reason"": ""uncertain_completion""}"
2768.6833333333334,171,False,False,uncertain_completion,completion_prefix_unverified,"{""dead"": false, ""reason"": ""uncertain_completion""}"
2768.7166666666667,171,False,False,uncertain_completion,completion_prefix_unverified,"{""dead"": false, ""reason"": ""uncertain_completion""}"
2768.75,171,False,False,uncertain_completion,completion_prefix_unverified,"{""dead"": false, ""reason"": ""uncertain_completion""}"
2768.883333333333,171,False,False,uncertain_completion,completion_prefix_unverified,"{""dead"": false, ""reason"": ""uncertain_completion""}"
2769.3166666666666,171,False,False,uncertain_completion,completion_prefix_unverified,"{""dead"": false, ""reason"": ""uncertain_completion""}"
2769.383333333333,171,False,False,uncertain_completion,completion_prefix_unverified,"{""dead"": false, ""reason"": ""uncertain_completion""}"
2769.7166666666667,171,False,False,uncertain_completion,completion_prefix_unverified,"{""dead"": false, ""reason"": ""uncertain_completion""}"
2769.75,171,False,False,uncertain_completion,completion_prefix_unverified,"{""dead"": false, ""reason"": ""uncertain_completion""}"
2769.7833333333333,171,False,False,uncertain_completion,completion_prefix_unverified,"{""dead"": false, ""reason"": ""uncertain_completion""}"
2769.8166666666666,171,False,False,uncertain_completion,completion_prefix_unverified,"{""dead"": false, ""reason"": ""uncertain_completion""}"
2769.95,171,False,False,uncertain_completion,completion_prefix_unverified,"{""dead"": false, ""reason"": ""uncertain_completion""}"
2770.1833333333334,171,False,False,uncertain_completion,completion_prefix_unverified,"{""dead"": false, ""reason"": ""uncertain_completion""}"
2770.35,171,False,False,uncertain_completion,completion_prefix_unverified,"{""dead"": false, ""reason"": ""uncertain_completion""}"
2770.383333333333,171,False,False,uncertain_completion,completion_prefix_unverified,"{""dead"": false, ""reason"": ""uncertain_completion""}"
2770.4166666666665,171,False,False,uncertain_completion,completion_prefix_unverified,"{""dead"": false, ""reason"": ""uncertain_completion""}"
2770.45,171,False,False,uncertain_completion,completion_prefix_unverified,"{""dead"": false, ""reason"": ""uncertain_completion""}"
2770.5833333333335,171,False,False,uncertain_completion,completion_prefix_unverified,"{""dead"": false, ""reason"": ""uncertain_completion""}"
2770.616666666667,171,True,False,board_unsettled,board_unsettled,"{""dead"": false, ""reason"": ""board_unsettled""}"
2770.65,171,True,False,board_unsettled,board_unsettled,"{""dead"": false, ""reason"": ""board_unsettled""}"
2770.6833333333334,171,True,False,board_unsettled,board_unsettled,"{""dead"": false, ""reason"": ""board_unsettled""}"
