t_sec,E22_p1_display,E26_p1_display
2755.016666666667,0.757746682948307,0.757746682948307
2755.05,0.7577467115274304,0.7577467115274304
2755.0833333333335,0.757746732961773,0.757746732961773
2755.116666666667,0.7577467490375298,0.7577467490375298
2755.15,0.7577467610943475,0.7577467610943475
2755.1833333333334,0.7577467701369607,0.7577467701369607
2755.2166666666667,0.7577467769189207,0.7577467769189207
2755.25,0.7577467820053906,0.7577467820053906
2755.2833333333333,0.757746785820243,0.757746785820243
2755.3166666666666,0.7577467886813823,0.7577467886813823
2755.35,0.7577467908272368,0.7577467908272368
2755.383333333333,0.7577467924366278,0.7577467924366278
2755.4166666666665,0.7565476110269269,0.7565476110269269
2755.45,0.7556482249696512,0.7556482249696512
2755.483333333333,0.7549736854266945,0.7549736854266945
2755.516666666667,0.754467780769477,0.754467780769477
2755.55,0.7540883522765638,0.7540883522765638
2755.5833333333335,0.7538037809068789,0.7538037809068789
2755.616666666667,0.7535903523796152,0.7535903523796152
2755.65,0.7534302809841675,0.7534302809841675
2755.6833333333334,0.7533102274375818,0.7533102274375818
2755.7166666666667,0.7532201872776425,0.7532201872776425
2755.75,0.753152657157688,0.753152657157688
2755.7833333333333,0.7531020095677221,0.7531020095677221
2755.8166666666666,0.7530640238752477,0.7530640238752477
2755.85,0.7530355346058919,0.7530355346058919
2755.883333333333,0.7530141676538751,0.7530141676538751
2755.9166666666665,0.7529981424398624,0.7529981424398624
2755.95,0.7529861235293529,0.7529861235293529
2755.983333333333,0.7529771093464708,0.7529771093464708
2756.016666666667,0.7529703487093091,0.7529703487093091
2756.05,0.7488824952333584,0.7488824952333584
2756.0833333333335,0.7458166051263952,0.7458166051263952
2756.116666666667,0.7435171875461729,0.7435171875461729
2756.15,0.7417926243610061,0.7417926243610061
2756.1833333333334,0.740499201972131,0.740499201972131
2756.2166666666667,0.7395291351804747,0.7395291351804747
2756.25,0.7388015850867324,0.7388015850867324
2756.2833333333333,0.7382559225164258,0.7382559225164258
2756.3166666666666,0.7378466755886959,0.7378466755886959
2756.35,0.7375397403928984,0.7375397403928984
2756.383333333333,0.7373095389960502,0.7373095389960502
2756.4166666666665,0.7371368879484141,0.7371368879484141
2756.45,0.7370073996626871,0.7370073996626871
2756.483333333333,0.7369102834483918,0.7369102834483918
2756.516666666667,0.7368374462876703,0.7368374462876703
2756.55,0.7367828184171292,0.7367828184171292
2756.5833333333335,0.7367418475142233,0.7367418475142233
2756.616666666667,0.7367111193370439,0.7367111193370439
2756.65,0.7366880732041594,0.7366880732041594
2756.6833333333334,0.7366707886044961,0.7366707886044961
2756.7166666666667,0.7366578251547485,0.7366578251547485
2756.75,0.7366481025674378,0.7366481025674378
2756.7833333333333,0.7366408106269549,0.7366408106269549
2756.8166666666666,0.7366353416715926,0.7366353416715926
2756.85,0.736631239955071,0.736631239955071
2756.883333333333,0.7366281636676797,0.7366281636676797
2756.9166666666665,0.7366258564521362,0.7366258564521362
2756.95,0.7366241260404787,0.7366241260404787
2756.983333333333,0.7366228282317355,0.7366228282317355
2757.016666666667,0.7366218548751782,0.7366218548751782
2757.05,0.7366211248577601,0.7366211248577601
2757.0833333333335,0.7366205773446965,0.7366205773446965
2757.116666666667,0.7366201667098988,0.7366201667098988
2757.15,0.7366198587338006,0.7366198587338006
2757.1833333333334,0.736619627751727,0.736619627751727
2757.2166666666667,0.7366194545151716,0.7366194545151716
2757.25,0.7366193245877553,0.7366193245877553
2757.2833333333333,0.736619227142193,0.736619227142193
2757.3166666666666,0.7366191540580211,0.7366191540580211
2757.35,0.7366190992448923,0.7366190992448923
2757.383333333333,0.7423434831506466,0.7423434831506466
2757.4166666666665,0.7466367710799623,0.7466367710799623
2757.45,0.7498567370269491,0.7498567370269491
2757.483333333333,0.7522717114871892,0.7522717114871892
2757.516666666667,0.7540829423323693,0.7540829423323693
2757.55,0.7554413654662543,0.7554413654662543
2757.5833333333335,0.756460182816668,0.756460182816668
2757.616666666667,0.7572242958294784,0.7572242958294784
2757.65,0.7577973805890862,0.7577973805890862
2757.6833333333334,0.758227194158792,0.758227194158792
2757.7166666666667,0.7585495543360714,0.7585495543360714
2757.75,0.7587913244690309,0.7587913244690309
2757.7833333333333,0.7589726520687505,0.7589726520687505
2757.8166666666666,0.7591086477685403,0.7591086477685403
2757.85,0.7592106445433825,0.7592106445433825
2757.883333333333,0.7592871421245142,0.7592871421245142
2757.9166666666665,0.759344515310363,0.759344515310363
2757.95,0.7593875451997496,0.7593875451997496
2757.983333333333,0.7594198176167896,0.7594198176167896
2758.016666666667,0.7594440219295695,0.7594440219295695
2758.05,0.7594621751641545,0.7594621751641545
2758.0833333333335,0.7505793856120685,0.7505793856120685
2758.116666666667,0.743917293448004,0.743917293448004
2758.15,0.7326849382404184,0.7326849382404184
2758.1833333333334,0.7242606718347291,0.7242606718347291
2758.2166666666667,0.7179424720304621,0.7179424720304621
2758.25,0.7132038221772621,0.7132038221772621
2758.2833333333333,0.7096498347873619,0.7096498347873619
2758.3166666666666,0.7069843442449368,0.7069843442449368
2758.35,0.704985226338118,0.704985226338118
2758.383333333333,0.7034858879080039,0.7034858879080039
2758.4166666666665,0.7023613840854184,0.7023613840854184
2758.45,0.7015180062184792,0.7015180062184792
2758.483333333333,0.7008854728182747,0.7008854728182747
2758.516666666667,0.7004110727681214,0.7004110727681214
2758.55,0.7000552727305065,0.7000552727305065
2758.5833333333335,0.6997884227022952,0.6997884227022952
2758.616666666667,0.6995882851811368,0.6995882851811368
2758.65,0.699438182040268,0.699438182040268
2758.6833333333334,0.6993256046846164,0.6993256046846164
2758.7166666666667,0.6992411716678777,0.6992411716678777
2758.75,0.7054136329898608,0.7054136329898608
2758.7833333333333,0.7100429789813483,0.7100429789813483
2758.8166666666666,0.7135149884749639,0.7135149884749639
2758.85,0.7161189955951754,0.7161189955951754
2758.883333333333,0.7180720009353342,0.7180720009353342
2758.9166666666665,0.7195367549404532,0.7195367549404532
2758.95,0.7206353204442926,0.7206353204442926
2758.983333333333,0.721459244572172,0.721459244572172
2759.016666666667,0.7220771876680816,0.7220771876680816
2759.05,0.7225406449900138,0.7225406449900138
2759.0833333333335,0.722888237981463,0.722888237981463
2759.116666666667,0.7231489327250498,0.7231489327250498
2759.15,0.7233444537827399,0.7233444537827399
2759.1833333333334,0.7234910945760076,0.7234910945760076
2759.2166666666667,0.7236010751709583,0.7236010751709583
2759.25,0.7236835606171713,0.7236835606171713
2759.2833333333333,0.7237454247018311,0.7237454247018311
2759.3166666666666,0.7237918227653259,0.7237918227653259
2759.35,0.7238266213129471,0.7238266213129471
2759.383333333333,0.7238527202236629,0.7238527202236629
2759.4166666666665,0.7238722944066998,0.7238722944066998
2759.45,0.7238869750439774,0.7238869750439774
2759.483333333333,0.7238979855219356,0.7238979855219356
2759.516666666667,0.7239062433804043,0.7239062433804043
2759.55,0.7239124367742559,0.7239124367742559
2759.5833333333335,0.7239170818196445,0.7239170818196445
2759.616666666667,0.723920565603686,0.723920565603686
2759.65,0.723923178441717,0.723923178441717
2759.6833333333334,0.7239251380702404,0.7239251380702404
2759.7166666666667,0.7239266077916329,0.7239266077916329
2759.75,0.7239277100826773,0.7239277100826773
2759.7833333333333,0.7239285368009606,0.7239285368009606
2759.8166666666666,0.7239291568396731,0.7239291568396731
2759.85,0.7239296218687075,0.7239296218687075
2759.883333333333,0.7239299706404831,0.7239299706404831
2759.9166666666665,0.723930232219315,0.723930232219315
2759.95,0.7239304284034388,0.7239304284034388
2759.983333333333,0.7239305755415317,0.7239305755415317
2760.016666666667,0.7239306858951013,0.7239306858951013
2760.05,0.7239307686602786,0.7239307686602786
2760.0833333333335,0.7239308307341615,0.7239308307341615
2760.116666666667,0.7239308772895737,0.7239308772895737
2760.15,0.7239309122061329,0.7239309122061329
2760.1833333333334,0.7239309383935523,0.7239309383935523
2760.2166666666667,0.7239309580341168,0.7239309580341168
2760.25,0.7239309727645402,0.7239309727645402
2760.2833333333333,0.7239309838123578,0.7239309838123578
2760.3166666666666,0.7239309920982209,0.7239309920982209
2760.35,0.7239309983126183,0.7239309983126183
2760.383333333333,0.7239310029734163,0.7239310029734163
2760.4166666666665,0.7239310064690148,0.7239310064690148
2760.45,0.7239310090907136,0.7239310090907136
2760.483333333333,0.7239310110569879,0.7239310110569879
2760.516666666667,0.7239310125316936,0.7239310125316936
2760.55,0.7239310136377228,0.7239310136377228
2760.5833333333335,0.7239310144672447,0.7239310144672447
2760.616666666667,0.7239310150893862,0.7239310150893862
2760.65,0.7239310155559923,0.7239310155559923
2760.6833333333334,0.7239310159059468,0.7239310159059468
2760.7166666666667,0.7239310161684127,0.7239310161684127
2760.75,0.7239310163652621,0.7239310163652621
2760.7833333333333,0.7239310165128992,0.7239310165128992
2760.8166666666666,0.723931016623627,0.723931016623627
2760.85,0.7239310167066728,0.7239310167066728
2760.883333333333,0.7213247259536958,0.7213247259536958
2760.9166666666665,0.719370007888963,0.719370007888963
2760.95,0.7179039693404135,0.7179039693404135
2760.983333333333,0.7168044404290013,0.7168044404290013
2761.016666666667,0.7159797937454421,0.7159797937454421
2761.05,0.7153613087327727,0.7153613087327727
2761.0833333333335,0.7148974449732707,0.7148974449732707
2761.116666666667,0.7145495471536442,0.7145495471536442
2761.15,0.7142886237889243,0.7142886237889243
2761.1833333333334,0.7140929312653844,0.7140929312653844
2761.2166666666667,0.7139461618727295,0.7139461618727295
2761.25,0.7138360848282383,0.7138360848282383
2761.2833333333333,0.7137535270448699,0.7137535270448699
2761.3166666666666,0.7136916087073436,0.7136916087073436
2761.35,0.7136451699541989,0.7136451699541989
2761.383333333333,0.7136103408893404,0.7136103408893404
2761.4166666666665,0.7135842190906965,0.7135842190906965
2761.45,0.7135646277417135,0.7135646277417135
2761.483333333333,0.7135499342299763,0.7135499342299763
2761.516666666667,0.7135389140961733,0.7135389140961733
2761.55,0.7135306489958212,0.7135306489958212
2761.5833333333335,0.7135244501705571,0.7135244501705571
2761.616666666667,0.713519801051609,0.713519801051609
2761.65,0.7135163142123979,0.7135163142123979
2761.6833333333334,0.7135136990829897,0.7135136990829897
2761.7166666666667,0.7135117377359335,0.7135117377359335
2761.75,0.7135102667256413,0.7135102667256413
2761.7833333333333,0.7135091634679221,0.7135091634679221
2761.8166666666666,0.7135083360246328,0.7135083360246328
2761.85,0.7135077154421657,0.7135077154421657
2761.883333333333,0.7135072500053155,0.7135072500053155
2761.9166666666665,0.7135069009276778,0.7135069009276778
2761.95,0.7135066391194494,0.7135066391194494
2761.983333333333,0.7135064427632782,0.7135064427632782
2762.016666666667,0.7135062954961499,0.7135062954961499
2762.05,0.7135061850458035,0.7135061850458035
2762.0833333333335,0.7135061022080439,0.7135061022080439
2762.116666666667,0.7147542540932826,0.7147542540932826
2762.15,0.7156903680072118,0.7156903680072118
2762.1833333333334,0.7163924534426586,0.7163924534426586
2762.2166666666667,0.7169190175192437,0.7169190175192437
2762.25,0.7173139405766825,0.7173139405766825
2762.2833333333333,0.7119015528108695,0.7119015528108695
2762.3166666666666,0.7097339625493304,0.7097339625493304
2762.35,0.7052054778418397,0.7052054778418397
2762.383333333333,0.7172061734980651,0.7172061734980651
2762.4166666666665,0.7262066952402342,0.7262066952402342
2762.45,0.732957086546861,0.732957086546861
2762.483333333333,0.738019880026831,0.738019880026831
2762.516666666667,0.74507127198842,0.74507127198842
2762.55,0.7503598159596118,0.7503598159596118
2762.5833333333335,0.7543262239380055,0.7543262239380055
2762.616666666667,0.7573010299218008,0.7573010299218008
2762.65,0.7595321344096473,0.7595321344096473
2762.6833333333334,0.7612054627755322,0.7612054627755322
2762.7166666666667,0.762460459049946,0.762460459049946
2762.75,0.7634017062557562,0.7634017062557562
2762.7833333333333,0.7641076416601139,0.7641076416601139
2762.8166666666666,0.7646370932133821,0.7646370932133821
2762.85,0.7650341818783333,0.7650341818783333
2762.883333333333,0.7653319983770467,0.7653319983770467
2762.9166666666665,0.7655553607510818,0.7655553607510818
2762.95,0.765722882531608,0.765722882531608
2762.983333333333,0.7658485238670028,0.7658485238670028
2763.016666666667,0.7659427548685488,0.7659427548685488
2763.05,0.7660134281197083,0.7660134281197083
2763.0833333333335,0.766066433058078,0.766066433058078
2763.116666666667,0.7661061867618553,0.7661061867618553
2763.15,0.7661360020396881,0.7661360020396881
2763.1833333333334,0.7661583634980629,0.7661583634980629
2763.2166666666667,0.7661751345918439,0.7661751345918439
2763.25,0.7661877129121797,0.7661877129121797
2763.2833333333333,0.7661971466524315,0.7661971466524315
2763.3166666666666,0.7662042219576204,0.7662042219576204
2763.35,0.7655116202578434,0.7655116202578434
2763.383333333333,0.7649921689830106,0.7649921689830106
2763.4166666666665,0.764602580526886,0.764602580526886
2763.45,0.7635275869378831,0.7635275869378831
2763.483333333333,0.762721341746131,0.762721341746131
2763.516666666667,0.762116657852317,0.762116657852317
2763.55,0.7616631449319564,0.7616631449319564
2763.5833333333335,0.7613230102416859,0.7613230102416859
2763.616666666667,0.7569790713451898,0.7569790713451898
2763.65,0.7537211171728178,0.7537211171728178
2763.6833333333334,0.7512776515435386,0.7512776515435386
2763.7166666666667,0.7494450523215793,0.7494450523215793
2763.75,0.7464759328506383,0.7464759328506383
2763.7833333333333,0.7442490932474325,0.7442490932474325
2763.8166666666666,0.7425789635450282,0.7425789635450282
2763.85,0.7390328728996967,0.7390328728996967
2763.883333333333,0.7363733049156981,0.7363733049156981
2763.9166666666665,0.7343786289276991,0.7343786289276991
2763.95,0.7314485775521922,0.7314485775521922
2763.983333333333,0.7339307850256906,0.7339307850256906
2764.016666666667,0.7295469084274622,0.7295469084274622
2764.05,0.732375093551477,0.732375093551477
2764.0833333333335,0.7344962323944881,0.7344962323944881
2764.116666666667,0.7360870865267465,0.7360870865267465
2764.15,0.7372802271259402,0.7372802271259402
2764.1833333333334,0.7356676617381116,0.7356676617381116
2764.2166666666667,0.7344582376972402,0.7344582376972402
2764.25,0.7335511696665866,0.7335511696665866
2764.2833333333333,0.7328708686435964,0.7328708686435964
2764.3166666666666,0.7323606428763538,0.7323606428763538
2764.35,0.7319779735509219,0.7319779735509219
2764.383333333333,0.7316909715568479,0.7316909715568479
2764.4166666666665,0.7314757200612925,0.7314757200612925
2764.45,0.7327494758899172,0.7327494758899172
2764.483333333333,0.7337047927613858,0.7337047927613858
2764.516666666667,0.7344212804149872,0.7344212804149872
2764.55,0.7349586461551882,0.7349586461551882
2764.5833333333335,0.7353616704603391,0.7353616704603391
2764.616666666667,0.7356639386892022,0.7356639386892022
2764.65,0.7358906398608496,0.7358906398608496
2764.6833333333334,0.7360606657395851,0.7360606657395851
2764.7166666666667,0.7361881851486367,0.7361881851486367
2764.75,0.7386154859858608,0.7386154859858608
2764.7833333333333,0.7404359616137789,0.7404359616137789
2764.8166666666666,0.7418013183347174,0.7418013183347174
2764.85,0.7341411972902903,0.7341411972902903
2764.883333333333,0.72839610650697,0.72839610650697
2764.9166666666665,0.7240872884194797,0.7240872884194797
2764.95,0.7208556748538619,0.7208556748538619
2764.983333333333,0.7196430145637593,0.7196430145637593
2765.016666666667,0.7187335193461823,0.7187335193461823
2765.05,0.7180513979329997,0.7180513979329997
2765.0833333333335,0.7175398068731127,0.7175398068731127
2765.116666666667,0.7171561135781974,0.7171561135781974
2765.15,0.7168683436070109,0.7168683436070109
2765.1833333333334,0.716652516128621,0.716652516128621
2765.2166666666667,0.7145059936414825,0.7145059936414825
2765.25,0.7128961017761286,0.7128961017761286
2765.2833333333333,0.7116886828771132,0.7116886828771132
2765.3166666666666,0.7107831187028516,0.7107831187028516
2765.35,0.7101039455721554,0.7101039455721554
2765.383333333333,0.7103053551553095,0.7103053551553095
2765.4166666666665,0.710456412342675,0.710456412342675
2765.45,0.7105697052331992,0.7105697052331992
2765.483333333333,0.7106546749010922,0.7106546749010922
2765.516666666667,0.7107184021520121,0.7107184021520121
2765.55,0.707808572571524,0.707808572571524
2765.5833333333335,0.7060458668140669,0.7060458668140669
2765.616666666667,0.7051152320375105,0.7051152320375105
2765.65,0.7066525362890009,0.7066525362890009
2765.6833333333334,0.7078055144776187,0.7078055144776187
2765.7166666666667,0.7086702481190821,0.7086702481190821
2765.75,0.7093187983501795,0.7093187983501795
2765.7833333333333,0.7097781399828536,0.7097781399828536
2765.8166666666666,0.710122646207359,0.710122646207359
2765.85,0.7103810258757381,0.7103810258757381
2765.883333333333,0.7105748106270225,0.7105748106270225
2765.9166666666665,0.7107201491904858,0.7107201491904858
2765.95,0.7108291531130831,0.7108291531130831
2765.983333333333,0.7109109060550313,0.7109109060550313
2766.016666666667,0.7109722207614924,0.7109722207614924
2766.05,0.7110182067913381,0.7110182067913381
2766.0833333333335,0.7110526963137225,0.7110526963137225
2766.116666666667,0.7110785634555107,0.7110785634555107
2766.15,0.7110979638118519,0.7110979638118519
2766.1833333333334,0.7111125140791078,0.7111125140791078
2766.2166666666667,0.707290455675275,0.707290455675275
2766.25,0.7044239118724005,0.7044239118724005
2766.2833333333333,0.7009194008236982,0.7009194008236982
2766.3166666666666,0.7003348905957669,0.7003348905957669
2766.35,0.7038102023930659,0.7038102023930659
2766.383333333333,0.7023090407583119,0.7023090407583119
2766.4166666666665,0.7011831695322464,0.7011831695322464
2766.45,0.7003387661126972,0.7003387661126972
2766.483333333333,0.6997054635480353,0.6997054635480353
2766.516666666667,0.6992304866245389,0.6992304866245389
2766.55,0.6973110014344849,0.6973110014344849
2766.5833333333335,0.6958713875419443,0.6958713875419443
2766.616666666667,0.694791677122539,0.694791677122539
2766.65,0.693981894307985,0.693981894307985
2766.6833333333334,0.6933745571970694,0.6933745571970694
2766.7166666666667,0.6929190543638828,0.6929190543638828
2766.75,0.6925774272389927,0.6925774272389927
2766.7833333333333,0.6923212068953253,0.6923212068953253
2766.8166666666666,0.6921290416375746,0.6921290416375746
2766.85,0.6919849176942616,0.6919849176942616
2766.883333333333,0.6918768247367769,0.6918768247367769
2766.9166666666665,0.6917957550186634,0.6917957550186634
2766.95,0.6917349527300782,0.6917349527300782
2766.983333333333,0.6916893510136394,0.6916893510136394
2767.016666666667,0.6916551497263103,0.6916551497263103
2767.05,0.6916294987608134,0.6916294987608134
2767.0833333333335,0.6916102605366907,0.6916102605366907
2767.116666666667,0.6915958318685987,0.6915958318685987
2767.15,0.6899638412429521,0.6899638412429521
2767.1833333333334,0.6921928759016827,0.6921928759016827
2767.2166666666667,0.6938646518957308,0.6938646518957308
2767.25,0.6951184838912667,0.6951184838912667
2767.2833333333333,0.6960588578879188,0.6960588578879188
2767.3166666666666,0.6967641383854077,0.6967641383854077
2767.35,0.6968195074429253,0.6968195074429253
2767.383333333333,0.6968610342360635,0.6968610342360635
2767.4166666666665,0.6968921793309172,0.6968921793309172
2767.45,0.6969155381520574,0.6969155381520574
2767.483333333333,0.6969330572679127,0.6969330572679127
2767.516666666667,0.6887667430573874,0.6887667430573874
2767.55,0.6826420073994934,0.6826420073994934
2767.5833333333335,0.678048455656073,0.678048455656073
2767.616666666667,0.6746032918485076,0.6746032918485076
2767.65,0.6720194189928337,0.6720194189928337
2767.6833333333334,0.6685974485463728,0.6685974485463728
2767.7166666666667,0.6660309707115273,0.6660309707115273
2767.75,0.6641061123353931,0.6641061123353931
2767.7833333333333,0.6626624685532925,0.6626624685532925
2767.8166666666666,0.661579735716717,0.661579735716717
2767.85,0.6638660228549728,0.6638660228549728
2767.883333333333,0.6683991544642783,0.6683991544642783
2767.9166666666665,0.6660865436472482,0.6660865436472482
2767.95,0.6642215241253936,0.6642215241253936
2767.983333333333,0.6628227594840026,0.6628227594840026
2768.016666666667,0.6617736860029594,0.6617736860029594
2768.05,0.6556777534068118,0.6556777534068118
2768.0833333333335,0.6511058039597011,0.6511058039597011
2768.116666666667,0.647676841874368,0.647676841874368
2768.15,0.6451051203103683,0.6451051203103683
2768.1833333333334,0.6431763291373684,0.6431763291373684
2768.2166666666667,0.6417297357576186,0.6417297357576186
2768.25,0.6406447907228062,0.6406447907228062
2768.2833333333333,0.6398310819466969,0.6398310819466969
2768.3166666666666,0.6392208003646149,0.6392208003646149
2768.35,0.6403014033996823,0.6403014033996823
2768.383333333333,0.6411118556759828,0.6411118556759828
2768.4166666666665,0.6417196948832082,0.6417196948832082
2768.45,0.6421755742886273,0.6421755742886273
2768.483333333333,0.6425174838426916,0.6425174838426916
2768.516666666667,0.6427739160082399,0.6427739160082399
2768.55,0.642966240132401,0.642966240132401
2768.5833333333335,0.6431104832255219,0.6431104832255219
2768.616666666667,0.6432186655453626,0.6432186655453626
2768.65,0.6482510280530314,0.6482510280530314
2768.6833333333334,0.6546411408974375,0.6546411408974375
2768.7166666666667,0.6565853247338331,0.6565853247338331
2768.75,0.6599214873800094,0.6599214873800094
2768.7833333333333,0.6624236093646416,0.6624236093646416
2768.8166666666666,0.6643002008531158,0.6643002008531158
2768.85,0.6657076444694714,0.6657076444694714
2768.883333333333,0.6505030401753708,0.6505030401753708
2768.9166666666665,0.6390995869547953,0.6390995869547953
2768.95,0.6305469970393637,0.6305469970393637
2768.983333333333,0.6241325546027899,0.6241325546027899
2769.016666666667,0.6193217227753597,0.6193217227753597
2769.05,0.6157135989047869,0.6157135989047869
2769.0833333333335,0.6130075060018574,0.6130075060018574
2769.116666666667,0.6109779363246602,0.6109779363246602
2769.15,0.6094557590667624,0.6094557590667624
2769.1833333333334,0.608314126123339,0.608314126123339
2769.2166666666667,0.6074579014157715,0.6074579014157715
2769.25,0.6068157328850958,0.6068157328850958
2769.2833333333333,0.6063341064870891,0.6063341064870891
2769.3166666666666,0.604011981950926,0.604011981950926
2769.35,0.6022703885488037,0.6022703885488037
2769.383333333333,0.6033137501499282,0.6033137501499282
2769.4166666666665,0.6040962713507716,0.6040962713507716
2769.45,0.6046831622514042,0.6046831622514042
2769.483333333333,0.6051233304268786,0.6051233304268786
2769.516666666667,0.6054534565584844,0.6054534565584844
2769.55,0.6057010511571888,0.6057010511571888
2769.5833333333335,0.605886747106217,0.605886747106217
2769.616666666667,0.6060260190679883,0.6060260190679883
2769.65,0.6061304730393167,0.6061304730393167
2769.6833333333334,0.606208813517813,0.606208813517813
2769.7166666666667,0.6102835912602759,0.6102835912602759
2769.75,0.6143498997446686,0.6143498997446686
2769.7833333333333,0.6148248561532204,0.6148248561532204
2769.8166666666666,0.6087196307197439,0.6087196307197439
2769.85,0.6041407116446366,0.6041407116446366
2769.883333333333,0.600706522338306,0.600706522338306
2769.9166666666665,0.5981308803585581,0.5981308803585581
2769.95,0.6014556882949627,0.6014556882949627
2769.983333333333,0.6039492942472662,0.6039492942472662
2770.016666666667,0.6058194987114938,0.6058194987114938
2770.05,0.6072221520596645,0.6072221520596645
2770.0833333333335,0.6082741420707924,0.6082741420707924
2770.116666666667,0.6090631345791384,0.6090631345791384
2770.15,0.6096548789603979,0.6096548789603979
2770.1833333333334,0.6423087685712031,0.6423087685712031
2770.2166666666667,0.6667991857793071,0.6667991857793071
2770.25,0.685166998685385,0.685166998685385
2770.2833333333333,0.6989428583649435,0.6989428583649435
2770.3166666666666,0.7092747531246124,0.7092747531246124
2770.35,0.6950228837226893,0.6950228837226893
2770.383333333333,0.6968134066619907,0.6968134066619907
2770.4166666666665,0.7508186921982305,0.7508186921982305
2770.45,0.7900612333438198,0.7900612333438198
2770.483333333333,0.8194931392030118,0.8194931392030118
2770.516666666667,0.8415670685974058,0.8415670685974058
2770.55,0.8581225156432013,0.8581225156432013
2770.5833333333335,0.8628631046988853,0.8628631046988853
2770.616666666667,0.87599069792583,0.87599069792583
2770.65,0.8820853308983836,0.8820853308983836
2770.6833333333334,0.8880405615550354,0.8880405615550354
2770.7166666666667,0.8908488899033189,0.8908488899033189
2770.75,0.8929551361645314,0.8929551361645314
2770.7833333333333,0.8945348208604409,0.8945348208604409
2770.8166666666666,0.8976066752576816,0.8976066752576816
2770.85,0.9046170121662839,0.9046170121662839
2770.883333333333,0.9098747648477356,0.9098747648477356
2770.9166666666665,0.9138180793588243,0.9138180793588243
2770.95,0.9167755652421409,0.9167755652421409
2770.983333333333,0.9189936796546283,0.9189936796546283
2771.016666666667,0.920657265463994,0.920657265463994
2771.05,0.9219049548210181,0.9219049548210181
2771.0833333333335,0.9228407218387862,0.9228407218387862
2771.116666666667,0.9235425471021124,0.9235425471021124
2771.15,0.9324546554513933,0.9324546554513933
2771.1833333333334,0.9400284453487883,0.9400284453487883
2771.2166666666667,0.9467068854444549,0.9467068854444549
2771.25,0.9506891768612202,0.9506891768612202
2771.2833333333333,0.9536758954237942,0.9536758954237942
2771.3166666666666,0.9559159343457246,0.9559159343457246
2771.35,0.9575959635371726,0.9575959635371726
2771.383333333333,0.9588559854307585,0.9588559854307585
2771.4166666666665,0.9598010018509479,0.9598010018509479
2771.45,0.9605097641660899,0.9605097641660899
2771.483333333333,0.9610413359024464,0.9610413359024464
2771.516666666667,0.9614400147047139,0.9614400147047139
2771.55,0.9617390238064144,0.9617390238064144
2771.5833333333335,0.9619632806326899,0.9619632806326899
2771.616666666667,0.9621314732523965,0.9621314732523965
2771.65,0.9622576177171763,0.9622576177171763
2771.6833333333334,0.9623522260657613,0.9623522260657613
2771.7166666666667,0.9624231823272,0.9624231823272
2771.75,0.9621515255815092,0.9621515255815092
2771.7833333333333,0.9619477830222409,0.9619477830222409
2771.8166666666666,0.9617949761027897,0.9617949761027897
2771.85,0.9616803709132014,0.9616803709132014
2771.883333333333,0.9623216214398183,0.9623216214398183
2771.9166666666665,0.962802559334781,0.962802559334781
2771.95,0.963163262756003,0.963163262756003
2771.983333333333,0.9634337903219194,0.9634337903219194
