accounting_applied_delta,accounting_at_placement,accounting_delta,accounting_off,accounting_on,first_frame,first_placement,frames,game,overlay_applied_delta,overlay_delta,overlay_off,overlay_on,source
,,,,,0.0,,5194,0,0.0,,0.06666666666666667,0.06666666666666667,fcXG83vInDY
0.0,,,173.13333333333333,173.13333333333333,173.13333333333333,,2063,1,0.0,,173.4,173.4,fcXG83vInDY
3.8333333333333144,244.96666666666667,3.8333333333333144,241.9,245.73333333333332,241.9,245.73333333333332,2161,2,3.8333333333333144,3.8333333333333144,241.9,245.73333333333332,fcXG83vInDY
3.2666666666666515,316.46666666666664,3.2666666666666515,313.93333333333334,317.2,313.93333333333334,317.2,1858,3,3.2666666666666515,3.2666666666666515,313.93333333333334,317.2,fcXG83vInDY
0.0,,,382.23333333333335,382.23333333333335,375.8666666666667,,2034,4,0.0,,382.23333333333335,382.23333333333335,fcXG83vInDY
0.0,,,448.3333333333333,448.3333333333333,443.6666666666667,,2959,5,0.0,,448.3333333333333,448.3333333333333,fcXG83vInDY
0.0,,,547.2333333333333,547.2333333333333,542.3,,2751,6,0.0,,547.2333333333333,547.2333333333333,fcXG83vInDY
0.0,,,634.0,634.0,634.0,,1409,7,0.0,,634.0,634.0,fcXG83vInDY
0.0,,,686.4666666666667,686.4666666666667,680.9666666666667,,1631,8,0.0,,686.4666666666667,686.4666666666667,fcXG83vInDY
0.0,,,740.7666666666667,740.7666666666667,735.3333333333334,,1074,9,0.0,,740.7666666666667,740.7666666666667,fcXG83vInDY
0.0,,,775.8,775.8,771.1333333333333,,1763,10,0.0,,775.8,775.8,fcXG83vInDY
0.0,,,829.9,829.9,829.9,,1595,11,0.0,,829.9,829.9,fcXG83vInDY
0.0,,,889.6,889.6,883.0666666666667,,508,12,0.0,,889.6,889.6,fcXG83vInDY
,,,,,0.0,,3924,0,0.0,,0.06666666666666667,0.06666666666666667,mia8KCjr52g
0.0,,,130.8,130.8,130.8,,1547,1,0.0,,130.93333333333334,130.93333333333334,mia8KCjr52g
0.0,,,187.2,187.2,182.36666666666667,,1721,2,0.0,,187.2,187.2,mia8KCjr52g
3.200000000000017,239.86666666666667,3.200000000000017,239.73333333333332,242.93333333333334,239.73333333333332,242.93333333333334,2983,3,3.200000000000017,3.200000000000017,239.73333333333332,242.93333333333334,mia8KCjr52g
3.1333333333333258,339.3,3.1333333333333258,339.1666666666667,342.3,339.1666666666667,342.3,2594,4,3.0,3.0,339.3,342.3,mia8KCjr52g
0.0,,,430.3,430.3,425.6333333333333,,4497,5,0.0,,430.3,430.3,mia8KCjr52g
0.0,,,580.3333333333334,580.3333333333334,575.5333333333333,,1301,6,0.0,,580.3333333333334,580.3333333333334,mia8KCjr52g
0.0,,,623.8333333333334,623.8333333333334,618.9,,2665,7,0.0,,623.8333333333334,623.8333333333334,mia8KCjr52g
3.1333333333333258,707.8666666666667,3.1333333333333258,707.7333333333333,710.8666666666667,707.7333333333333,710.8666666666667,989,8,3.1333333333333258,3.1333333333333258,707.7333333333333,710.8666666666667,mia8KCjr52g
3.1333333333333258,740.8333333333334,3.1333333333333258,740.7,743.8333333333334,740.7,743.8333333333334,1805,9,3.0,3.0,740.8333333333334,743.8333333333334,mia8KCjr52g
3.1333333333333258,801.0,3.1333333333333258,800.8666666666667,804.0,800.8666666666667,804.0,1960,10,3.1333333333333258,3.1333333333333258,800.8666666666667,804.0,mia8KCjr52g
0.0,,,871.1,871.1,866.2,,1014,11,0.0,,871.1,871.1,mia8KCjr52g
,,,,,0.0,,4013,0,0.0,,0.06666666666666667,0.06666666666666667,q_7gc4TgFig
0.0,,,133.76666666666668,133.76666666666668,133.76666666666668,,1393,1,0.0,,134.1,134.1,q_7gc4TgFig
3.333333333333343,182.8,3.333333333333343,180.2,183.53333333333333,180.2,183.53333333333333,1812,2,3.333333333333343,3.333333333333343,180.2,183.53333333333333,q_7gc4TgFig
3.200000000000017,243.2,3.200000000000017,240.6,243.8,240.6,243.8,1231,3,0.6000000000000227,0.6000000000000227,243.2,243.8,q_7gc4TgFig
0.0,,,281.6333333333333,281.6333333333333,281.6333333333333,,2064,4,0.0,,281.96666666666664,281.96666666666664,q_7gc4TgFig
0.0,,,356.8,356.8,350.43333333333334,,1553,5,0.0,,356.8,356.8,q_7gc4TgFig
0.0,,,407.0,407.0,402.2,,1396,6,0.0,,407.0,407.0,q_7gc4TgFig
3.2333333333332916,451.3333333333333,3.2333333333332916,448.73333333333335,451.96666666666664,448.73333333333335,451.96666666666664,2147,7,3.2333333333332916,3.2333333333332916,448.73333333333335,451.96666666666664,q_7gc4TgFig
0.0,,,520.3,520.3,520.3,,2087,8,0.0,,520.3,520.3,q_7gc4TgFig
0.0,,,595.3,595.3,589.8666666666667,,2330,9,0.0,,595.3,595.3,q_7gc4TgFig
0.0,,,667.5333333333333,667.5333333333333,667.5333333333333,,965,10,0.0,,667.5333333333333,667.5333333333333,q_7gc4TgFig
0.0,,,699.7,699.7,699.7,,1527,11,0.0,,699.7,699.7,q_7gc4TgFig
3.1333333333333258,753.1666666666666,3.1333333333333258,750.6,753.7333333333333,750.6,753.7333333333333,1269,12,3.1333333333333258,3.1333333333333258,750.6,753.7333333333333,q_7gc4TgFig
0.0,,,797.7333333333333,797.7333333333333,792.9,,1947,13,0.0,,797.7333333333333,797.7333333333333,q_7gc4TgFig
0.0,,,857.8,857.8,857.8,,1266,14,0.0,,857.8,857.8,q_7gc4TgFig
0.0,,,2549.116666666667,2549.116666666667,2549.05,,901,0,0.0,,2549.116666666667,2549.116666666667,review
0.0,,,2579.0833333333335,2579.0833333333335,2579.0833333333335,,1748,1,0.0,,2579.0833333333335,2579.0833333333335,review
2.766666666666879,2637.483333333333,2.766666666666879,2637.35,2640.116666666667,2637.35,2640.116666666667,1917,2,2.766666666666879,2.766666666666879,2637.35,2640.116666666667,review
0.0,,,2701.25,2701.25,2701.25,,2282,3,0.0,,2701.25,2701.25,review
0.0,,,2550.616666666667,2550.616666666667,2550.55,,856,0,0.0,,2550.616666666667,2550.616666666667,zenchi
0.0,,,2579.0833333333335,2579.0833333333335,2579.0833333333335,,1748,1,0.0,,2579.0833333333335,2579.0833333333335,zenchi
2.766666666666879,2637.483333333333,2.766666666666879,2637.35,2640.116666666667,2637.35,2640.116666666667,1917,2,2.766666666666879,2.766666666666879,2637.35,2640.116666666667,zenchi
0.0,,,2701.25,2701.25,2701.25,,2283,3,0.0,,2701.25,2701.25,zenchi
0.0,,,2777.35,2777.35,2777.35,,1048,4,0.0,,2777.35,2777.35,zenchi
0.0,,,2812.2833333333333,2812.2833333333333,2812.2833333333333,,1612,5,0.0,,2812.2833333333333,2812.2833333333333,zenchi
0.0,,,2866.016666666667,2866.016666666667,2866.016666666667,,963,6,0.0,,2866.016666666667,2866.016666666667,zenchi
0.0,,,2898.116666666667,2898.116666666667,2898.116666666667,,1511,7,0.0,,2898.116666666667,2898.116666666667,zenchi
0.0,,,2948.483333333333,2948.483333333333,2948.483333333333,,1058,8,0.0,,2948.483333333333,2948.483333333333,zenchi
0.0,,,2983.75,2983.75,2983.75,,1103,9,0.0,,2983.75,2983.75,zenchi
2.799999999999727,3020.65,2.799999999999727,3020.516666666667,3023.3166666666666,3020.516666666667,3023.3166666666666,935,10,2.666666666666515,2.666666666666515,3020.65,3023.3166666666666,zenchi
0.0,,,3051.6833333333334,3051.6833333333334,3051.6833333333334,,1991,11,0.0,,3051.6833333333334,3051.6833333333334,zenchi
0.0,,,3118.05,3118.05,3118.05,,1583,12,0.0,,3118.05,3118.05,zenchi
0.0,,,3170.8166666666666,3170.8166666666666,3170.8166666666666,,1902,13,0.0,,3170.8166666666666,3170.8166666666666,zenchi
0.0,,,3234.2166666666667,3234.2166666666667,3234.2166666666667,,1162,14,0.0,,3234.2166666666667,3234.2166666666667,zenchi
0.0,,,3272.95,3272.95,3272.95,,1588,15,0.0,,3272.95,3272.95,zenchi
2.733333333333576,3326.016666666667,2.733333333333576,3325.883333333333,3328.616666666667,3325.883333333333,3328.616666666667,909,16,2.599999999999909,2.599999999999909,3326.016666666667,3328.616666666667,zenchi
0.0,,,3356.1833333333334,3356.1833333333334,3356.1833333333334,,1680,17,0.0,,3356.1833333333334,3356.1833333333334,zenchi
0.0,,,3412.1833333333334,3412.1833333333334,3412.1833333333334,,449,18,0.0,,3412.1833333333334,3412.1833333333334,zenchi
